k,termino_racionalizado,termino_sustractivo,diferencia_absoluta,error_relativo
1,0.4142135623730951,0.41421356237309515,5.551115123125783e-17,1.3401577416544657e-16
2,0.2360679774997897,0.2360679774997898,1.1102230246251565e-16,4.702980202497586e-16
3,0.16227766016837933,0.16227766016837952,1.942890293094024e-16,1.1972629449291298e-15
4,0.12310562561766053,0.12310562561766059,5.551115123125783e-17,4.509229448511432e-16
5,0.09901951359278484,0.09901951359278449,3.469446951953614e-16,3.5038012469154557e-15
6,0.0827625302982197,0.08276253029821934,3.608224830031759e-16,4.3597323777199395e-15
7,0.07106781186547524,0.0710678118654755,2.636779683484747e-16,3.710230573126306e-15
8,0.06225774829854965,0.06225774829854913,5.204170427930421e-16,8.359072677949159e-15
9,0.05538513813741663,0.0553851381374173,6.730727086790012e-16,1.2152586981168732e-14
10,0.04987562112089027,0.049875621120889946,3.2612801348363973e-16,6.538826106910213e-15
11,0.04536101718726077,0.045361017187261155,3.8163916471489756e-16,8.413373164437711e-15
12,0.04159457879229548,0.04159457879229578,2.983724378680108e-16,7.17334918470861e-15
13,0.03840481040529743,0.038404810405298306,8.743006318923108e-16,2.2765393779205134e-14
14,0.035668847618199634,0.035668847618198996,6.38378239159465e-16,1.789736091260037e-14
15,0.03329637837290827,0.03329637837290811,1.5959455978986625e-16,4.793150714545009e-15
16,0.031219541881397365,0.031219541881398527,1.1622647289044608e-15,3.722875669732405e-14
17,0.02938636592640117,0.029386365926402647,1.4779844015322396e-15,5.029490224255308e-14
18,0.027756377319946467,0.02775637731994607,3.9898639947466563e-16,1.4374584798137308e-14
19,0.026297590440448063,0.026297590440446328,1.734723475976807e-15,6.596511113461735e-14
20,0.024984394500785725,0.024984394500787488,1.762479051592436e-15,7.05431965356218e-14
21,0.023796041628638284,0.02379604162863913,8.465450562766819e-16,3.557503678502032e-14
22,0.022715545545240502,0.022715545545239024,1.4779844015322396e-15,6.50648868894067e-14
23,0.021728866442676444,0.021728866442675354,1.0894063429134349e-15,5.013636333894497e-14
24,0.020824298928627732,0.020824298928626916,8.153200337090993e-16,3.915234008614123e-14
25,0.01999200639360716,0.019992006393607653,4.926614671774132e-16,2.4642922650072353e-14
26,0.019223662515374905,0.019223662515376105,1.2004286453759505e-15,6.244536619470192e-14
27,0.01851217221259206,0.01851217221259205,1.0408340855860843e-17,5.622430872148566e-16
28,0.017851452243799772,0.017851452243800026,2.5326962749261384e-16,1.4187620370246366e-14
29,0.01723625709381717,0.01723625709381693,2.393918396847994e-16,1.3888852921013332e-14
30,0.016662039607268763,0.016662039607268753,1.0408340855860843e-17,6.246738755392369e-16
31,0.016124838541645255,0.01612483854164637,1.1136924715771102e-15,6.906689134907006e-14
32,0.015621187164243433,0.015621187164242656,7.771561172376096e-16,4.975013160437022e-14
33,0.015148038438355608,0.01514803843835466,9.471590178833367e-16,6.252684278151035e-14
34,0.01470270338989748,0.014702703389900762,3.282096816548119e-15,2.2323083922126274e-13
35,0.014282800023192821,0.014282800023195819,2.9976021664879227e-15,2.0987496580644763e-13
36,0.013886210738212973,0.013886210738213833,8.604228440844963e-16,6.196239278702066e-14
37,0.01351104664349456,0.013511046643493785,7.754213937616328e-16,5.739165989298029e-14
38,0.013155617496424838,0.013155617496423133,1.7052331768852014e-15,1.2962015483869262e-13
39,0.012818406262319157,0.012818406262319115,4.163336342344337e-17,3.247936020395011e-15
40,0.012498047485113248,0.012498047485109964,3.283831540024096e-15,2.62747564684448e-13
41,0.012193308819756417,0.012193308819753668,2.7495367094232392e-15,2.2549553612291485e-13
42,0.01190307520000932,0.011903075200009994,6.730727086790012e-16,5.6546119164102576e-14
43,0.011626335213133858,0.01162633521313694,3.0826036168107862e-15,2.651397504287059e-13
44,0.011362169330773851,0.011362169330773497,3.5388358909926865e-16,3.114577672599837e-14
45,0.011109739707595883,0.01110973970759943,3.5475095083725705e-15,3.193152676607796e-13
46,0.010868281309362831,0.010868281309363681,8.500145032286355e-16,7.82105724937726e-14
47,0.010637094172633643,0.010637094172636807,3.164135620181696e-15,2.974624055056463e-13
48,0.010415536631215456,0.010415536631214195,1.2611439670351388e-15,1.210829563265592e-13
49,0.010203019371384767,0.010203019371381572,3.1953606427492787e-15,3.1317794531596585e-13
50,0.009999000199950016,0.009999000199947261,2.7547408798511697e-15,2.7550163263972535e-13
51,0.00980297942739555,0.009802979427398384,2.8345381597461028e-15,2.8915067921336867e-13
52,0.009614495783373379,0.009614495783374366,9.870576578308032e-16,1.0266348647609271e-13
53,0.0094331227942863,0.009433122794284543,1.7572748811645056e-15,1.8628771399317495e-13
54,0.00925846556310571,0.009258465563107166,1.4554329963445412e-15,1.5720023868148653e-13
55,0.009090157900266802,0.00909015790026757,7.684824998577255e-16,8.454006061161711e-14
56,0.008927859761786373,0.008927859761783452,2.921274333544943e-15,3.2720880608460926e-13
57,0.008771254956898957,0.008771254956897678,1.2784912017949068e-15,1.4575921097691048e-13
58,0.008620049092703787,0.008620049092705528,1.7416623698807143e-15,2.0204784812129416e-13
59,0.008473967727719911,0.008473967727717024,2.886579864025407e-15,3.406408847396093e-13
60,0.008332754709991194,0.008332754709989842,1.3513495877859327e-15,1.6217321099895438e-13
61,0.008196170678575473,0.008196170678573367,2.105954299835844e-15,2.5694368534085567e-13
62,0.008063991709981464,0.008063991709981622,1.5785983631388945e-16,1.957589268333366e-14
63,0.00793600809345667,0.00793600809345918,2.508410146262463e-15,3.1607958519229283e-13
64,0.007812023221040577,0.007812023221035247,5.32993787993874e-15,6.822736862306436e-13
65,0.007691852580029901,0.007691852580023806,6.094950932844512e-15,7.923905027338445e-13
66,0.007575322836999358,0.007575322836999021,3.365363543395006e-16,4.4425348144344586e-14
67,0.007462271003816907,0.007462271003817023,1.1535911115245767e-16,1.5458981735379507e-14
68,0.007352543677216726,0.007352543677214385,2.341009330830701e-15,3.18394481366329e-13
69,0.00724599634447084,0.007245996344465766,5.074066167232161e-15,7.002578977429375e-13
70,0.007142492748552406,0.007142492748556606,4.19976553533985e-15,5.879971717424608e-13
71,0.007041904306927691,0.007041904306930746,3.0557154029331457e-15,4.3393310527196336e-13
72,0.006944109578764987,0.006944109578768121,3.133777959352102e-15,4.5128578744424794e-13
73,0.006848993775919571,0.0068489937759181885,1.3825746103535153e-15,2.0186536235651428e-13
74,0.006756448313555313,0.00675644831355271,2.602952575703199e-15,3.852545679186138e-13
75,0.0066663703967048925,0.006666370396700927,3.965577866082981e-15,5.948631159233395e-13
76,0.006578662639459712,0.0065786626394555014,4.210173876195711e-15,6.39974126495333e-13
77,0.006493232713824184,0.0064932327138222945,1.889113865338743e-15,2.909358017181169e-13
78,0.006409993025573155,0.0064099930255707704,2.3843774177301214e-15,3.719781610085169e-13
79,0.006328860414720576,0.006328860414726023,5.447031714567174e-15,8.606654844050096e-13
80,0.006249755878446624,0.0062497558784428975,3.726186026398182e-15,5.962130519767317e-13
81,0.0061726043145430625,0.006172604314542696,3.668940151690947e-16,5.943909514897435e-14
82,0.006097334283625816,0.006097334283623468,2.3479482247346084e-15,3.850778250816826e-13
83,0.006023877788532462,0.0060238777885359696,3.507610868425104e-15,5.822845335777684e-13
84,0.005952170069473001,0.005952170069477347,4.34634966905989e-15,7.302126146144731e-13
85,0.005882149413636915,0.005882149413636739,1.7607443281164592e-16,2.9933689274101526e-14
86,0.005813756978080231,0.005813756978085394,5.162537064506978e-15,8.879863888310836e-13
87,0.0057469366248243114,0.005746936624831278,6.966649479522857e-15,1.2122370463300234e-12
88,0.0056816347671952965,0.005681634767199739,4.442626821976603e-15,7.819275620508915e-13
89,0.005617800226520309,0.0056178002265170335,3.2751579226442118e-15,5.829965094135894e-13
90,0.005555384098375108,0.005555384098371974,3.1346453210900904e-15,5.642535719549871e-13
91,0.00549433962764866,0.005494339627645672,2.987193825632062e-15,5.436856889224469e-13
92,0.005434622091753913,0.005434622091755159,1.2463988174893359e-15,2.2934415612458645e-13
93,0.0053761886913718,0.005376188691371908,1.0842021724855044e-16,2.0166743295776272e-14
94,0.005318998448167598,0.005318998448160528,7.069865526343477e-15,1.3291723235563372e-12
95,0.005263012108966005,0.005263012108969178,3.1736765992995686e-15,6.030152569652901e-13
96,0.005208192055914107,0.005208192055917493,3.3861802251067274e-15,6.501642390974401e-13
97,0.005154502222200213,0.005154502222197266,2.9472951856845953e-15,5.717904578623955e-13
98,0.005101908012931773,0.005101908012932199,4.2587461335230614e-16,8.347359699015437e-14
99,0.005050376230807713,0.005050376230812503,4.790438878909953e-15,9.4853109154282e-13
100,0.004999875006249609,0.004999875006248544,1.0651202142497596e-15,2.130293683178898e-13
101,0.004950373731682756,0.0049503737316882734,5.517288015344235e-15,1.1145194917371966e-12
102,0.004901842999682385,0.004901842999686323,3.9386896522053405e-15,8.035119958881891e-13
103,0.004854254544722403,0.004854254544724768,2.364428097756388e-15,4.870836656736551e-13
104,0.0048075811882842216,0.004807581188288168,3.946495907847236e-15,8.208901219317113e-13
105,0.004761796787101706,0.004761796787107642,5.9353563730546455e-15,1.2464531013023831e-12
106,0.0047168761843351965,0.004716876184332364,2.832803436270126e-15,6.005676904723302e-13
107,0.0046727951634829915,0.0046727951634863985,3.406996906818449e-15,7.291132582578162e-13
108,0.004629530404852919,0.004629530404855586,2.667137344314341e-15,5.761140139653271e-13
109,0.004587059444429603,0.004587059444432384,2.78162909372881e-15,6.064079019308859e-13
110,0.004545360634984991,0.004545360634978124,6.866902879654191e-15,1.5107498460739554e-12
111,0.0045044131092907246,0.0045044131092879525,2.7720881146109377e-15,6.154160480736717e-13
112,0.004464196745300979,0.004464196745303184,2.204833537966522e-15,4.93892555315205e-13
113,0.004424692133183746,0.004424692133184749,1.0026701691145945e-15,2.266078947267078e-13
114,0.004385880544087075,0.004385880544091947,4.871970882280863e-15,1.1108307290423406e-12
115,0.004347743900534675,0.004347743900538603,3.92828131134948e-15,9.035217807714915e-13
116,0.0043102647483525824,0.004310264748355053,2.4702462297909733e-15,5.731077727267499e-13
117,0.004273426230035284,0.004273426230028576,6.707308319864325e-15,1.569538810035559e-12
118,0.004237212059465945,0.004237212059464923,1.0217521273503394e-15,2.411378314351159e-13
119,0.004201606497911078,0.004201606497915122,4.044507784239926e-15,9.626098460792897e-13
120,0.0041665943312153295,0.004166594331209694,5.635249211710658e-15,1.3524832906079785e-12
121,0.004132160848126964,0.004132160848129729,2.7651492207070305e-15,6.691775374524504e-13
122,0.004098291819689183,0.004098291819687461,1.7225804116449694e-15,4.203166800785823e-13
123,0.004064973479636625,0.004064973479643186,6.5607241861442844e-15,1.613964818961318e-12
124,0.0040321925057403086,0.004032192505746934,6.625776316493415e-15,1.6432192428959751e-12
125,0.003999936002047918,0.003999936002045956,1.961972251329769e-15,4.905009105958853e-13
126,0.003968191481969692,0.003968191481973804,4.112161999803021e-15,1.0362811417965814e-12
127,0.00393694685216332,0.003936946852164169,8.491471414906471e-16,2.1568671698579004e-13
128,0.0039061903971741446,0.003906190397174214,6.938893903907228e-17,1.776383944040985e-14
129,0.0038759107647897027,0.0038759107647763358,1.3366911744139287e-14,3.4487150389450573e-12
130,0.003846096952070135,0.003846096952059952,1.0183260484852852e-14,2.6476868918688548e-12
131,0.0038167382920183597,0.0038167382920164528,1.9068947809675052e-15,4.996137107318158e-13
132,0.0037878244408560808,0.003787824440848908,7.172647892295103e-15,1.893606212296899e-12
133,0.0037593453658737595,0.0037593453658644194,9.340184875528124e-15,2.4845242898712094e-12
134,0.0037312913338245607,0.0037312913338212184,3.342378457338313e-15,8.9576989795444e-13
135,0.003703652899834065,0.003703652899844201,1.0135989270132484e-14,2.736754643121824e-12
136,0.0036764208967992266,0.0036764208967952072,4.019354293838262e-15,1.0932791447621248e-12
137,0.00364958642525155,0.003649586425240159,1.1391061705001704e-14,3.1211924798346346e-12
138,0.0036231408436609674,0.0036231408436719903,1.1022866647225626e-14,3.0423511320326368e-12
139,0.003597075759158212,0.0035970757591599067,1.6948248360293405e-15,4.711674008294903e-13
140,0.0035713830186547644,0.003571383018652341,2.4234086959395995e-15,6.785630897837518e-13
141,0.003546054700340646,0.0035460547003367537,3.892285799222961e-15,1.0976383976392284e-12
142,0.0035210831055414223,0.0035210831055394465,1.9758500391375833e-15,5.611483682472655e-13
143,0.0034964607509168437,0.0034964607509095913,7.252445172190036e-15,2.074224677136243e-12
144,0.0034721803609845166,0.003472180360972743,1.177356823145459e-14,3.3908285306113137e-12
145,0.0034482348609529098,0.003448234860940147,1.2762794293630364e-14,3.701254354265011e-12
146,0.00342461736984887,0.0034246173698591065,1.0236603231739139e-14,2.9891232001170646e-12
147,0.003401321193925632,0.0034013211939338817,8.249477490007706e-15,2.425374441184891e-12
148,0.003378339820338035,0.0033783398203297565,8.278534108230318e-15,2.4504740637376057e-12
149,0.003355666911072423,0.0033556669110623716,1.0051421500678615e-14,2.9953573364247657e-12
150,0.0033332962971193186,0.0033332962971144298,4.8888844361716366e-15,1.4666816269518792e-12
151,0.003311221972877637,0.0033112219728650416,1.2595393478198602e-14,3.803850536559619e-12
152,0.00328943809077976,0.0032894380907748655,4.894522287468561e-15,1.487950875618491e-12
153,0.0032679389561273823,0.0032679389561280914,7.090682208055199e-16,2.169771927581504e-13
154,0.0032467190221285433,0.003246719022115485,1.3058130965415415e-14,4.021946733430147e-12
155,0.0032257728851267536,0.0032257728851163847,1.036887589678237e-14,3.214384975641252e-12
156,0.0032050952800136093,0.003205095280009118,4.4911990793039536e-15,1.401268507463804e-12
157,0.003184681075816705,0.003184681075822482,5.777062855871762e-15,1.8140161348464841e-12
158,0.0031645252714550833,0.003164525271444063,1.1020264562011661e-14,3.4824384755013896e-12
159,0.0031446229916548443,0.0031446229916411994,1.364490118116457e-14,4.339121483680306e-12
160,0.003124969483017907,0.0031249694830250974,7.190428807923865e-15,2.3009596884062314e-12
161,0.003105560110237272,0.0031055601102423225,5.050647400306474e-15,1.626324147987782e-12
162,0.0030863903524524453,0.0030863903524505076,1.9376861226660935e-15,6.278162841995694e-13
163,0.0030674557997390083,0.0030674557997372176,1.790668308077059e-15,5.837633612290083e-13
164,0.003048752149726614,0.0030487521497377656,1.1151669865316904e-14,3.6577817145014204e-12
165,0.0030302752043399575,0.0030302752043382952,1.6622987708547754e-15,5.485636316048234e-13
166,0.0030120208666575264,0.0030120208666630788,5.552416165732765e-15,1.84341889101663e-12
167,0.002993985137883216,0.0029939851378912863,8.070367291113101e-15,2.6955268377915025e-12
168,0.002976164114426083,0.0029761641144148143,1.1268763699945339e-14,3.786338140871772e-12
169,0.0029585539850837794,0.0029585539850813802,2.3991225672759242e-15,8.109105256728944e-13
170,0.002941151028325378,0.0029411510283239295,1.448494102440634e-15,4.924922550697345e-13
171,0.002923951609669545,0.0029239516096595253,1.0019762797242038e-14,3.426788173958336e-12
172,0.0029069521791541516,0.0029069521791598163,5.6647395108022636e-15,1.948686858842844e-12
173,0.002890149268893652,0.002890149268893083,5.689893001203927e-16,1.9687194230566562e-13
174,0.0028735394907206764,0.002873539490707344,1.3332217274619751e-14,4.63964992222051e-12
175,0.0028571195339084825,0.002857119533899777,8.705709764189606e-15,3.0470232907197864e-12
176,0.0028408861629710485,0.002840886162971401,3.5258254649228604e-16,1.241100580121623e-13
177,0.0028248362155377273,0.0028248362155238738,1.3853501679150781e-14,4.904178728292632e-12
178,0.002808966600299546,0.0028089666002983904,1.1557595158695477e-15,4.1145363413943705e-13
179,0.0027932742950243375,0.0027932742950156353,8.702240317237653e-15,3.115426341315267e-12
180,0.0027777563446380275,0.0027777563446420572,4.029762634694123e-15,1.4507257421886101e-12
181,0.0027624098593695273,0.002762409859371928,2.400857290751901e-15,8.691169714040391e-13
182,0.0027472320129567776,0.0027472320129504624,6.315260814293566e-15,2.298772285889537e-12
183,0.0027322200409116066,0.0027322200409116704,6.375108774214766e-17,2.3333072295625604e-14
184,0.002717371238841169,0.0027173712388446347,3.4655438241326664e-15,1.2753295444499359e-12
185,0.0027026829608238195,0.002702682960830316,6.4965394175331426e-15,2.4037371425736512e-12
186,0.0026881526178373742,0.002688152617849937,1.2562867413024037e-14,4.6734204485498655e-12
187,0.0026737776762378023,0.002673777676250211,1.2408477023662101e-14,4.640803584358488e-12
188,0.002659555656286466,0.0026595556562938327,7.366936921604506e-15,2.7699878753020534e-12
189,0.0026454841307241113,0.002645484130709974,1.413712896747299e-14,5.3438721492551275e-12
190,0.0026315607233898925,0.002631560723386883,3.009311549950766e-15,1.1435463081673703e-12
191,0.00261778310788377,0.002617783107893956,1.0186296250935811e-14,3.891191833371738e-12
192,0.002604149006270711,0.002604149006259604,1.1107000735810502e-14,4.265117206836162e-12
193,0.002590656187825172,0.0025906561878343837,9.21181533830584e-15,3.555784585232462e-12
194,0.0025773024678144058,0.0025773024678130696,1.3361707573711357e-15,5.18437697576191e-13
195,0.0025640857063192065,0.0025640857063251588,5.952269926945419e-15,2.3214005336389536e-12
196,0.002551003807090756,0.0025510038070990504,8.294580300383103e-15,3.2514966372561006e-12
197,0.0025380547164422754,0.0025380547164388645,3.410900034639397e-15,1.3439032706988424e-12
198,0.002525236422174273,0.0025252364221728385,1.4346163146328195e-15,5.681116833399661e-13
199,0.0025125469525321895,0.0025125469525448807,1.269123695024632e-14,5.0511441935267586e-12
200,0.0024999843751953095,0.0024999843751913886,3.920908736576578e-15,1.5683732968412093e-12
201,0.0024875467962958615,0.0024875467962885978,7.263720874783886e-15,2.920033860508713e-12
202,0.002475232359467244,0.0024752323594725567,5.312590645178972e-15,2.146299770548582e-12
203,0.002463039244920389,0.0024630392449296323,9.243474041742417e-15,3.752873227986746e-12
204,0.0024509656685472833,0.0024509656685438586,3.4247778224472114e-15,1.3973177455713276e-12
205,0.0024390098810507317,0.002439009881044285,6.446666117598809e-15,2.6431488316978727e-12
206,0.002427170167099466,0.0024271701670954826,3.983358781711743e-15,1.641153486354838e-12
208,0.00240383226343858,0.0024038322634396536,1.0737938316296436e-15,4.467008151781885e-13
209,0.0023923308056299436,0.0023923308056339465,4.002874420816482e-15,1.6732110841010776e-12
210,0.002380938883642934,0.002380938883646877,3.9430264608952825e-15,1.6560805016810388e-12
211,0.002369654940131433,0.0023696549401392986,7.865669920947838e-15,3.3193313455635732e-12
212,0.0023584774471323853,0.0023584774471316905,6.947567521287112e-16,2.945785014707047e-13
213,0.0023474049053760805,0.0023474049053788804,2.7998436902265667e-15,1.19273998440333e-12
214,0.002336435843615768,0.0023364358436026578,1.311017266969472e-14,5.611184533706681e-12
215,0.0023255688179759835,0.0023255688179801837,4.200199216208844e-15,1.8060954308221295e-12
216,0.0023148024113189736,0.0023148024113197607,7.871307772244762e-16,3.4004231781319484e-13
217,0.00230413523262864,0.0023041352326345077,5.86770215749155e-15,2.5465962563306082e-12
219,0.002283093122113689,0.0022830931221164974,2.8085173076064507e-15,1.2301369928381739e-12
220,0.002272715533554781,0.002272715533564451,9.670216016832711e-15,4.254917025056547e-12
221,0.0022624318583757603,0.0022624318583837066,7.946334562580759e-15,3.5122978547011678e-12
222,0.0022522408275028266,0.0022522408275165162,1.3689570310670973e-14,6.078200050147076e-12
223,0.0022421411946252543,0.002242141194614078,1.1176389674849574e-14,4.984694854026607e-12
224,0.0022321317356873093,0.002232131735695475,8.165777082291825e-15,3.658286359956909e-12
225,0.0022222112483937053,0.0022222112483802903,1.3415050320597643e-14,6.03680245534466e-12
227,0.0022026324854848766,0.0022026324854778068,7.069865526343477e-15,3.2097345212754146e-12
228,0.002192971909811848,0.002192971909806829,5.018988696869897e-15,2.288669852273901e-12
229,0.0021833957047668042,0.0021833957047761032,9.298985192973674e-15,4.258955521746272e-12
230,0.002173902769884233,0.0021739027698970403,1.2807463423136767e-14,5.8914610168231236e-12
231,0.002164492023753851,0.002164492023752018,1.8327353523694967e-15,8.467276997357593e-13
233,0.002145912864931279,0.0021459128649325976,1.3183898417423734e-15,6.143724954016684e-13
234,0.0021367423810512757,0.002136742381054546,3.2703874330852756e-15,1.5305483066593397e-12
235,0.00212764994277813,0.0021276499427642648,1.3865211062613625e-14,6.516678699743927e-12
236,0.0021186345580245965,0.002118634558030408,5.811323644522304e-15,2.7429570722856284e-12
238,0.002100831064094202,0.0021008310640979744,3.772589879380561e-15,1.795760708159158e-12
239,0.0020920410530632476,0.0020920410530607114,2.536165721878092e-15,1.2122925208205354e-12
240,0.002083324291166454,0.0020833242911635352,2.918672248330978e-15,1.4009687597396623e-12
241,0.0020746798666046702,0.0020746798666095856,4.915338969180283e-15,2.3692035808996933e-12
242,0.0020661068826494824,0.0020661068826370865,1.239590027846127e-14,5.9996413460301365e-12
244,0.002049171723146002,0.0020491717231436724,2.329733628236852e-15,1.1369147846038573e-12
245,0.0020408078267416616,0.0020408078267450946,3.4330177589581012e-15,1.6821857080189815e-12
246,0.0020325119286489024,0.0020325119286610516,1.2149135864003568e-14,5.977399538353322e-12
248,0.0020161208372112293,0.002016120837197377,1.3852200636543799e-14,6.870719443436069e-12
249,0.0020080240318062,0.0020080240317952303,1.0969957581208334e-14,5.463060903380201e-12
250,0.0019999920000639995,0.001999992000065731,1.7316877098938477e-15,8.658473183084902e-13
251,0.0019920239678097845,0.001992023967801515,8.26942680998144e-15,4.151268731507088e-12
253,0.001976276866264324,0.001976276866258786,5.538104697055957e-15,2.8022919215385093e-12
254,0.0019684963090989783,0.0019684963091037844,4.806051390193744e-15,2.4414835669128452e-12
255,0.00196077677520478,0.001960776775206341,1.5608174475101322e-15,7.960199586447688e-13
257,0.001945517927937728,0.00194551792793618,1.5480238618748032e-15,7.956872767118249e-13
258,0.0019379772175277218,0.001937977217551179,2.3457147682592883e-14,1.2103933663635723e-11
259,0.001930494735888175,0.0019304947359159996,2.7824530873798992e-14,1.4413160707738258e-11
261,0.0019157017817752551,0.001915701781797452,2.2196871077295732e-14,1.1586809224933846e-11
262,0.0019083899962740879,0.0019083899962879514,1.3863476339137648e-14,7.264488058627687e-12
264,0.0018939326004153505,0.001893932600410153,5.197448374461011e-15,2.7442625853323293e-12
265,0.0018867857359237486,0.0018867857359055051,1.824343627554459e-14,9.66905564749397e-12
266,0.0018796926066836546,0.001879692606678418,5.236479652670489e-15,2.785817018192789e-12
268,0.0018656651479357382,0.0018656651479318498,3.888382671402013e-15,2.084180366291511e-12
269,0.0018587296377772001,0.0018587296377745588,2.641333332609186e-15,1.4210422424682906e-12
270,0.0018518455012374805,0.0018518455012213053,1.617521221131124e-14,8.734644548102035e-12
272,0.001838229082562206,0.0018382290825798009,1.759486653596376e-14,9.571639738959655e-12
273,0.0018314956879552106,0.001831495687952156,3.05463120076066e-15,1.667834230159193e-12
275,0.0018181758077031494,0.0018181758077275845,2.4435098042174808e-14,1.3439348350500264e-11
276,0.001811588257514466,0.001811588257510266,4.199982375774347e-15,2.3183978800661936e-12
278,0.0017985553330912116,0.0017985553330959192,4.70760583293206e-15,2.617437309999803e-12
279,0.0017921089396873624,0.0017921089396963907,9.028368330721293e-15,5.037845708362078e-12
280,0.0017857085915086181,0.0017857085915125026,3.884479543581065e-15,2.1753154809538912e-12
282,0.001773044071480001,0.0017730440714558426,2.4158409647756507e-14,1.3625385875259672e-11
283,0.0017667789372653477,0.001766778937280833,1.5485225948741466e-14,8.764665245958714e-12
285,0.0017543805651733903,0.0017543805651598632,1.3527156825232645e-14,7.710503122163643e-12
286,0.0017482464049554326,0.0017482464049294322,2.600046913880938e-14,1.4872313802625666e-11
288,0.0017361058783617695,0.0017361058783649241,3.1545946410638237e-15,1.8170519899630623e-12
289,0.0017300986276102747,0.001730098627604093,6.181687106643352e-15,3.5730258425682368e-12
291,0.001718207985844188,0.0017182079858457655,1.577514160966409e-15,9.181159521798792e-13
292,0.0017123237464852523,0.0017123237464602425,2.5009725193592125e-14,1.4605722337804142e-11
294,0.0017006753532369777,0.0017006753532200491,1.692851588075417e-14,9.953996127793176e-12
295,0.0016949103852182817,0.0016949103851970904,2.1191381982532675e-14,1.2502951287187676e-11
297,0.001683496912185432,0.0016834969121646282,2.0803888126086356e-14,1.2357544570176718e-11
298,0.001677847625549237,0.0016778476255581154,8.878314750049299e-15,5.2914904874887054e-12
300,0.0016666620370627571,0.0016666620370529017,9.855397747893235e-15,5.913255074353228e-12
302,0.0016556246008397038,0.0016556246008576636,1.795980898722238e-14,1.0847754362983904e-11
303,0.0016501605230532148,0.0016501605230700989,1.6884063591682263e-14,1.0231770397974659e-11
305,0.001639339856663663,0.0016393398566378892,2.577387088475991e-14,1.5722103491837344e-11
306,0.0016339825655244699,0.001633982565522274,2.1959430801521407e-15,1.3439207531858179e-12
308,0.0016233723452308908,0.001623372345250118,1.9227241326857936e-14,1.1844011870316333e-11
310,0.0016128990299301925,0.0016128990299080215,2.2171067065590577e-14,1.3746097340358719e-11
311,0.0016077128862689316,0.0016077128862548307,1.4100916614911974e-14,8.770792804700597e-12
313,0.0015974400130757264,0.0015974400130858157,1.0089368576715607e-14,6.315960846185041e-12
314,0.001592352650339231,0.0015923526503343055,4.925530469601647e-15,3.093240978091331e-12
316,0.001582274519631874,0.001582274519648763,1.6889050921675697e-14,1.0673906905613977e-11
318,0.0015723231569180665,0.0015723231568927076,2.5358838293132457e-14,1.6128261026720924e-11
319,0.0015673942684564376,0.0015673942684770736,2.06360536297856e-14,1.3165834560635396e-11
321,0.0015576286196153947,0.0015576286195937428,2.1651951065404518e-14,1.3900586309688349e-11
323,0.0015479839067272826,0.0015479839067324974,5.214795609220779e-15,3.368766035976303e-12
324,0.0015432062014114505,0.0015432062014042458,7.204740276600674e-15,4.668682817637111e-12
326,0.0015337387233827124,0.0015337387233671507,1.5561770622118942e-14,1.0146298313311757e-11
328,0.0015243867015932683,0.0015243867015897195,3.548810550979553e-15,2.328025131202197e-12
329,0.001519753328799118,0.0015197533288073828,8.264873160857e-15,5.438299100412404e-12
331,0.0015105705712636693,0.0015105705712699091,6.239800343088575e-15,4.130757252783406e-12
333,0.0015014981163714814,0.0015014981163972152,2.5733755404377945e-14,1.7138719738500976e-11
335,0.0014925339885705866,0.0014925339885962785,2.5691905200520004e-14,1.7213614830390145e-11
336,0.0014880919428309075,0.0014880919428037487,2.7158830739892892e-14,1.825077467204522e-11
338,0.0014792867037142726,0.0014792867037272117,1.2939085566876507e-14,8.746840983825755e-12
340,0.0014705850549699944,0.0014705850549603383,9.6561213885904e-15,6.566176744389274e-12
342,0.0014619851792387949,0.0014619851792190275,1.9767390849190214e-14,1.3520924240478559e-11
343,0.0014577228499185028,0.0014577228499206285,2.12568677937508e-15,1.4582242293134947e-12
345,0.0014492723182749963,0.001449272318268413,6.583275591331983e-15,4.542469698978146e-12
347,0.0014409191984897166,0.0014409191985009784,1.1261824806041432e-14,7.815722642772328e-12
349,0.0014326618158740992,0.001432661815897518,2.3418766925686896e-14,1.6346332865302604e-11
351,0.0014244985339087277,0.0014244985339360028,2.7275057212783338e-14,1.9147129016652916e-11
352,0.0014204516794275944,0.0014204516794507072,2.3112805072611486e-14,1.6271447601741268e-11
354,0.0014124265608067943,0.001412426560818858,1.206370073281171e-14,8.541117157922027e-12
356,0.0014044916115215072,0.0014044916115381056,1.6598484739449582e-14,1.1818144446920684e-11
358,0.0013966453203657111,0.0013966453203693163,3.605189063948799e-15,2.5813204049577752e-12
360,0.0013888862097154117,0.0013888862097246601,9.24846137173585e-15,6.658905032710272e-12
362,0.0013812128346009746,0.0013812128345875863,1.33883789471545e-14,9.693204849940693e-12
364,0.0013736237818100358,0.0013736237818307018,2.06659776097462e-14,1.504486008717355e-11
365,0.0013698604431265293,0.0013698604431056083,2.092098196071479e-14,1.5272345490147416e-11
367,0.0013623952913883787,0.0013623952913803805,7.998159426425566e-15,5.870659915651108e-12
369,0.0013550110622561262,0.00135501106223046,2.566610118881485e-14,1.8941617455196397e-11
371,0.0013477064470179686,0.001347706447006658,1.131061390380328e-14,8.392490760009311e-12
373,0.0013404801650307335,0.0013404801650267473,3.9861777073602056e-15,2.9736939130828645e-12
375,0.0013333309629713908,0.0013333309629501855,2.120525977034049e-14,1.5903973101384798e-11
377,0.0013262576141123887,0.0013262576140959936,1.63950884118913e-14,1.236191840667688e-11
379,0.0013192589176199317,0.0013192589176469482,2.7016583414862794e-14,2.0478605870334592e-11
381,0.0013123336978743641,0.0013123336978537736,2.059051713854121e-14,1.5690001081197897e-11
383,0.0013054808038118419,0.001305480803807768,4.073781242897034e-15,3.1205217503023397e-12
385,0.0012986991082865275,0.0012986991083039356,1.7408166921861756e-14,1.340431113780441e-11
387,0.001291987507452559,0.001291987507443082,9.477011189695794e-15,7.33521890500461e-12
389,0.001285344920165085,0.0012853449201770673,1.1982168729440801e-14,9.322142672724652e-12
391,0.0012787702873996829,0.0012787702873993112,3.716645047280309e-16,2.906421179708457e-13
393,0.001272262571689502,0.0012722625717174196,2.7917555420198248e-14,2.194323407873668e-11
395,0.0012658207565795093,0.001265820756600533,2.1023764326666416e-14,1.6608800430383734e-11
397,0.0012594438460972275,0.0012594438460951096,2.1178805237331844e-15,1.6815998031957405e-12
399,0.0012531308642393948,0.001253130864256491,1.7096133536620428e-14,1.3642735985915696e-11
401,0.0012468808544739834,0.0012468808544667809,7.202571872255703e-15,5.776471622298044e-12
403,0.0012406928792570463,0.0012406928792643157,7.26935872608081e-15,5.859112152262741e-12
405,0.0012345660195638808,0.0012345660195478558,1.602494179020475e-14,1.2980222633914446e-11
407,0.0012284993744340136,0.0012284993744060557,2.795788774101471e-14,2.275775496743357e-11
410,0.0012195103814566213,0.00121951038147472,1.8098586865300526e-14,1.4840863300961004e-11
412,0.0012135904456289203,0.0012135904456158642,1.3056179401504941e-14,1.0758307671694649e-11
414,0.0012077277069973257,0.0012077277069693082,2.801751886050141e-14,2.319853945402898e-11
416,0.0012019213406070804,0.0012019213406233575,1.6277127215524878e-14,1.3542589407143263e-11
418,0.0011961705372919207,0.0011961705372982578,6.3371616981777734e-15,5.297874760002732e-12
420,0.001190474503298163,0.0011904745032893516,8.811527896224192e-15,7.401693922727616e-12
423,0.0011820314453920356,0.001182031445409848,1.7812357491764352e-14,1.5069275492799313e-11
425,0.0011764689599068074,0.0011764689598976474,9.159990474461033e-15,7.786002679736344e-12
427,0.0011709585817985947,0.0011709585817811785,1.741619001793815e-14,1.487344666895634e-11
429,0.0011654995822968808,0.001165499582270968,2.591286560327255e-14,2.2233268889041883e-11
431,0.0011600912461581213,0.0011600912461631196,4.9983888555926725e-15,4.30861699210804e-12
434,0.0011520722036055735,0.001152072203581156,2.4417533966980542e-14,2.1194447614101273e-11
436,0.0011467874826587955,0.0011467874826394109,1.938466748230283e-14,1.690345227466209e-11
438,0.0011415510238142238,0.0011415510238066418,7.58204263262563e-15,6.641878001468582e-12
440,0.0011363621689557057,0.001136362168949745,5.960726703890806e-15,5.2454462729682355e-12
443,0.0011286667337600499,0.0011286667337344625,2.5587388111092402e-14,2.2670454746061632e-11
445,0.0011235940871194689,0.0011235940871188177,6.51171824794794e-16,5.795436557201788e-13
447,0.0011185668331188364,0.0011185668330995213,1.931506170282926e-14,1.726768676751676e-11
450,0.0011111097393723855,0.0011111097393836644,1.1278955200366703e-14,1.0151072212487007e-11
452,0.0011061933366552012,0.0011061933366818266,2.6625403271030024e-14,2.4069394009854826e-11
454,0.0011013202501032012,0.0011013202500862462,1.6954970413762815e-14,1.5395131808548893e-11
457,0.0010940905940544552,0.0010940905940515222,2.9329837170077866e-15,2.6807503262950143e-12
459,0.0010893233261162214,0.0010893233261413116,2.509017299479055e-14,2.3032806140528423e-11
462,0.001082249814648635,0.0010822498146580983,9.463350242322477e-15,8.744145865615014e-12
464,0.001077584955614939,0.0010775849556239336,8.994541222939745e-15,8.346943947270387e-12
466,0.0010729601381507961,0.0010729601381740395,2.324334301417874e-14,2.1662820628395116e-11
469,0.0010660968693363168,0.0010660968693514405,1.51237529444348e-14,1.4186096385265508e-11
471,0.0010615699289482866,0.0010615699289360236,1.2262977092114546e-14,1.1551737438779623e-11
474,0.0010548511469293859,0.0010548511469323785,2.9926148364944893e-15,2.8370020217599688e-12
476,0.0010504190090545225,0.001050419009061443,6.920462466974975e-15,6.588287537945503e-12
479,0.0010438401987449264,0.001043840198747148,2.2215302514227986e-15,2.12822829978562e-12
481,0.0010394999162577174,0.001039499916259956,2.2386606457480696e-15,2.1535938682971965e-12
484,0.0010330567487538778,0.0010330567487812914,2.7413618250426985e-14,2.6536410786236667e-11
486,0.0010288054954313297,0.0010288054954230574,8.272245735629902e-15,8.040631365564138e-12
489,0.0010224938185136923,0.0010224938185388055,2.5113158080847242e-14,2.4560694281117503e-11
491,0.0010183288828984585,0.0010183288828784498,2.0008734252785487e-14,1.9648597411707348e-11
494,0.0010121447121083822,0.0010121447120923222,1.606006994059328e-14,1.586736535642103e-11
496,0.0010080634917419321,0.0010080634917244424,1.7489698925232666e-14,1.7349798964557773e-11
499,0.001002003001993972,0.0010020030019859405,8.03155285333812e-15,8.015497795271512e-12
501,0.000998002997994028,0.0009980029980170002,2.2972292471057365e-14,2.3018259982416236e-11
504,0.000992062515686473,0.0009920625157064933,2.0020226795813834e-14,2.0180408471496905e-11
507,0.0009861923347383422,0.0009861923347216361,1.6706037594960144e-14,1.6939938596655804e-11
509,0.0009823173232344563,0.0009823173232348381,3.8185600514939466e-16,3.887297883458526e-13
512,0.0009765615686792017,0.0009765615686774254,1.7763568394002505e-15,1.818991138267678e-12
515,0.0009708728712678328,0.0009708728712212178,4.6615055565579766e-14,4.801355248984e-11
517,0.000967117083834184,0.0009671170838601029,2.591882871522122e-14,2.680009395808078e-11
520,0.0009615375725437467,0.0009615375724933983,5.034839732631635e-14,5.236238163124475e-11
523,0.0009560220707665394,0.0009560220707953704,2.8830995750517285e-14,3.015724911810934e-11
525,0.0009523800885449208,0.0009523800885062883,3.863250865043799e-14,4.05641708757919e-11
528,0.0009469688477746225,0.0009469688477565796,1.804285887363477e-14,1.9053276056583596e-11
531,0.0009416187508042638,0.0009416187508577423,5.3478488998282003e-14,5.6794205672523496e-11
534,0.0009363287671240073,0.0009363287671249054,8.981530796869919e-16,9.592283300722731e-13
536,0.0009328350091593709,0.0009328350091664106,7.03972470594838e-15,7.546591451678325e-12
539,0.0009276429865292112,0.0009276429865394675,1.0256335711278375e-14,1.1056339410975976e-11
542,0.0009225084400167695,0.0009225084399986372,1.8132305552864825e-14,1.965543594651038e-11
545,0.0009174304204783702,0.0009174304204861983,7.82804810556259e-15,8.532579616752688e-12
548,0.0009124079995544182,0.0009124079995217471,3.2671131425243694e-14,3.5807589851468756e-11
551,0.0009074402691035915,0.0009074402690885108,1.5080710118187124e-14,1.661895623508586e-11
553,0.0009041583928549734,0.0009041583928137698,4.1203694102487365e-14,4.557132293201687e-11
556,0.0008992798482875488,0.000899279848340484,5.293519528964952e-14,5.886398476564466e-11
559,0.0008944536672206058,0.000894453667228845,8.239177569369094e-15,9.211407892117238e-12
562,0.0008896790110954245,0.0008896790111521113,5.668686006710111e-14,6.371608114853126e-11
565,0.0008849550591633127,0.0008849550591776278,1.431515496419511e-14,1.617613777780928e-11
568,0.0008802810080152702,0.0008802810079941992,2.1071035541386784e-14,2.3936714923447792e-11
571,0.0008756560711264844,0.000875656071116282,1.0202450863305845e-14,1.1651207819733314e-11
574,0.0008710794784151065,0.0008710794784292375,1.4130949015089822e-14,1.622234177850281e-11
577,0.0008665504758147945,0.0008665504758482712,3.3476693639400423e-14,3.8632133469112895e-11
580,0.0008620683248605201,0.0008620683248636851,3.1650029819196845e-15,3.671406187475653e-12
583,0.0008576323022871647,0.0008576323023135046,2.633993283901459e-14,3.071238428026826e-11
586,0.0008532416996404454,0.0008532416995876702,5.2775275469207905e-14,6.18526678799774e-11
589,0.0008488958228997299,0.0008488958228554111,4.4318823784472716e-14,5.2207612040173246e-11
592,0.0008445939921123214,0.000844593992155751,4.3429669582817354e-14,5.142076546649376e-11
595,0.0008403355410388056,0.0008403355410564473,1.7641704069815134e-14,2.0993642668030942e-11
598,0.0008361198168090736,0.0008361198167676775,4.1396031567886293e-14,4.9509688367234335e-11
601,0.0008319461795886475,0.0008319461795736061,1.504146199954315e-14,1.807984983713771e-11
604,0.0008278140022549485,0.0008278140022639491,9.000612755105664e-15,1.0872747659000908e-11
608,0.0008223678648939924,0.0008223678648846544,9.338016471183153e-15,1.1355035708243382e-11
611,0.0008183300575580336,0.0008183300575410613,1.6972317648522584e-14,2.0740186055452274e-11
614,0.0008143317075438682,0.0008143317074882361,5.563203977348996e-14,6.831619014477961e-11
617,0.0008103722393005135,0.0008103722393570933,5.657984931267679e-14,6.981957990258235e-11
620,0.0008064510884166467,0.0008064510884651099,4.846318658879856e-14,6.009439045329978e-11
624,0.0008012815368172265,0.0008012815368374504,2.022394838402386e-14,2.5239503788338223e-11
627,0.0007974476587537731,0.0007974476587833124,2.9539305029802065e-14,3.704231206342143e-11
630,0.0007936502937454056,0.000793650293758219,1.2813426535085437e-14,1.6144927603587385e-11
633,0.000789888922650466,0.0007898889226680694,1.7603431733126396e-14,2.228595847889374e-11
637,0.0007849288727524842,0.0007849288728039028,5.1418613290776793e-14,6.55073536924038e-11
640,0.0007812495231634239,0.0007812495231291905,3.423335833557806e-14,4.381872541433479e-11
643,0.0007776045064784072,0.0007776045064247228,5.3684378990837e-14,6.90381531274314e-11
647,0.000772797065521403,0.0007727970655651006,4.369768435985577e-14,5.6544837331095616e-11
650,0.0007692303140651723,0.000769230314062952,2.2203376290330645e-15,2.8864406256939956e-12
653,0.0007656963351524673,0.0007656963351792001,2.6732847706323337e-14,3.49131195737018e-11
657,0.0007610345668389558,0.0007610345668354057,3.5501115935865357e-15,4.664849335730347e-12
660,0.0007575753227875986,0.0007575753228366011,4.9002468749392847e-14,6.468329587225964e-11
664,0.0007530116212149836,0.0007530116212137727,1.2108369862318114e-15,1.6079924294901677e-12
667,0.0007496247661639504,0.000749624766172019,8.068632567637124e-15,1.0763561893674727e-11
670,0.000746268241107248,0.0007462682410732668,3.398117291025793e-14,4.553479705881576e-11
674,0.000741839354357843,0.0007418393543048296,5.301336626628572e-14,7.146205705435455e-11
677,0.0007385520343728896,0.0007385520343632379,9.651676159683209e-15,1.3068376648476128e-11
681,0.0007342139948089646,0.0007342139948605109,5.154622388647834e-14,7.020599477934245e-11
685,0.0007299266183993662,0.0007299266184190856,1.9719360692949106e-14,2.7015538543026543e-11
688,0.0007267438022118066,0.0007267438022608985,4.90919154286229e-14,6.75505113070304e-11
692,0.0007225429753841393,0.000722542975381657,2.4822808739055624e-15,3.4354785230399065e-12
695,0.000719424088078404,0.0007194240880608049,1.7599094924436454e-14,2.4462754606179484e-11
699,0.0007153072162629373,0.0007153072162964236,3.3486234618518296e-14,4.681377994963384e-11
703,0.0007112371935573645,0.0007112371935136252,4.3739209303061966e-14,6.14973593890576e-11
706,0.0007082149422320082,0.0007082149422785733,4.6565073845428184e-14,6.574991724782568e-11
710,0.0007042250028641868,0.0007042250028916897,2.7502848089222542e-14,3.9054063654889285e-11
714,0.0007002797686332253,0.0007002797685800033,5.322196676427193e-14,7.600100580964689e-11
717,0.0006973497306160064,0.0006973497306717036,5.569720032405634e-14,7.986982410512444e-11
721,0.000693480942499433,0.0006934809424592459,4.0187146145564956e-14,5.794989261092465e-11
725,0.0006896548443973763,0.0006896548444501605,5.2784165927022286e-14,7.653707699703805e-11
728,0.0006868128628352276,0.0006868128627957049,3.952274705426584e-14,5.754514685574211e-11
732,0.0006830597905937995,0.0006830597906173352,2.3535752340098082e-14,3.4456357502229656e-11
736,0.0006793475125590741,0.0006793475125732584,1.4184291761976109e-14,2.0879287109692158e-11
740,0.0006756753672045933,0.0006756753672334526,2.885929342721916e-14,4.271177377179804e-11
744,0.0006720427072302417,0.0006720427072650637,3.482197169502044e-14,5.181511728404254e-11
748,0.0006684488991818644,0.0006684488992050319,2.3167557282322004e-14,3.465868118068188e-11
752,0.0006648933230830245,0.0006648933231190313,3.6006787829112596e-14,5.415423283565816e-11
755,0.0006622513651808803,0.0006622513651564077,2.4472611437342806e-14,3.6953659477407974e-11
759,0.0006587612424463936,0.0006587612424482359,1.842276331487369e-15,2.7965766848180715e-12
763,0.000655307713349804,0.0006553077133730767,2.3272724893053098e-14,3.551419343759516e-11
767,0.00065189020537103,0.0006518902054040154,3.298544163504724e-14,5.0599688971048795e-11
771,0.0006485081578710565,0.0006485081578375684,3.348807776221152e-14,5.1638637626621785e-11
775,0.0006451610217853265,0.0006451610217936832,8.356705084866523e-15,1.29528982729635e-11
779,0.0006418482593265802,0.0006418482593062436,2.0336596989745104e-14,3.168443116303225e-11
783,0.0006385693436968029,0.0006385693436641304,3.2672432467850676e-14,5.1165050108267914e-11
787,0.0006353237588079552,0.0006353237588427874,3.48321631954418e-14,5.482584699932624e-11
791,0.0006321109990111789,0.0006321109990494733,3.829445441305701e-14,6.058185108780202e-11
796,0.0006281404556781206,0.0006281404556602865,1.7834041535214062e-14,2.8391805326343764e-11
800,0.0006249997558595657,0.000624999755814315,4.525069555172401e-14,7.240114116443209e-11
804,0.0006218903067490338,0.0006218903067747306,2.569678411029619e-14,4.132044482993723e-11
808,0.0006188116442278149,0.000618811644244488,1.6673077848916584e-14,2.694370412134392e-11
812,0.000615763313322378,0.0006157633133625495,4.0171533634281165e-14,6.523859535822928e-11
817,0.0006119948748239126,0.0006119948748164461,7.466466681038675e-15,1.2200211126256538e-11
821,0.0006090131724134933,0.0006090131723794912,3.40020980121869e-14,5.583146564373646e-11
825,0.0006060603834489767,0.0006060603834612266,1.2249858245827472e-14,2.0212273529769113e-11
829,0.0006031360894009997,0.0006031360893530291,4.797063354183839e-14,7.953533934518838e-11
834,0.0005995201682107721,0.000599520168179879,3.0893148282584715e-14,5.152978985641676e-11
838,0.0005966584988058686,0.0005966584988073009,1.4323394900706e-15,2.4006018399758553e-12
842,0.0005938240186300681,0.0005938240186651456,3.507740972685802e-14,5.907037880983732e-11
847,0.0005903185664250237,0.0005903185664237753,1.2483503813998098e-15,2.1147062830156853e-12
851,0.0005875438629801464,0.0005875438629345808,4.55655478626138e-14,7.755258923392669e-11
856,0.0005841119502413724,0.000584111950274746,3.33736944330143e-14,5.713578436329423e-11
860,0.0005813951523137656,0.0005813951522668503,4.6915271147141e-14,8.069429364939374e-11
864,0.0005787035098971341,0.0005787035098592241,3.790999632269365e-14,6.550849558426255e-11
869,0.0005753738026150675,0.0005753738025759958,3.907171895051187e-14,6.790667001683313e-11
873,0.0005727374982656117,0.0005727374982598121,5.79961426105946e-15,1.012612982146638e-11
878,0.0005694758973218692,0.0005694758973504577,2.858845972453228e-14,5.0201351556717435e-11
883,0.0005662512340654246,0.0005662512340904868,2.5062200578740423e-14,4.4259860413557595e-11
887,0.0005636976788302858,0.0005636976787855019,4.478383809625175e-14,7.944655402729618e-11
892,0.0005605379404692921,0.0005605379404869382,1.7646040878505076e-14,3.1480546818528474e-11
896,0.0005580355405113479,0.0005580355405072623,4.085599046577126e-15,7.321395771375683e-12
901,0.000554938785817394,0.0005549387858536647,3.6270791058112817e-14,6.535998561478805e-11
906,0.0005518762116074211,0.0005518762116025755,4.845624769489465e-15,8.780274756499951e-12
910,0.000549450383573778,0.0005494503835734577,3.2038174196946656e-16,5.830949464183001e-13
915,0.0005464479242593803,0.0005464479243073583,4.7978006116611294e-14,8.779977741088053e-11
920,0.0005434781003432361,0.0005434781003259559,1.7280231065508467e-14,3.179563455196273e-11
925,0.0005405403826032945,0.0005405403826443944,4.10999359545805e-14,7.603490373214904e-11
930,0.0005376342531986074,0.0005376342531917544,6.8530250918463764e-15,1.2746630355255288e-11
934,0.0005353317523661214,0.0005353317524168233,5.0701847234546626e-14,9.471107777644183e-11
939,0.0005324812121745254,0.0005324812121898503,1.5324980867648108e-14,2.8780322229707537e-11
944,0.0005296608683577142,0.0005296608683238446,3.386960850670917e-14,6.394583880007316e-11
949,0.0005268702436289496,0.0005268702436751482,4.6198613511128084e-14,8.768499278479587e-11
954,0.0005241088707074904,0.0005241088707634844,5.599405487888287e-14,1.0683668605588938e-10
959,0.0005213762920577488,0.0005213762921130183,5.526948256701081e-14,1.060068963797246e-10
964,0.0005186720596365636,0.0005186720596839223,4.7358709835687574e-14,9.130761712684522e-11
969,0.0005159957346482981,0.0005159957346450028,3.295324083052442e-15,6.386339773328805e-12
974,0.0005133468873074812,0.0005133468872600133,4.7467888994456864e-14,9.246747212869503e-11
979,0.000510725096608721,0.0005107250966602805,5.155955957319991e-14,1.0095364397708647e-10
984,0.000508129950103635,0.0005081299500488967,5.473833192271016e-14,1.0772506503807947e-10
989,0.0005055610436845455,0.0005055610437239011,3.9355563079268574e-14,7.78453236674328e-11
994,0.0005030179813747034,0.0005030179813729774,1.726049858596923e-15,3.4313879871247985e-12
1000,0.0004999998750000625,0.0004999998750463419,4.6279386572978254e-14,9.2558796285644e-11
1005,0.0004975123146674114,0.0004975123147232807,5.586937162904704e-14,1.1229746477008494e-10
1010,0.0004950493836267861,0.0004950493836304304,3.644328762375526e-15,7.361545904121269e-12
1015,0.0004926107178988574,0.0004926107178562233,4.263408202864749e-14,8.654720752016017e-11
1020,0.0004901959606411374,0.0004901959606513628,1.0225435949362538e-14,2.0859894349166973e-11
1026,0.000487329318962054,0.0004873293189575634,4.4906027681090865e-15,9.214719068562235e-12
1031,0.0004849659383162167,0.00048496593831259815,3.618524750670371e-15,7.461399790743554e-12
1036,0.00048262537020885715,0.00048262537029586383,8.700668224087549e-14,1.8027788759472624e-10
1042,0.00047984633865042766,0.00047984633874875726,9.832960183933648e-14,2.0491893741627665e-10
1047,0.00047755480990515926,0.0004775548100042215,9.906225145739356e-14,2.0743640185943677e-10
1053,0.00047483370110776643,0.0004748337012188131,1.1104664280128795e-13,2.3386428246820086e-10
1058,0.0004725896865118092,0.000472589686523861,1.2051828719022994e-14,2.550167526502261e-11
1064,0.0004699247082569401,0.0004699247083408409,8.390076827735626e-14,1.785408743212582e-10
1069,0.00046772674519723656,0.00046772674522799207,3.075550881678768e-14,6.57552922354661e-11
1075,0.0004651161784497398,0.0004651161784750002,2.5260392735870774e-14,5.4309856131139494e-11
1080,0.0004629628637339754,0.00046296286382130347,8.732809397490882e-14,1.886287234154675e-10
1086,0.0004604050589443746,0.0004604050589023245,4.2050076528438174e-14,9.133278557983568e-11
1092,0.00045787536188193816,0.0004578753619171039,3.5165717993806966e-14,7.680194419999027e-11
1097,0.0004557884194425327,0.00045578841945825843,1.5725756200707375e-14,3.4502316271969544e-11
1103,0.00045330906369487435,0.00045330906368690194,7.972409624829035e-15,1.7587139246338393e-11
1109,0.00045085653594607026,0.00045085653596288466,1.681440360210007e-14,3.7294354770341725e-11
1114,0.00044883294369344194,0.0004488329436753702,1.807175286153151e-14,4.026387348669024e-11
1120,0.0004464284824560759,0.00044642848251896794,6.289202015077877e-14,1.4087815321453355e-10
1126,0.00044404964601239426,0.0004440496459210408,9.135346559080437e-14,2.057280450759655e-10
1132,0.00044169602690133386,0.0004416960268827097,1.8624153868412874e-14,4.2165092584301513e-11
1138,0.0004393672262550266,0.00043936722636317427,1.0814764882238759e-13,2.461440962362866e-10
1144,0.00043706285357345367,0.0004370628535070864,6.636726758435518e-14,1.5184833723967203e-10
1150,0.0004347825265061542,0.00043478252655404503,4.789083626194346e-14,1.1014894422456874e-10
1156,0.0004325258706407315,0.00043252587056485936,7.587214276988385e-14,1.7541642690063608e-10
1162,0.0004302925192979122,0.00043029251924053824,5.73739731939138e-14,1.333371383902471e-10
1168,0.0004280821133329214,0.0004280821133306745,2.2469005822589594e-15,5.248760722014878e-12
1174,0.00042589430094294907,0.0004258943008608185,8.213059139033918e-14,1.928426635634672e-10
1180,0.00042372873748049026,0.0004237287375872256,1.0673536707250797e-13,2.5189551151796114e-10
1186,0.00042158508527235074,0.00042158508517786686,9.448388252342177e-14,2.2411580917855208e-10
1192,0.0004194630134441192,0.00041946301348616544,4.204622761072585e-14,1.0023822426080778e-10
1198,0.0004173621977499148,0.0004173621978225128,7.25980148393035e-14,1.739448738546382e-10
1205,0.0004149376878949025,0.00041493768799227837,9.73758833983096e-14,2.346759193948501e-10
1211,0.0004128818453875234,0.0004128818454773864,8.986295865417993e-14,2.17648122963208e-10
1217,0.0004108462741188739,0.0004108462740077812,1.1109272139361859e-13,2.703997295140983e-10
1223,0.00040883067573895275,0.00040883067572394793,1.500481596611314e-14,3.670178598754179e-11
1230,0.0004065039978676828,0.00040650399796504644,9.736363191376052e-14,2.395145740865565e-10
1236,0.0004045306781371078,0.00040453067822454614,8.743835733585059e-14,2.1614765470572064e-10
1243,0.00040225254955466065,0.00040225254952019895,3.4461691313103504e-14,8.56717784666785e-11
1249,0.00040032019205113846,0.00040032019205682445,5.6859898733829795e-15,1.420360497992724e-11
1256,0.00039808910888736523,0.0003980891087849159,1.024493532543469e-13,2.5735281615889113e-10
1262,0.00039619645127906975,0.0003961964512200211,5.904863186953491e-14,1.4903877023356449e-10
1269,0.0003940109711408017,0.0003940109711493278,8.526111674317383e-15,2.1639274788799054e-11
1275,0.0003921568024364872,0.0003921568024907174,5.4230166364466204e-14,1.3828694549611745e-10
1282,0.00039001554129792414,0.00039001554137030325,7.237911442067868e-14,1.8558007760359964e-10
1289,0.0003878975366700935,0.0003878975367115345,4.144097174793582e-14,1.068348412410294e-10
1295,0.0003861003285430642,0.0003861003285692277,2.61635331455512e-14,6.776356094872636e-11
1302,0.00038402452093900434,0.0003840245208266424,1.1236194266683874e-13,2.925905418541893e-10
1309,0.00038197091447602006,0.0003819709145318484,5.582833457681846e-14,1.4615860124691075e-10
1316,0.0003799391548807897,0.000379939154981912,1.0112228979522464e-13,2.661539051613486e-10
1322,0.00037821477191890557,0.0003782147718993656,1.953997944351138e-14,5.166371303895295e-11
1329,0.0003762226706006404,0.0003762226706385263,3.788592703446447e-14,1.0070080831115121e-10
1336,0.00037425144458677254,0.0003742514445548295,3.194303545631105e-14,8.535180269399029e-11
1343,0.00037230076745798155,0.00037230076736705087,9.093068095364365e-14,2.4423984289504915e-10
1350,0.00037037031956512086,0.0003703703196151764,5.005555431952802e-14,1.351500152018173e-10
1357,0.00036845978785460015,0.0003684597877509077,1.0369244525521015e-13,2.814213346291367e-10
1364,0.0003665688656991447,0.0003665688657292776,3.013290571923788e-14,8.2202577847866e-11
1371,0.00036469725273373957,0.0003646972527349135,1.17391990225868e-15,3.2188888001186636e-12
1378,0.0003628446546965735,0.000362844654773653,7.707951030916371e-14,2.124311583799435e-10
1386,0.00036075031380202415,0.00036075031380278233,7.581825792191133e-16,2.1016823831099854e-12
1393,0.00035893749862306963,0.00035893749873139313,1.0832350641476474e-13,3.0178932775290303e-10
1400,0.0003571428115889329,0.000357142811481026,1.0790690172998718e-13,3.021393633821384e-10
1407,0.000355365982130426,0.0003553659821591282,2.870219253242601e-14,8.076797998602962e-11
1415,0.0003533568463388478,0.0003533568462898984,4.894939705304968e-14,1.3852681095673516e-10
1422,0.0003516173967528855,0.0003516173967454961,7.38943411668358e-15,2.1015553226101685e-11
1429,0.0003498949886541277,0.00034989498863069457,2.343313260447233e-14,6.697190118271757e-11
1437,0.0003479470699140002,0.0003479470699403464,2.6346221211615006e-14,7.5719048929272e-11
1444,0.00034626034629632016,0.0003462603463049163,8.596151134659946e-15,2.4825687453404194e-11
1452,0.0003443525762470052,0.0003443525763486832,1.0167799761873209e-13,2.9527294009787844e-10
1459,0.0003427004395326966,0.0003427004394325195,1.001771365513604e-13,2.923169187876184e-10
1467,0.0003408315895820816,0.00034083158948305936,9.902224439722884e-14,2.905312988113784e-10
1475,0.00033898301189509076,0.0003389830119431281,4.803731197544625e-14,1.4171008661139913e-10
1482,0.0003373818779262714,0.00033738187789822405,2.8047334420244763e-14,8.313230868426785e-11
1490,0.00033557043201090105,0.00033557043207110837,6.020731873127017e-14,1.7941783002298106e-10
1498,0.0003337783339759759,0.0003337783339247835,5.119239450748769e-14,1.5337243103134528e-10
1505,0.0003322258769521484,0.00033222587694581307,6.335318554484548e-15,1.9069310953755254e-11
1513,0.00033046923026770915,0.0003304692302208423,4.6866861520139524e-14,1.4181913844799785e-10
1521,0.0003287310624378332,0.00032873106238184846,5.5984730740199495e-14,1.7030556931560688e-10
1529,0.00032701108340868257,0.0003270110833000217,1.086608559207336e-13,3.322849329389076e-10
1537,0.0003253090091652728,0.0003253090092130151,4.7742300564312945e-14,1.4675984746569849e-10
1545,0.0003236245615751272,0.0003236245615880762,1.2948951806646125e-14,4.0012265273135376e-11
1553,0.00032195746823676386,0.00032195746825891547,2.2151605636594462e-14,6.880289423913727e-11
1561,0.000320307462332841,0.000320307462288838,4.400299569162769e-14,1.3737736664374952e-10
1569,0.00031867428248779533,0.0003186742824254907,6.230465362383475e-14,1.955120229264842e-10
1577,0.0003170576726298136,0.00031705767264611495,1.630135913407993e-14,5.141449187735909e-11
1585,0.0003154573818569843,0.00031545738193017314,7.318885081319948e-14,2.320086801658056e-10
1594,0.000313676255209287,0.00031367625524580944,3.65224343823467e-14,1.1643353226714173e-10
1602,0.0003121098322682436,0.00031210983229357225,2.5328643262628736e-14,8.115298091878108e-11
1610,0.00031055897625873363,0.0003105589762526506,6.083024708947171e-15,1.9587341451947815e-11
1619,0.00030883258326820125,0.0003088325831868133,8.138796711229523e-14,2.6353426264486805e-10
1627,0.00030731404596130214,0.00030731404604011914,7.881699850068036e-14,2.5647053734278456e-10
1636,0.00030562344333566954,0.000305623443409786,7.411643998186945e-14,2.4250901427239847e-10
1644,0.0003041362249091109,0.00030413622494052106,3.141015008853443e-14,1.0327658304406567e-10
1653,0.0003024803111027409,0.00030248031112023455,1.7493656263162238e-14,5.783403289750095e-11
1661,0.00030102345255414843,0.0003010234524936095,6.053892196572486e-14,2.0111031699377326e-10
1670,0.00029940117076614935,0.00029940117087789986,1.1175050685166554e-13,3.7324672634279555e-10
1679,0.0002977962809164309,0.0002977962808472512,6.91797422298912e-14,2.3230559500944464e-10
1687,0.00029638408777607364,0.0002963840877328039,4.326974976237574e-14,1.4599214852272108e-10
1696,0.00029481129513157436,0.00029481129513442283,2.8484701576625415e-15,9.662011614552517e-12
1705,0.000293255106745291,0.0002932551067260647,1.9226319755011323e-14,6.556175600280507e-11
1714,0.000291715261056653,0.0002917152610280027,2.865025924836395e-14,9.821309706110949e-11
1723,0.000290191501970079,0.00029019150201747834,4.739936741715578e-14,1.6333823387441245e-10
1732,0.00028868357871298826,0.0002886835786739539,3.9034368185669743e-14,1.352150626637411e-10
1741,0.00028719124569821607,0.00028719124566123355,3.6982515574240926e-14,1.2877312985056162e-10
1750,0.00028571426239067436,0.0002857142624179687,2.729435601145358e-14,9.553025383847433e-11
1759,0.00028425239317810604,0.00028425239315765793,2.0448107183185238e-14,7.193644688286906e-11
1768,0.00028280540724578664,0.0002828054073233943,7.760767939749003e-14,2.7442077629739615e-10
1777,0.000281373078455034,0.00028137307845099713,4.036864158923903e-15,1.4347016356680445e-11
1786,0.00027995518522539034,0.00027995518530588015,8.048981403260824e-14,2.875096382580174e-10
1796,0.0002783964149486181,0.0002783964148420637,1.0655441372992014e-13,3.827434837822399e-10
1805,0.00027700828899346477,0.0002770082890037884,1.03236104560811e-14,3.726823660617844e-11
1814,0.00027563393716260545,0.00027563393723539775,7.279230386861291e-14,2.6409049849935697e-10
1824,0.000274122786419051,0.0002741227863225504,9.650060698446206e-14,3.5203424073233287e-10
1833,0.0002727768482249839,0.0002727768483055115,8.052759847831936e-14,2.952141979875833e-10
1843,0.0002712967787298041,0.0002712967786919762,3.7827868008127874e-14,1.3943353174053808e-10
1852,0.0002699783820495878,0.00026997838199349644,5.6091362023863445e-14,2.0776242007984536e-10
1862,0.00026852844465426277,0.0002685284446215519,3.271086743486529e-14,1.2181527911123666e-10
1872,0.0002670939980397426,0.00026709399799074163,4.900095086635137e-14,1.834595731314794e-10
1881,0.0002658160365076647,0.000265816036517208,9.543255942434659e-15,3.5901731392189655e-11
1891,0.00026441034640062636,0.00026441034628987836,1.1074799931287682e-13,4.1884896268421693e-10
1901,0.000263019445244811,0.0002630194453558943,1.1108328883471796e-13,4.2233869336666275e-10
1911,0.0002616431008746436,0.00026164310088461207,9.968480034483473e-15,3.809953329997986e-11
1921,0.00026028108595881213,0.00026028108595710364,1.7084857834026579e-15,6.564002824519547e-12
1931,0.00025893317787509305,0.00025893317797454074,9.944768532971215e-14,3.8406698649365353e-10
1941,0.00025759915858904523,0.00025759915865819494,6.914970982971336e-14,2.684391913718543e-10
1951,0.00025627881453643497,0.000256278814504185,3.22499730913417e-14,1.2583940326740017e-10
1961,0.00025497193650925843,0.0002549719365561032,4.684474379582082e-14,1.8372509711130431e-10
1971,0.00025367831954523345,0.00025367831949552055,4.9712892222913974e-14,1.9596823375380983e-10
1981,0.0002523977628206384,0.0002523977627788554,4.178298332324637e-14,1.6554419047263364e-10
1992,0.00025100400025024897,0.00025100400034716586,9.691688640858787e-14,3.861168997783402e-10
2002,0.0002497502341720331,0.00024975023416118347,1.0849611140062443e-14,4.344184571450295e-11
2012,0.000248508930974978,0.00024850893100847316,3.34951792864413e-14,1.3478460977249096e-10
2023,0.00024715767150595286,0.0002471576715379342,3.1981362003108416e-14,1.2939659856901563e-10
2033,0.00024594194282158405,0.0002459419429214904,9.990635705878215e-14,4.062192723721718e-10
2044,0.000244618380665814,0.0002446183807478519,8.203789210459167e-14,3.353709229915471e-10
2055,0.00024330898802937622,0.0002433089880469197,1.7543475352987947e-14,7.21036879692657e-11
2065,0.00024213073640985629,0.0002421307362965308,1.1332547313752661e-13,4.680342314975652e-10
2076,0.00024084777022937177,0.00024084777032840066,9.902888513553532e-14,4.111679549336288e-10
2087,0.00023957832836660865,0.00023957832854648586,1.798772177215302e-13,7.508075498643503e-10
2098,0.00023832219809402525,0.00023832219812902622,3.5000973473697794e-14,1.4686409303714488e-10
2109,0.00023707917112220637,0.00023707917125648237,1.3427599960744163e-13,5.663761981782316e-10
2119,0.00023596034552211307,0.00023596034543515998,8.695309554850039e-14,3.685072394520272e-10
2130,0.00023474177110241804,0.000234741771237168,1.3474995858714367e-13,5.74034855212676e-10
2142,0.0002334266912959803,0.0002334266914658656,1.6988529181506673e-13,7.277886297915076e-10
2153,0.00023223407943969636,0.00023223407924888306,1.9081329398484836e-13,8.216420882121066e-10
2164,0.00023105359210125637,0.00023105359196051722,1.4073914559806222e-13,6.091190546666984e-10
2175,0.00022988504532249794,0.00022988504542809096,1.0559302455852293e-13,4.593296811038319e-10
2186,0.00022872825884798345,0.00022872825866215862,1.8582482557913393e-13,8.124261799353623e-10
2198,0.00022747951507121706,0.00022747951516066678,8.944971499613708e-14,3.932209674709964e-10
2209,0.0002263467516448954,0.00022634675178778707,1.4289166638120632e-13,6.312954144152341e-10
2221,0.0002251238066905159,0.00022512380655825837,1.3225754042292537e-13,5.874880243329554e-10
2232,0.0002240143256759816,0.0002240143257949967,1.1901509508818742e-13,5.312834111347549e-10
2244,0.0002228163882247899,0.00022281638803178794,1.9300197291044485e-13,8.66192897426079e-10
2255,0.00022172947912107278,0.00022172947910803487,1.303791059489856e-14,5.880097967388163e-11
2267,0.00022055578988865095,0.00022055578983781743,5.083352358839499e-14,2.3047920716141086e-10
2279,0.0002193944606990063,0.00021939446060059709,9.840920938385123e-14,4.485491979620293e-10
2291,0.00021824529733063952,0.000218245297219255,1.1138450730328875e-13,5.103638367728139e-10
2303,0.00021710810961008873,0.00021710810960939853,6.902031030042721e-16,3.1790756422863685e-12
2315,0.00021598271130701265,0.00021598271132461377,1.7601127803509864e-14,8.149322553178996e-11
2327,0.00021486892003251982,0.00021486892001121305,2.1306768198739445e-14,9.916170377509565e-11
2339,0.00021376655714062828,0.00021376655695348745,1.8714083017609684e-13,8.754448435682319e-10
2351,0.0002126754476327422,0.00021267544752845424,1.0428797040350213e-13,4.903620590167578e-10
2363,0.00021159542006503985,0.00021159541984161478,2.2342506534114848e-13,1.055906906077988e-09
2375,0.00021052630645866828,0.00021052630654594395,8.727567279986914e-14,4.1455946417320347e-10
2388,0.0002093802253266167,0.00020938022544214618,1.1552949352386377e-13,5.517688852595647e-10
2400,0.00020833332429108877,0.0002083333242808294,1.0259371477361334e-14,4.9244985228703366e-11
2413,0.00020721093184078527,0.000207210931876034,3.5248740775165044e-14,1.7011043028487092e-10
2425,0.00020618555824484857,0.0002061855584543082,2.0945961978768857e-13,1.015879199157838e-09
2438,0.00020508612755120597,0.0002050861276075011,5.6295137822182095e-14,2.744951035663117e-10
2451,0.00020399835952359635,0.00020399835966600222,1.4240586249276987e-13,6.980735669901203e-10
2463,0.0002030044577322757,0.0002030044579441892,2.11913494564675e-13,1.0438859172449733e-09
2476,0.0002019386024274638,0.00020193860245854012,3.107632423962614e-14,1.5388996391013815e-10
2489,0.0002008838810055577,0.00020088388100703014,1.4724278653982514e-15,7.32974620973952e-12
2502,0.0001998401199168518,0.00019984011987617123,4.068056655426311e-14,2.035655631671419e-10
2515,0.00019880714919994383,0.00019880714899045415,2.0948967929292073e-13,1.0537331284914371e-09
2528,0.0001977848023894723,0.00019778480236709584,2.2376469167167956e-14,1.1313543253492671e-10
2541,0.0001967729164266862,0.00019677291629704996,1.2963623772545285e-13,6.58811385629652e-10
2554,0.00019577133157274582,0.00019577133161874372,4.5997900583946705e-14,2.3495728518787e-10
2568,0.00019470404246307163,0.0001947040423146973,1.4837434124219395e-13,7.620506455089921e-10
2581,0.00019372335576738888,0.00019372335555090103,2.164878519506086e-13,1.1175103337077947e-09
2594,0.00019275249862113998,0.00019275249860584154,1.5298445019476525e-14,7.936833570985772e-11
2608,0.00019171778436431964,0.00019171778421878116,1.4553847493478655e-13,7.591287131621606e-10
2621,0.00019076687592674534,0.00019076687613051035,2.0376501050703433e-13,1.0681362239494883e-09
2635,0.00018975331385079314,0.0001897533138617291,1.0935967843100913e-14,5.763255260827795e-11
2649,0.00018875046515161607,0.0001887504649857874,1.6582866807154928e-13,8.785603147433063e-10
2662,0.00018782869359886963,0.0001878286934697826,1.2908703511498032e-13,6.872593991984044e-10
2676,0.00018684603234091186,0.0001868460321929888,1.4792306919295117e-13,7.916842939595132e-10
2690,0.00018587359952620911,0.00018587359954835847,2.2149355917086555e-14,1.1916353895090617e-10
2704,0.00018491123628103454,0.00018491123637431883,9.32842941347295e-14,5.044814799299313e-10
2718,0.00018395878700499716,0.00018395878714727587,1.4227871268299164e-13,7.73427108318162e-10
2732,0.00018301609928717192,0.0001830160990721197,2.1505223274896623e-13,1.1750454390983722e-09
2747,0.00018201673951035794,0.00018201673947260133,3.7756608820341264e-14,2.0743481573128975e-10
2761,0.00018109380065284956,0.0001810938006201468,3.270276302362596e-14,1.805846633387302e-10
2775,0.0001801801743306495,0.00018018017453869106,2.0804156466124046e-13,1.15463072135485e-09
2790,0.00017921146377836044,0.00017921146400112775,2.2276730698815583e-13,1.2430416129163646e-09
2804,0.00017831668477231812,0.0001783166849236295,1.5131139071734856e-13,8.485543061242362e-10
2819,0.0001773678553637183,0.0001773678554854996,1.2178130140601262e-13,6.866029989271875e-10
2833,0.00017649134642619212,0.00017649134633757058,8.862154716668402e-14,5.021297018873679e-10
2848,0.00017556179234165328,0.0001755617922754027,6.625058032554143e-14,3.7736331716535464e-10
2863,0.0001746419786063883,0.00017464197844674345,1.5964483966561527e-13,9.141263798060036e-10
2878,0.00017373175292169528,0.00017373175296597765,4.428236748642289e-14,2.5488931494510347e-10
2893,0.00017283096614750383,0.00017283096622122684,7.372301011852878e-14,4.2656134928742654e-10
2908,0.00017193947222091092,0.0001719394722385914,1.7680491402535803e-14,1.028297410371226e-10
2923,0.00017105712807722524,0.00017105712822740315,1.501779115561236e-13,8.779400966461009e-10
2938,0.0001701837935734303,0.00017018379367073067,9.730036871699599e-14,5.717369831400143e-10
2953,0.00016931933141397967,0.00016931933123487397,1.7910569945558952e-13,1.057798291310769e-09
2969,0.000168406866224171,0.00016840686612340505,1.0076593964618297e-13,5.983481665887106e-10
2984,0.00016756031701131705,0.00016756031709519448,8.387743082559351e-14,5.00580521221671e-10
2999,0.00016672223611265355,0.00016672223591740476,1.9524879217754088e-13,1.1711022880332053e-09
3015,0.00016583747470944144,0.00016583747492404655,2.146051077730332e-13,1.2940688354609596e-09
3031,0.0001649620542374663,0.00016496205444127554,2.0380924595567174e-13,1.2354916826040738e-09
3046,0.00016414970010749768,0.00016414970014011487,3.261719236716254e-14,1.9870394125485656e-10
3062,0.00016329196168121085,0.0001632919615985884,8.262246681094154e-14,5.059800002417907e-10
3078,0.00016244314061277226,0.00016244314065261278,3.984052671102134e-14,2.452582889048677e-10
3094,0.0001616030985592176,0.00016160309860424604,4.502843410636448e-14,2.7863595752691787e-10
3110,0.00016077170002451132,0.0001607716999387776,8.573372047016026e-14,5.332637551079528e-10
3126,0.00015994881228668866,0.00015994881232472835,3.803969400757723e-14,2.378241730197767e-10
3143,0.00015908367398860716,0.00015908367413430824,1.4570107815560507e-13,9.158770004647963e-10
3159,0.0001582779320905502,0.0001582779323143768,2.2382659961572848e-13,1.4141364917989837e-09
3175,0.0001574803110551105,0.00015748031091789017,1.372203403422062e-13,8.713491827825113e-10
3192,0.0001566416001665741,0.00015664160036976682,2.0319271439028785e-13,1.2971823204960297e-09
3209,0.00015581177558782964,0.0001558117755848798,2.949843060789936e-15,1.8932093223770094e-11
3225,0.00015503875596325334,0.0001550387560200761,5.6822764809422166e-14,3.6650684183050375e-10
3242,0.00015422578288315974,0.00015422578280777088,7.538885965149844e-14,4.888213776072219e-10
3259,0.0001534212912644841,0.00015342129108830704,1.7617705254727167e-13,1.1483220555324278e-09
3276,0.00015262514906983575,0.00015262514898495283,8.488291992035657e-14,5.561529042734446e-10
3293,0.00015183722698837787,0.00015183722689471324,9.366463225683741e-14,6.168752822653091e-10
3310,0.00015105739836581003,0.00015105739839782473,3.2014701219912345e-14,2.119373269118772e-10
3327,0.00015028553913649784,0.0001502855393482605,2.1176265493742796e-13,1.4090687377785105e-09
3344,0.00014952152775767237,0.00014952152787373052,1.160581505031677e-13,7.761969279183775e-10
3362,0.00014872099611571465,0.0001487209960941982,2.1516452898898142e-14,1.446766324921394e-10
3379,0.00014797276976976316,0.0001479727698097122,3.994902824343283e-14,2.699755387804874e-10
3397,0.0001471886927193831,0.00014718869260832435,1.1105875876056548e-13,7.545332233658753e-10
3414,0.00014645576721597953,0.0001464557672079536,8.025915002041195e-15,5.480094880937882e-11
3432,0.00014568764259544154,0.00014568764254363487,5.180667635336367e-14,3.5560103403708076e-10
3450,0.00014492753318782757,0.00014492753325612284,6.829527720263184e-14,4.712374225960257e-10
3468,0.00014417531418879452,0.00014417531428989605,1.0110152732362154e-13,7.012402080929834e-10
3486,0.00014343086337171364,0.0001434308633179171,5.3796539705580626e-14,3.7506948254339224e-10
3504,0.00014269406102146188,0.00014269406119638006,1.7491818540479875e-13,1.225826668276616e-09
3522,0.00014196478987024396,0.0001419647896909737,1.792702542403185e-13,1.2627796963188676e-09
3541,0.00014120304717053086,0.0001412030469509773,2.1955356911858293e-13,1.554878407499437e-09
3559,0.00014048889860394343,0.00014048889852347202,8.04714097007303e-14,5.72795505555138e-10
3577,0.00013978193744213166,0.0001397819373778475,6.428416284530447e-14,4.5988890998107303e-10
3596,0.0001390433788469047,0.00013904337902204134,1.7513662503750027e-13,1.2595826316212902e-09
3615,0.00013831258379939546,0.00013831258365826216,1.4113330729786933e-13,1.0203938312841077e-09
3634,0.0001375894305268504,0.00013758943032371462,2.0313576667117805e-13,1.4763907801154565e-09
3652,0.00013691127892323407,0.00013691127878701081,1.362232538142799e-13,9.949746645100005e-10
3671,0.00013620266704560523,0.00013620266690850258,1.371026501963829e-13,1.0066076764155897e-09
3690,0.00013550135252566174,0.00013550135236073402,1.6492772317126814e-13,1.2171666193518882e-09
3710,0.00013477088704000106,0.00013477088714353158,1.0353051966074944e-13,7.681964698356609e-10
3729,0.00013408420247002233,0.0001340842022727884,1.9723393925030752e-13,1.470970745374749e-09
3748,0.0001334044800164414,0.00013340448003873462,2.229322954537538e-14,1.6711005164615057e-10
3768,0.00013269638832161205,0.0001326963883911958,6.958374306441362e-14,5.243830969669324e-10
3787,0.00013203062880484724,0.00013203062871980364,8.504359868231892e-14,6.441202276482434e-10
3807,0.00013133700850414897,0.00013133700849721208,6.93688812988813e-15,5.281746713203835e-11
3827,0.00013065063795798416,0.00013065063785688835,1.0109580815716168e-13,7.737873288431474e-10
3847,0.00012997140409506553,0.00012997140402148943,7.357610072415699e-14,5.66094528534453e-10
3867,0.0001292991961833098,0.0001292991960326617,1.5064807582822193e-13,1.1651122379341435e-09
3887,0.00012863390576965761,0.00012863390566053567,1.0912193999963737e-13,8.483139755939623e-10
3907,0.00012797542662174177,0.00012797542649423121,1.2751055094607777e-13,9.963674614108688e-10
3927,0.00012732365467133777,0.00012732365485135233,1.800145590317298e-13,1.4138343695553175e-09
3948,0.00012664640121082688,0.00012664640098591917,2.249077118120224e-13,1.7758713209514811e-09
3968,0.00012600806251536898,0.00012600806257978547,6.441648972045633e-14,5.112092705385384e-10
3989,0.00012534469594995077,0.00012534469578895369,1.609970837201935e-13,1.2844347540998342e-09
4010,0.00012468827736319618,0.00012468827753764344,1.7444726219117968e-13,1.3990670645247898e-09
4030,0.00012406947699835792,0.00012406947689669323,1.0166468903706483e-13,8.194174062522273e-10
4051,0.0001234263126099661,0.00012342631271167193,1.0170583450951065e-13,8.240206837492315e-10
4072,0.00012278978203863819,0.000122789781926258,1.1238018436839081e-13,9.152242352953131e-10
4094,0.00012212994444116715,0.00012212994442961644,1.1550710474900194e-14,9.457721877917042e-11
4115,0.00012150668107364842,0.00012150668135291198,2.79263564313334e-13,2.2983391682311276e-09
4136,0.00012088974678260024,0.00012088974654034246,2.422577790499661e-13,2.003956377587801e-09
4158,0.00012025011851129256,0.000120250118925469,4.1417643782942076e-13,3.444291306794229e-09
4179,0.00011964584657631866,0.00011964584700763226,4.313135948657426e-13,3.604919077492757e-09
4201,0.00011901927943756381,0.00011901927973667625,2.9911244650831365e-13,2.513142811162999e-09
4223,0.00011839924058508404,0.00011839924081868958,2.336055340054072e-13,1.9730323678683868e-09
4245,0.00011778562851902777,0.00011778562839026563,1.2876214038146788e-13,1.093190587004992e-09
4267,0.00011717834383281412,0.00011717834422597662,3.931624990849425e-13,3.35524881326103e-09
4289,0.00011657728915944693,0.00011657728919090005,3.1453111599619166e-14,2.6980479496825167e-10
4311,0.00011598236911947228,0.00011598236869758694,4.2188534566875435e-13,3.637495499287262e-09
4334,0.00011536686510042529,0.000115366865429678,3.2925271124979727e-13,2.853962539098096e-09
4356,0.00011478420418096722,0.00011478420401545009,1.6551713612981273e-13,1.4419853089616812e-09
4379,0.00011418131844743395,0.00011418131816753885,2.7989509852627964e-13,2.4513213048519484e-09
4402,0.00011358473274630946,0.00011358473238942679,3.568826684912166e-13,3.1419950539330935e-09
4424,0.00011301989005724507,0.00011301988979539601,2.618490548087632e-13,2.3168404665420883e-09
4447,0.00011243534825256268,0.00011243534845561953,2.0305685030554826e-13,1.805987649448314e-09
4471,0.0001118318035667242,0.00011183180322404951,3.4267468691177166e-13,3.0641970886869905e-09
4494,0.00011125945567660588,0.0001112594554797397,1.9686617787340044e-13,1.7694332286293467e-09
4517,0.00011069293643425656,0.00011069293668697355,2.527169960927708e-13,2.283045370676078e-09
4541,0.0001101079044127119,0.00011010790422005812,1.9265378138275113e-13,1.7496816637308497e-09
4564,0.00010955302234861254,0.00010955302241200116,6.338861185083144e-14,5.786112559188034e-10
4588,0.00010897994639531074,0.00010897994616243523,2.328755135776184e-13,2.1368657379669873e-09
4612,0.00010841283480557863,0.00010841283437912352,4.2645510874798204e-13,3.9336219693245936e-09
4636,0.00010785159494909765,0.00010785159520310117,2.5400352394316927e-13,2.355120701395751e-09
4660,0.00010729613610381323,0.00010729613586590858,2.3790465311732817e-13,2.2172713925797484e-09
4684,0.00010674636940704662,0.00010674636905605439,3.5099222519315715e-13,3.2880952030766416e-09
4708,0.00010620220780810228,0.00010620220746204723,3.4605505310272844e-13,3.2584544167671018e-09
4733,0.00010564124116204609,0.0001056412411344354,2.7610685547803382e-14,2.613627523123339e-10
4757,0.00010510826034814522,0.00010510825995879713,3.893480861067583e-13,3.7042577321433985e-09
4782,0.00010455876088116538,0.00010455876054038526,3.4078011137798903e-13,3.2592210208506327e-09
4807,0.00010401497703150454,0.00010401497729617404,2.64669498340267e-13,2.5445325845729183e-09
4832,0.00010347682008407984,0.00010347682018618798,1.0210814127813855e-13,9.867730878777569e-10
4857,0.00010294420315034909,0.00010294420280843042,3.419186727368975e-13,3.3213980221647676e-09
4882,0.00010241704112154339,0.0001024170414893888,3.6784540257545073e-13,3.5916425484203388e-09
4908,0.00010187448957025147,0.00010187448970100377,1.3075230188928227e-13,1.2834646086655187e-09
4933,0.00010135819883706827,0.00010135819866263773,1.7443053837266909e-13,1.7209317092647183e-09
4959,0.0001008267785676508,0.0001008267781799077,3.8774310097324655e-13,3.845636114547547e-09
4985,0.00010030090169907012,0.00010030090197687969,2.77809567884868e-13,2.7697614196766843e-09
5011,9.97804819441085e-05,9.97804818325676e-05,1.1154090346666978e-13,1.1178629456725697e-09
5037,9.926543479713851e-05,9.926543498295359e-05,1.8581508131210872e-13,1.8719011475831984e-09
5063,9.875567748837805e-05,9.87556777545251e-05,2.6614704906093023e-13,2.695005045074512e-09
5089,9.82511289395476e-05,9.825112920225365e-05,2.627060488634772e-13,2.6738221911436374e-09
5115,9.77517097208801e-05,9.77517092906055e-05,4.302745903713226e-13,4.401709101558706e-09
5142,9.723842770757372e-05,9.723842777020764e-05,6.263391227109144e-14,6.441271598863275e-10
5169,9.673050789738913e-05,9.673050772107672e-05,1.763124151885065e-13,1.8227177652735695e-09
5196,9.622786669940316e-05,9.622786637919489e-05,3.202082696218689e-13,3.3276043687234202e-09
5223,9.57304222511666e-05,9.5730421890039e-05,3.611276045995676e-13,3.772338992217981e-09
5250,9.523809437425766e-05,9.523809421807528e-05,1.5618238581767419e-13,1.6399150659600917e-09
5277,9.475080453120001e-05,9.475080423726467e-05,2.939353404771139e-13,3.1021936112460704e-09
5304,9.42684757836967e-05,9.426847555005224e-05,2.336444568633994e-13,2.4785004204322472e-09
5332,9.377344253624732e-05,9.377344213135075e-05,4.048965752522643e-13,4.317817116458692e-09
5360,9.32835812778147e-05,9.328358100901823e-05,2.6879645969972443e-13,2.881498073055342e-09
5388,9.27988113760561e-05,9.279881123802625e-05,1.380298598942925e-13,1.487409783029903e-09
5416,9.231905386606281e-05,9.231905369233573e-05,1.7372708089810618e-13,1.8818117563266056e-09
5444,9.184423140747953e-05,9.184423106489703e-05,3.425825026220561e-13,3.730038320013173e-09
5472,9.137426824294071e-05,9.13742678676499e-05,3.7529080862928887e-13,4.10718264393086e-09
5500,9.090909015777612e-05,9.090909043152351e-05,2.7374738760521655e-13,3.011221288543508e-09
5529,9.04322654930372e-05,9.043226509675151e-05,3.962856925205857e-13,4.3821272237296495e-09
5558,8.996041668829826e-05,8.996041651698761e-05,1.7131065175365195e-13,1.9042892203047727e-09
5587,8.94934662601503e-05,8.949346647568746e-05,2.1553715572313753e-13,2.408412197339506e-09
5616,8.903133832562507e-05,8.90313385752961e-05,2.4967103850939004e-13,2.8043051267660156e-09
5645,8.857395856108539e-05,8.857395823724801e-05,3.2383737889624814e-13,3.6561240364221996e-09
5674,8.812125416237616e-05,8.812125452095643e-05,3.585802715953129e-13,4.069168953662154e-09
5704,8.765778333766769e-05,8.765778329689056e-05,4.07771283102501e-14,4.6518548333776585e-10
5733,8.721437226527588e-05,8.721437188796699e-05,3.7730888834304477e-13,4.326223746648109e-09
5763,8.676036721088311e-05,8.676036759425187e-05,3.8336876533560937e-13,4.418708422519448e-09
5793,8.631106443556017e-05,8.631106447865022e-05,4.3090056804813426e-14,4.99241401859717e-10
5823,8.58663912611165e-05,8.58663916005753e-05,3.3945879419038094e-13,3.953337146289278e-09
5853,8.542627649943203e-05,8.542627620045096e-05,2.989810683100627e-13,3.4998724111784334e-09
5884,8.497620604852517e-05,8.497620638081571e-05,3.322905373168844e-13,3.910395071381885e-09
5914,8.454514650423725e-05,8.454514681943692e-05,3.151996757133277e-13,3.728181790985843e-09
5945,8.410428872384092e-05,8.410428836214123e-05,3.616996838758796e-13,4.300609271704703e-09
5976,8.366800476904827e-05,8.366800466319546e-05,1.0585281295157761e-13,1.2651528292537492e-09
6007,8.323622382817805e-05,8.323622387251817e-05,4.43401148046349e-14,5.327021429535874e-10
6038,8.280887654378021e-05,8.280887686851202e-05,3.247318050309672e-13,3.9214613044446365e-09
6070,8.237232234059312e-05,8.237232214014512e-05,2.0044800238053218e-13,2.433438765411028e-09
6101,8.195377751873286e-05,8.195377722586272e-05,2.928701389477012e-13,3.5736014594416643e-09
6133,8.152616935867305e-05,8.152616919687716e-05,1.6179588322329935e-13,1.9845883168075887e-09
6165,8.110300027755908e-05,8.110300041153096e-05,1.3397188089805945e-13,1.6518733023385943e-09
6197,8.068420150799255e-05,8.068420174822677e-05,2.4023422411523915e-13,2.9774629930673806e-09
6229,8.026970569567942e-05,8.026970590435667e-05,2.0867724594749587e-13,2.5997011467643647e-09
6261,7.985944686331806e-05,7.985944648680743e-05,3.7651063094102516e-13,4.714666150711448e-09
6294,7.944073670870427e-05,7.944073695398401e-05,2.4527974866028063e-13,3.0875814956208168e-09
6327,7.902639432233515e-05,7.902639390522381e-05,4.1711133245275755e-13,5.278126833819999e-09
6359,7.862871472067347e-05,7.86287146183895e-05,1.0228397176546139e-13,1.3008475609555952e-09
6392,7.822277799446159e-05,7.822277802915778e-05,3.469619069048496e-14,4.435561045011922e-10
6426,7.78089008672405e-05,7.780890064168489e-05,2.2555561747777259e-13,2.898840813374568e-09
6459,7.741136352434438e-05,7.741136323602404e-05,2.883203387409744e-13,3.724522158175178e-09
6493,7.70060060118647e-05,7.700600599491736e-05,1.694734034097395e-14,2.200781629729347e-10
6526,7.661661003140477e-05,7.661661038582679e-05,3.544220174506521e-13,4.6259161989205245e-09
6560,7.621951175233125e-05,7.62195113566122e-05,3.957190478076633e-13,5.191833937398056e-09
6594,7.582650851155146e-05,7.58265086915344e-05,1.799829409858747e-13,2.3736150393691935e-09
6629,7.542615736241476e-05,7.542615730926627e-05,5.314848496203173e-14,7.046426176354026e-10
6663,7.504127227741313e-05,7.50412718844018e-05,3.930113341970437e-13,5.237269069001875e-09
6698,7.464914858371935e-05,7.464914870070061e-05,1.1698125378534902e-13,1.5670808844410867e-09
6732,7.427213268595144e-05,7.427213313349057e-05,4.4753912761038434e-13,6.025666847385901e-09
6767,7.388798541012011e-05,7.388798530882923e-05,1.0129088323304614e-13,1.3708708211602256e-09
6803,7.34969862265319e-05,7.349698626057943e-05,3.40475396357412e-14,4.6325082678628633e-10
6838,7.312079516330428e-05,7.31207956050639e-05,4.417596252996245e-13,6.041504667899479e-09
6873,7.274843552361888e-05,7.274843574123224e-05,2.176133622258658e-13,2.991313292987783e-09
6909,7.236937290220537e-05,7.236937290144851e-05,7.568544315578185e-16,1.0458214590039017e-11
6945,7.19942400876047e-05,7.199423998827115e-05,9.93335594985309e-14,1.3797431485860384e-09
6981,7.162297628349444e-05,7.162297606555512e-05,2.1793931405649641e-13,3.0428687184662652e-09
7017,7.125552194118929e-05,7.125552201614482e-05,7.49555311482103e-14,1.051925929474979e-09
7054,7.088176885283349e-05,7.088176880643005e-05,4.640344640656491e-14,6.54659825192976e-10
7091,7.051191616331052e-05,7.051191641949117e-05,2.561806561156288e-13,3.633154083095636e-09
7127,7.015574541028282e-05,7.015574556135107e-05,1.5106824482764153e-13,2.1533267723715077e-09
7164,6.979341116198211e-05,6.979341105761705e-05,1.0436505717796585e-13,1.4953425465298881e-09
7202,6.942515934324821e-05,6.94251593813533e-05,3.810508495110526e-14,5.488656462811718e-10
7239,6.907031324970935e-05,6.907031365699368e-05,4.072843272492563e-13,5.896662518045988e-09
7277,6.870963276618019e-05,6.870963261462748e-05,1.5155270701588952e-13,2.2056981083223867e-09
7315,6.835269961229722e-05,6.835269959992729e-05,1.2369933636430241e-14,1.809721299464928e-10
7353,6.799945568992752e-05,6.799945549573749e-05,1.941900280985273e-13,2.8557585664217586e-09
7391,6.764984409575826e-05,6.764984391338658e-05,1.8237168231734907e-13,2.6958182203524698e-09
7429,6.730380909073881e-05,6.730380937369773e-05,2.829589183404521e-13,4.204203627746651e-09
7468,6.695232964096048e-05,6.695232968922937e-05,4.8268897559489155e-14,7.20944257180245e-10
7507,6.660450216889838e-05,6.660450253548333e-05,3.6658494978730055e-13,5.503906460522738e-09
7546,6.626027005099236e-05,6.62602697047987e-05,3.4619365479795355e-13,5.2247546611496e-09
7585,6.591957782825374e-05,6.591957753698807e-05,2.9126566881022137e-13,4.418500215051168e-09
7624,6.558237117647905e-05,6.558237146236934e-05,2.8589028930672833e-13,4.3592551500983565e-09
7664,6.524008322962758e-05,6.52400831313571e-05,9.82704857158817e-14,1.5062900114642094e-09
7704,6.490134967470242e-05,6.490135001513408e-05,3.4043166235227934e-13,5.245371075618394e-09
7744,6.456611543331719e-05,6.45661157250288e-05,2.9171160116376466e-13,4.518029297659072e-09
7784,6.423432655922093e-05,6.423432660085382e-05,4.163288908499291e-14,6.4814081994943e-10
7824,6.390593020935788e-05,6.390592989191646e-05,3.1744142633526734e-13,4.967323459580653e-09
7865,6.35727905885887e-05,6.357279016810935e-05,4.2047935229147515e-13,6.61414023827595e-09
7906,6.324310624843849e-05,6.324310652416898e-05,2.7573048824638263e-13,4.359850497589855e-09
7947,6.291682370966864e-05,6.291682348091854e-05,2.287500972062567e-13,3.635754059388474e-09
7988,6.259389059101181e-05,6.259389101614943e-05,4.2513761337303196e-13,6.791998537858577e-09
8030,6.22665003812505e-05,6.226650020835223e-05,1.728982760998768e-13,2.7767463249297914e-09
8071,6.195019180784127e-05,6.195019159349613e-05,2.143451431971255e-13,3.4599593147667223e-09
8113,6.162948331084721e-05,6.162948375276756e-05,4.419203447191683e-13,7.170599540648547e-09
8156,6.1304560828945e-05,6.130456040409626e-05,4.2484874125670036e-13,6.930132693424461e-09
8198,6.099048525738965e-05,6.099048550822772e-05,2.5083807372785344e-13,4.112741072140621e-09
8240,6.067961142706219e-05,6.0679611124214716e-05,3.0284747555868116e-13,4.9909264155837315e-09
8283,6.036460197730983e-05,6.036460217728745e-05,1.9997762126799934e-13,3.3128292859972473e-09
8326,6.0052846288353096e-05,6.005284558341373e-05,7.049393688685242e-13,1.173865041273228e-08
8370,5.973715629817636e-05,5.973715633444954e-05,3.6273176302892285e-14,6.072129734772731e-10
8413,5.943183147913094e-05,5.943183168710675e-05,2.0797580779947922e-13,3.499400954394421e-09
8457,5.912262010787016e-05,5.912261985940859e-05,2.48461570328401e-13,4.202479015224273e-09
8501,5.881660960714072e-05,5.8816609453060664e-05,1.540800568188526e-13,2.619669135096598e-09
8545,5.8513750531079045e-05,5.8513751355349086e-05,8.242700413278042e-13,1.4086775054523307e-08
8589,5.821399444703288e-05,5.8213994634570554e-05,1.8753767527628085e-13,3.22152219681327e-09
8634,5.791058586091986e-05,5.79105853830697e-05,4.77850160970298e-13,8.251516607307687e-09
8679,5.761032357881384e-05,5.7610322983236983e-05,5.955768579593394e-13,1.033802313476959e-08
8724,5.7313158913067504e-05,5.7313158322358504e-05,5.907090002690504e-13,1.0306690670549791e-08
8769,5.701904417543782e-05,5.701904410670977e-05,6.872805005230659e-14,1.2053525457361608e-09
8815,5.672149726504095e-05,5.672149745805655e-05,1.9301559997650028e-13,3.4028650385338332e-09
8861,5.6427039657825825e-05,5.6427039453410544e-05,2.0441528108877324e-13,3.6226476229897883e-09
8907,5.6135623489883905e-05,5.613562279904727e-05,6.908366362149733e-13,1.2306563876314077e-08
8953,5.584720188099464e-05,5.5847202020231634e-05,1.392369970406107e-13,2.4931776767851723e-09
8999,5.556172890948407e-05,5.5561728004249744e-05,9.052343225598829e-13,1.6292407387729158e-08
9046,5.5273048692509955e-05,5.5273048928938806e-05,2.3642885067266806e-13,4.277470779438054e-09
9093,5.498735274257072e-05,5.498735299624968e-05,2.5367896124657216e-13,4.613405603179295e-09
9140,5.4704595022287054e-05,5.470459473144729e-05,2.9083976709181475e-13,5.316550958348645e-09
9188,5.4418806978591284e-05,5.441880784928799e-05,8.706967032133875e-13,1.5999922665631484e-08
9236,5.413598944723336e-05,5.4135989557835273e-05,1.1060191662266156e-13,2.0430386098413486e-09
9284,5.3856096353916464e-05,5.385609620134346e-05,1.5257300224657058e-13,2.832975513931309e-09
9332,5.3579082572293285e-05,5.3579082305077463e-05,2.6721582168124855e-13,4.987316110176002e-09
9380,5.330490389971148e-05,5.330490421329159e-05,3.135801148368596e-13,5.882762971054843e-09
9429,5.302789252243306e-05,5.3027892136015e-05,3.864180636169341e-13,7.287071864179079e-09
9478,5.275374536912019e-05,5.275374496704899e-05,4.020712053771393e-13,7.621661790339814e-09
9527,5.24824182452816e-05,5.248241905064788e-05,8.053662784953709e-13,1.534544911271837e-08
9577,5.220841585435321e-05,5.220841558184475e-05,2.725084630064538e-13,5.21962711465285e-09
9627,5.193725965007381e-05,5.1937258831458166e-05,8.186156423952221e-13,1.576162562119426e-08
9677,5.1668905514639055e-05,5.166890514374245e-05,3.708966049868409e-13,7.17833291207914e-09
9727,5.1403310237365056e-05,5.140331086295191e-05,6.255868558097989e-13,1.2170166725081062e-08
9777,5.1140431491493104e-05,5.114043233334087e-05,8.418477639169156e-13,1.6461491218683825e-08
9828,5.087505074337246e-05,5.0875050874310546e-05,1.3093808670780124e-13,2.5737190389900236e-09
9879,5.0612410033322396e-05,5.0612410632311366e-05,5.989889709451593e-13,1.1834824118250733e-08
9931,5.034739691194943e-05,5.034739660914056e-05,3.028088711850771e-13,6.01438981472364e-09
9982,5.009016216644839e-05,5.009016240364872e-05,2.3720032828102727e-13,4.735467365683832e-09
10034,4.9830575917725424e-05,4.9830576244858094e-05,3.271326690979827e-13,6.564898419759525e-09
10086,4.957366634654231e-05,4.9573665819480084e-05,5.27062226328423e-13,1.0631899255625358e-08
10139,4.931452794003735e-05,4.931452713208273e-05,8.079546214467999e-13,1.638370385354211e-08
10191,4.906289851794878e-05,4.906289905193262e-05,5.339838407602063e-13,1.088365866857332e-08
10244,4.8809058845064224e-05,4.8809059080667794e-05,2.3560356953149925e-13,4.827045944060945e-09
10298,4.85531169956591e-05,4.855311635765247e-05,6.380066288648456e-13,1.3140384559077571e-08
10351,4.830451152867714e-05,4.830451143789105e-05,9.078608904141555e-14,1.8794536197207626e-09
10405,4.805382016774773e-05,4.8053820137283765e-05,3.046396685260633e-14,6.339551516666477e-10
10459,4.780571745456608e-05,4.7805717258597724e-05,1.9596835683062877e-13,4.099266097551501e-09
10513,4.7560163499383186e-05,4.756016278406605e-05,7.153171352231209e-13,1.504025811922194e-08
10568,4.7312641832017124e-05,4.7312641981989145e-05,1.499720215635686e-13,3.1698086548631584e-09
10623,4.7067683224354386e-05,4.706768231699243e-05,9.073619541269048e-13,1.9277812120087645e-08
10678,4.6825248071146104e-05,4.682524740928784e-05,6.618582635078973e-13,1.4134645106466332e-08
10733,4.6585297578953234e-05,4.658529724110849e-05,3.3784474241620177e-13,7.252175256444785e-09
10789,4.6343497907696735e-05,4.634349716070574e-05,7.469909971613217e-13,1.6118571771365177e-08
10845,4.6104195383789915e-05,4.610419455275405e-05,8.310358626836649e-13,1.802516789992293e-08
10902,4.5863144280708675e-05,4.586314389598556e-05,3.847231168081604e-13,8.388502856529742e-09
10958,4.562876427806242e-05,4.562876347335987e-05,8.04702550254166e-13,1.7635861128087884e-08
11015,4.539264629775341e-05,4.539264591585379e-05,3.818996171817829e-13,8.413248583850111e-09
11072,4.515895944547816e-05,4.5158960347180255e-05,9.017020935258788e-13,1.9967291199756987e-08
11130,4.492362973862837e-05,4.492363041208591e-05,6.734575462401249e-13,1.4991165009559337e-08
11188,4.4690739989396576e-05,4.4690739741781726e-05,2.476148490892713e-13,5.540629874287625e-09
11246,4.446025244634919e-05,4.4460251956479624e-05,4.898695652681001e-13,1.1018146283789833e-08
11304,4.4232130132852024e-05,4.4232130676391535e-05,5.435395108175159e-13,1.2288341284604311e-08
11363,4.4002464052793415e-05,4.400246325531043e-05,7.974829835128566e-13,1.8123598318404395e-08
11422,4.3775170639280965e-05,4.377517143439036e-05,7.951093939067427e-13,1.816347902921168e-08
11481,4.3550213313447386e-05,4.3550213376875035e-05,6.34276499053045e-14,1.4564256998878897e-09
11541,4.332380201555533e-05,4.332380194682628e-05,6.872905293931614e-14,1.586404002922899e-09
11601,4.309973270159525e-05,4.309973337512929e-05,6.735340367033937e-13,1.5627336748621277e-08
11661,4.287796922054197e-05,4.287796946300659e-05,2.424646244956856e-13,5.65475998288477e-09
11722,4.265483698091473e-05,4.265483767085243e-05,6.899376970887112e-13,1.6174899399976924e-08
11783,4.2434015030100754e-05,4.243401417625137e-05,8.538493872990889e-13,2.0121814697322587e-08
11844,4.221546767214852e-05,4.221546805638354e-05,3.8423502254263456e-13,9.10175923021059e-09
11906,4.199563238015987e-05,4.1995632273028605e-05,1.0713126349579105e-13,2.551009650860822e-09
11967,4.1781565900154616e-05,4.1781566324061714e-05,4.2390709811736954e-13,1.0145792504052626e-08
12030,4.156275969545042e-05,4.156276008870918e-05,3.9325876268533205e-13,9.461805846554008e-09
12092,4.1349652592218254e-05,4.134965274715796e-05,1.549397071688892e-13,3.7470618845791194e-09
12155,4.113533518337656e-05,4.113533577765338e-05,5.942768182393664e-13,1.4446869475844773e-08
12218,4.092322795569199e-05,4.0923227061284706e-05,8.944072831537989e-13,2.1855736407748263e-08
12282,4.070998202013912e-05,4.0709981476538815e-05,5.43600307454338e-13,1.3352997974438317e-08
12345,4.050222755607815e-05,4.050222742080223e-05,1.3527591861354354e-13,3.3399624360473665e-09
12410,4.029008857279246e-05,4.029008778161369e-05,7.911787680081953e-13,1.9637057053840065e-08
12474,4.008337335230572e-05,4.0083374187815934e-05,8.355102159717138e-13,2.084430890155239e-08
12539,3.9875588101520756e-05,3.9875587390270084e-05,7.112506723448882e-13,1.7836744389426644e-08
12604,3.9669945986444597e-05,3.9669945181231014e-05,8.052135821719035e-13,2.0297824011332124e-08
12669,3.946641402014374e-05,3.946641481888946e-05,7.987457199018326e-13,2.0238619082396266e-08
12735,3.926187665718513e-05,3.9261876736418344e-05,7.923321693843396e-14,2.0180700385327574e-09
12801,3.905944842099677e-05,3.905944868165534e-05,2.606585669420562e-13,6.673380641031704e-09
12868,3.885607703179225e-05,3.8856076571391895e-05,4.604003539087492e-13,1.1848863526084921e-08
12935,3.865481246640145e-05,3.865481266984716e-05,2.0344571296723735e-13,5.263140602326586e-09
13002,3.845562215509788e-05,3.845562241622247e-05,2.611245909171084e-13,6.790283872250194e-09
13070,3.825554699833639e-05,3.825554631475825e-05,6.835781398394081e-13,1.786873260155278e-08
13138,3.805754294990194e-05,3.805754204222467e-05,9.076772739999815e-13,2.385012808616748e-08
13206,3.786157801629944e-05,3.7861578675801866e-05,6.595024277123579e-13,1.7418778145708603e-08
13274,3.766762085961844e-05,3.7667621654691175e-05,7.950727343207856e-13,2.1107590980696713e-08
13343,3.747283214403758e-05,3.747283153643366e-05,6.076039194349847e-13,1.621451821681064e-08
13413,3.7277268269977084e-05,3.727726834767964e-05,7.770255386384609e-14,2.0844487128480743e-09
13482,3.7086485633607496e-05,3.7086485463078134e-05,1.7052936211563174e-13,4.5981537264102295e-09
13552,3.689492320833694e-05,3.689492405101191e-05,8.426749695169405e-13,2.2839862404877587e-08
13623,3.670263519976938e-05,3.670263504318427e-05,1.5658510593838035e-13,4.266317802144197e-09
13694,3.651234112263944e-05,3.651234146673232e-05,3.440928843397549e-13,9.424015928860843e-09
13765,3.632401012279572e-05,3.63240105798468e-05,4.570510772150885e-13,1.2582616172333314e-08
13836,3.61376119794042e-05,3.613761145970784e-05,5.196963600564639e-13,1.4381037694263053e-08
13908,3.595053202141067e-05,3.595053203753196e-05,1.6121286705757243e-14,4.484297115869123e-10
13980,3.5765379067268874e-05,3.576537892513443e-05,1.4213444603141528e-13,3.9740791161218636e-09
14053,3.557959150124858e-05,3.557959098543506e-05,5.158135203686687e-13,1.4497454821834236e-08
14126,3.5395724152171274e-05,3.539572389854584e-05,2.5362543554056927e-13,7.165425813869418e-09
14199,3.521374740333798e-05,3.52137467416469e-05,6.616910795329001e-13,1.879070329987592e-08
14273,3.503117770520621e-05,3.503117841319181e-05,7.079855975024481e-13,2.0210156891106454e-08
14347,3.485049134960073e-05,3.4850490919779986e-05,4.2982074334192016e-13,1.233327642443252e-08
14422,3.46692552627251e-05,3.4669255910557695e-05,6.478325973000194e-13,1.8686083458981633e-08
14497,3.44898944198954e-05,3.4489894460421056e-05,4.0525654392605664e-14,1.1750008248569342e-09
14572,3.431237986627301e-05,3.4312379284529015e-05,5.817439967790473e-13,1.6954347062089575e-08
14648,3.413435277289889e-05,3.413435297261458e-05,1.99715691575654e-13,5.850870907217526e-09
14724,3.3958163503356534e-05,3.3958163839997724e-05,3.3664118991331635e-13,9.913409771999055e-09
14801,3.3781501211364446e-05,3.3781501770135947e-05,5.587715010200826e-13,1.6540753992072625e-08
14877,3.36089264929233e-05,3.360892696946394e-05,4.765406344813157e-13,1.4178990054373089e-08
14955,3.3433634198669075e-05,3.343363459862303e-05,3.9995395504591885e-13,1.1962622808795348e-08
15032,3.32623735661793e-05,3.326237310830038e-05,4.578789197838898e-13,1.3765671859613003e-08
15111,3.3088478555527514e-05,3.3088477721321397e-05,8.342061172698575e-13,2.5211377303732248e-08
15189,3.29185594481654e-05,3.2918558645178564e-05,8.029868341975256e-13,2.4393134075685602e-08
15268,3.274823156037311e-05,3.274823211540934e-05,5.550362280242263e-13,1.694858627712423e-08
15347,3.257965722742445e-05,3.2579657272435725e-05,4.5011276606984896e-14,1.3815761256412462e-09
15427,3.241070846404181e-05,3.241070771764498e-05,7.463968272657454e-13,2.3029327732648558e-08
15507,3.2243502900637023e-05,3.224350257369224e-05,3.2694478363775453e-13,1.0139865530283164e-08
15588,3.207595583048284e-05,3.207595545973163e-05,3.70751206699247e-13,1.1558539631947925e-08
15669,3.191014101033068e-05,3.19101418426726e-05,8.323419197256952e-13,2.6083931106923985e-08
15750,3.174603171403776e-05,3.1746032618684694e-05,9.046469357041481e-13,2.849637850339962e-08
15832,3.158160684065823e-05,3.158160689054057e-05,4.98823394699463e-14,1.579474398551744e-09
15914,3.1418876429962746e-05,3.141887646052055e-05,3.055780455063495e-14,9.72593804197701e-10
15997,3.1255860443304096e-05,3.1255860449164174e-05,5.860078860966261e-15,1.8748736326091637e-10
16080,3.109452733311973e-05,3.109452700300608e-05,3.301136490899137e-13,1.0616454964996352e-08
16164,3.093293736213664e-05,3.093293707934208e-05,2.827945600673669e-13,9.142182546605503e-09
16248,3.077301818848539e-05,3.0773018806939945e-05,6.184545537908474e-13,2.0097299199019093e-08
16332,3.06147440320456e-05,3.061474490095861e-05,8.689130144567958e-13,2.8382174730818328e-08
16417,3.0456234362929214e-05,3.045623452635482e-05,1.6342560510700273e-13,5.365916323060656e-09
16502,3.0299357625801385e-05,3.029935760423541e-05,2.1565973833126417e-14,7.117634010419394e-10
16588,3.014227149419591e-05,3.014226967934519e-05,1.814850719250409e-12,6.020948751655529e-08
16674,2.9986805778481215e-05,2.9986804293002933e-05,1.4854782815875833e-12,4.9537729778927474e-08
16761,2.9831155632423547e-05,2.983115700772032e-05,1.3752967745216983e-12,4.610269851654307e-08
16848,2.9677112984308786e-05,2.9677114071091637e-05,1.0867828514828266e-12,3.6620234995817906e-08
16935,2.9524653059589452e-05,2.9524653655244038e-05,5.956545850907113e-13,2.017482081460889e-08
17023,2.937202605701945e-05,2.9372025892371312e-05,1.6464813792417023e-13,5.605610508602348e-09
17112,2.9219261312127013e-05,2.9219259886303917e-05,1.4258230962007831e-12,4.8797369686037096e-08
17201,2.906807741279713e-05,2.9068076401017606e-05,1.0117795239594687e-12,3.480723921266413e-08
17290,2.891844994689772e-05,2.891844997066073e-05,2.376301127984641e-14,8.217249307442784e-10
17380,2.8768699630965534e-05,2.8768699849024415e-05,2.1805888122733083e-13,7.57972671773529e-09
17470,2.8620492249023112e-05,2.8620492230402306e-05,1.8620806394205325e-14,6.506109759464706e-10
17561,2.847218265444265e-05,2.8472182748373598e-05,9.393094619171774e-14,3.2990426948199297e-09
17652,2.8325402197985258e-05,2.832540121744387e-05,9.805413893218626e-13,3.461703323639327e-08
17744,2.8178539202151993e-05,2.8178539650980383e-05,4.4882838968313653e-13,1.5928021905722476e-08
17836,2.8033191276467265e-05,2.8033191483700648e-05,2.0723338342121082e-13,7.392429259210845e-09
17929,2.7887779553301125e-05,2.7887777832802385e-05,1.7204987400856655e-12,6.169364386997269e-08
18022,2.7743868583683214e-05,2.7743870305130258e-05,1.7214470442920935e-12,6.204783731222381e-08
18116,2.759991165925825e-05,2.7599911845754832e-05,1.864965836926788e-13,6.7571442255004275e-09
18210,2.7457440945801453e-05,2.7457441319711506e-05,3.7391005344570606e-13,1.3617804156759228e-08
18304,2.7316433546050383e-05,2.731643326114863e-05,2.8490175103530573e-13,1.0429683309682973e-08
18399,2.717538994677695e-05,2.7175388822797686e-05,1.12397926320504e-12,4.136018895796364e-08
18495,2.703433358391849e-05,2.703433347051032e-05,1.1340817065823294e-13,4.19496823571395e-09
18591,2.6894733991626952e-05,2.689473330974579e-05,6.818811635396927e-13,2.5353705441071865e-08
18688,2.6755136967149042e-05,2.6755136786960065e-05,1.8018897666809662e-13,6.734743196767761e-09
18785,2.6616981615425507e-05,2.661698090378195e-05,7.116435567190108e-13,2.673644844487504e-08
18882,2.6480245718112396e-05,2.648024747031741e-05,1.75220501289256e-12,6.617027015327346e-08
18981,2.6342131587010486e-05,2.634213160490617e-05,1.789568520498344e-14,6.793560022229919e-10
19079,2.620682423903775e-05,2.620682425913401e-05,2.009625986129117e-14,7.668330843138075e-10
19178,2.6071540288879833e-05,2.607153874123469e-05,1.5476451432796905e-12,5.9361477155985294e-08
19278,2.5936300428657233e-05,2.5936300517059863e-05,8.840262980740025e-14,3.4084517971469617e-09
19378,2.580245637667028e-05,2.580245563876815e-05,7.37902126961244e-13,2.8598134851549657e-08
19479,2.566866880592226e-05,2.5668668968137354e-05,1.6221509338142266e-13,6.31957561211731e-09
19580,2.5536261474665457e-05,2.5536261091474444e-05,3.8319101377756216e-13,1.50057601093146e-08
19682,2.5403922349218595e-05,2.540392233640887e-05,1.280972669517183e-14,5.042420819541612e-10
19784,2.527294782049328e-05,2.5272947823395953e-05,2.9026734900232387e-15,1.1485298472659863e-10
19887,2.5142052581281164e-05,2.5142053345916793e-05,7.646356285770026e-13,3.041261751024621e-08
19990,2.5012506237478106e-05,2.5012504920596257e-05,1.3168818486575858e-12,5.264893634226879e-08
20094,2.4883049651160393e-05,2.4883051082724705e-05,1.431564312622327e-12,5.753170663128777e-08
20198,2.475492621514986e-05,2.4754925107117742e-05,1.1080321163088429e-12,4.4760065397841267e-08
20303,2.462690241327675e-05,2.4626900994917378e-05,1.4183593705183618e-12,5.75939006341984e-08
20409,2.4498995526478495e-05,2.4498996936017647e-05,1.4095391520640987e-12,5.753456914348468e-08
20515,2.4372410416914104e-05,2.4372409825446084e-05,5.914680197168214e-13,2.426793286339668e-08
20621,2.4247126701228766e-05,2.424712511128746e-05,1.5899413065962285e-12,6.557235940519317e-08
20729,2.4120796937097476e-05,2.41207962972112e-05,6.398862762899658e-13,2.652840525786397e-08
20836,2.3996928379346986e-05,2.3996926756808534e-05,1.6225384513875955e-12,6.761442238515981e-08
20944,2.3873185624285497e-05,2.3873184545664117e-05,1.0786213807160386e-12,4.518129242118356e-08
21053,2.374958436887753e-05,2.3749584215693176e-05,1.5318435335844906e-13,6.4499803861489204e-09
21163,2.362613994806515e-05,2.362614031881094e-05,3.707457890765164e-13,1.5692186277211923e-08
21273,2.3503972158312488e-05,2.3503973352489993e-05,1.194177504955764e-12,5.0807476153915865e-08
21383,2.3383061297601655e-05,2.3383061488857493e-05,1.9125583820660264e-13,8.179247181215715e-09
21494,2.326230574715886e-05,2.3262306058313698e-05,3.1115483589217244e-13,1.3375924092570888e-08
21606,2.314171988022912e-05,2.3141721612773836e-05,1.732544714112957e-12,7.486672222634317e-08
21718,2.3022377738971593e-05,2.3022377718007192e-05,2.0964400869591046e-14,9.106097166542071e-10
21831,2.290321101817239e-05,2.2903212084202096e-05,1.0660297074065444e-12,4.654498910920005e-08
21944,2.2785271588608078e-05,2.278527244925499e-05,8.606469114040994e-13,3.777207166731319e-08
22059,2.2666485323138637e-05,2.266648516524583e-05,1.5789280622432837e-13,6.965914828583795e-09
22173,2.2549948123652635e-05,2.2549949790118262e-05,1.6664656274660485e-12,7.390108475318811e-08
22288,2.24335965429095e-05,2.2433596313931048e-05,2.289784505125729e-13,1.020694341518526e-08
22404,2.231744330257837e-05,2.2317442926578224e-05,3.760001479006375e-13,1.684781463552313e-08
22521,2.2201500810512262e-05,2.220150054199621e-05,2.685160511366018e-13,1.2094499981256277e-08
22638,2.2086756769859867e-05,2.208675505244173e-05,1.7174181354666102e-12,7.775782353931843e-08
22755,2.19731926942909e-05,2.1973191905999556e-05,7.882913444993544e-13,3.587513910548689e-08
22873,2.1859834729203593e-05,2.1859836124349385e-05,1.3951457922419495e-12,6.382233944239788e-08
22992,2.174669449215121e-05,2.1746694983448833e-05,4.912976221595894e-13,2.2591829868070658e-08
23112,2.1633783305901253e-05,2.1633783035213128e-05,2.706881248283003e-13,1.251228788791936e-08
23232,2.1522038557524146e-05,2.15220388781745e-05,3.2065035305769984e-13,1.4898698011374014e-08
23352,2.1411442264935556e-05,2.1411440684460104e-05,1.580475452524514e-12,7.381452556854515e-08
23474,2.130016187156648e-05,2.1300162188708782e-05,3.1714230173214217e-13,1.4889196788475793e-08
23596,2.1190032199334262e-05,2.1190033294260502e-05,1.0949262397902566e-12,5.1671759131383314e-08
23718,2.1081035491095157e-05,2.1081035811221227e-05,3.2012607015653553e-13,1.518550027069401e-08
23842,2.0971395007973338e-05,2.0971394405933097e-05,6.020402411191852e-13,2.870768687015285e-08
23965,2.0863759640406913e-05,2.086376116494648e-05,1.5245395684803167e-12,7.307118154906922e-08
24090,2.0755500198613723e-05,2.075549855362624e-05,1.6449874841732888e-12,7.925549702161159e-08
24215,2.0648358446699263e-05,2.064836007775739e-05,1.6310581256115137e-12,7.899214505704429e-08
24341,2.054147322579286e-05,2.0541472622426227e-05,6.033666337282133e-13,2.9373094475550913e-08
24467,2.0435688878538082e-05,2.0435687474673614e-05,1.4038644683864957e-12,6.869670392471372e-08
24595,2.0329335222336212e-05,2.0329334802227095e-05,4.201091175783621e-13,2.0665167502220168e-08
24722,2.0224900889712674e-05,2.0224899344611913e-05,1.545100761338224e-12,7.639596207485665e-08
24851,2.0119914683416945e-05,2.011991455219686e-05,1.3122008430473293e-13,6.5219006327539735e-09
24980,2.001601280222897e-05,2.001601387746632e-05,1.075237351954618e-12,5.3718858125174675e-08
25110,1.991238549588803e-05,1.9912386051146314e-05,5.552582827935467e-13,2.7885070972948432e-08
25240,1.9809825665760117e-05,1.9809824152616784e-05,1.5131433330980732e-12,7.638347548476586e-08
25371,1.9707540097189956e-05,1.9707538740476593e-05,1.3567133629380484e-12,6.884234948893995e-08
25503,1.9605536596000922e-05,1.9605537090683356e-05,4.946824335794534e-13,2.5231772216852108e-08
25636,1.950382274183962e-05,1.950382284121588e-05,9.937626012346788e-14,5.095219610988662e-09
25769,1.9403158826953265e-05,1.940315996762365e-05,1.1406703862438649e-12,5.878787038836892e-08
25903,1.9302783454182964e-05,1.9302784494357184e-05,1.0401742198151188e-12,5.38872656518203e-08
26037,1.92034412495915e-05,1.920344220707193e-05,9.574804294418867e-13,4.985983590114373e-08
26173,1.9103656432870714e-05,1.910365608637221e-05,3.464985019556704e-13,1.813781058999091e-08
26309,1.9004903258178068e-05,1.9004903151653707e-05,1.0652436100095156e-13,5.605098829172555e-09
26445,1.8907165809085253e-05,1.890716521302238e-05,5.960628719119468e-13,3.1525765306692725e-08
26583,1.8809013272509142e-05,1.8809012544807047e-05,7.277020952240355e-13,3.868900960836843e-08
26721,1.8711874549041313e-05,1.871187487267889e-05,3.23637577376518e-13,1.7295839416211737e-08
26860,1.8615040946639617e-05,1.8615039152791724e-05,1.7938478935781987e-12,9.636550887641339e-08
26999,1.851920440862697e-05,1.8519203877076507e-05,5.315504641805434e-13,2.870266197466487e-08
27139,1.8423670725903098e-05,1.8423670553602278e-05,1.7230081971646508e-13,9.352143895744705e-09
27280,1.8328445741643477e-05,1.8328446458326653e-05,7.16683175750344e-13,3.910223408207446e-08
27422,1.823353511172668e-05,1.8233535229228437e-05,1.1750175553143678e-13,6.444266282508592e-09
27565,1.813894430747286e-05,1.8138944142265245e-05,1.6520761335022706e-13,9.10789572699471e-09
27708,1.8045329862753825e-05,1.804533167160116e-05,1.8088473359672945e-12,1.0023908400260485e-07
27852,1.795203216425615e-05,1.7952032067114487e-05,9.714166184773484e-14,5.411179133310112e-09
27997,1.7859056321767586e-05,1.7859056242741644e-05,7.902594119997726e-14,4.424978552962855e-09
28142,1.776703858439934e-05,1.7767037206795067e-05,1.3776042718410039e-12,7.7537078860775e-08
28288,1.767533936099375e-05,1.7675338312983513e-05,1.0480102368066492e-12,5.929222717609692e-08
28435,1.7583963419919188e-05,1.758396319928579e-05,2.206333972129288e-13,1.254742130337887e-08
28583,1.7492915363922574e-05,1.7492915503680706e-05,1.3975813236734302e-13,7.989413397356308e-09
28731,1.740280532694898e-05,1.740280640660785e-05,1.079658870715549e-12,6.203935804784597e-08
28881,1.7312419924868945e-05,1.7312420823145658e-05,8.982767126159731e-13,5.1886259489675185e-08
29031,1.7222968545750565e-05,1.7222970200236887e-05,1.6544863217079694e-12,9.606278483950329e-08
29182,1.7133849628305655e-05,1.713385063339956e-05,1.0050939064593176e-12,5.866130077381274e-08
29333,1.7045648241050113e-05,1.7045647837221622e-05,4.0382849042269915e-13,2.3691002226021584e-08
29486,1.6957200022255534e-05,1.695720129646361e-05,1.27420807466503e-12,7.514259860075315e-08
29639,1.6869664963652864e-05,1.6869664250407368e-05,7.132454959220443e-13,4.227976651929915e-08
29793,1.6782465675130885e-05,1.6782465536380187e-05,1.3875069848493307e-13,8.2675991222518e-09
29948,1.669560571192161e-05,1.6695605154382065e-05,5.575395458084099e-13,3.339438864504898e-08
30103,1.6609640230610236e-05,1.6609639715170488e-05,5.154397484459679e-13,3.103256550349921e-08
30260,1.6523463313400118e-05,1.65234632731881e-05,4.021201842102813e-14,2.4336313555050644e-09
30417,1.6438176015547e-05,1.643817449803464e-05,1.517512359533197e-12,9.231634690478765e-08
30575,1.6353229758504855e-05,1.6353231330867857e-05,1.5723630012484495e-12,9.61499975520559e-08
30734,1.626862757427168e-05,1.6268626495730132e-05,1.0785415495548258e-12,6.629579198558243e-08
30893,1.618489625057536e-05,1.618489477550611e-05,1.4750692495528375e-12,9.113862867674546e-08
31054,1.6100985376131227e-05,1.610098479432054e-05,5.818106887651824e-13,3.6135098267195673e-08
31215,1.6017940088794258e-05,1.6017940652091056e-05,5.632967982577113e-13,3.5166619124251773e-08
31377,1.5935239183893746e-05,1.593523847986944e-05,7.040243056230782e-13,4.418034128628945e-08
31540,1.585288522112692e-05,1.5852885553613305e-05,3.3248638488681675e-13,2.097324116393127e-08
31704,1.5770880642052726e-05,1.577088187332265e-05,1.2312699247489772e-12,7.807236340790136e-08
31869,1.568922777234692e-05,1.5689227438997477e-05,3.333494436974331e-13,2.124702684761699e-08
32035,1.5607928824042335e-05,1.56079295265954e-05,7.025530636038061e-13,4.501257479606126e-08
32201,1.5527468087309363e-05,1.552746834931895e-05,2.620095878810586e-13,1.6873941482784286e-08
32368,1.5447355409067278e-05,1.5447356418007985e-05,1.008940706589273e-12,6.531478559734864e-08
32537,1.536712050533011e-05,1.5367120795417577e-05,2.9008746630938137e-13,1.8877151787074492e-08
32706,1.5287714788819877e-05,1.5287714631995186e-05,1.5682469090157712e-13,1.0258216683651453e-08
32876,1.5208662850844026e-05,1.520866499049589e-05,2.1396518640925044e-12,1.406863894003516e-07
33046,1.5130424253632365e-05,1.5130426618270576e-05,2.364638211055218e-12,1.5628366868083946e-07
33218,1.5052080194073015e-05,1.5052079106681049e-05,1.0873919664277244e-12,7.22419726979598e-08
33391,1.497409481261083e-05,1.4974095392972231e-05,5.803614001458372e-13,3.8757695033229686e-08
33564,1.4896913356246008e-05,1.4896912034600973e-05,1.3216450350984508e-12,8.871938793577723e-08
33738,1.4820084174823125e-05,1.482008519815281e-05,1.023329685557019e-12,6.905019387781125e-08
33914,1.4743173907274855e-05,1.4743171050213277e-05,2.857061577271158e-12,1.9378877270527027e-07
34090,1.4667057785052471e-05,1.4667057257611305e-05,5.27441166846168e-13,3.596093876330774e-08
34267,1.4591297746915314e-05,1.4591299986932427e-05,2.240017113108923e-12,1.5351733286249167e-07
34445,1.4515894901862228e-05,1.451589196221903e-05,2.939643198459317e-12,2.025120199845339e-07
34624,1.4440850274252855e-05,1.4440847735386342e-05,2.5388665135354666e-12,1.7581142836596742e-07
34804,1.4366164805677698e-05,1.4366167306434363e-05,2.500756664871066e-12,1.7407266996427146e-07
34985,1.4291839356806392e-05,1.4291836123447865e-05,3.2333585272105794e-12,2.262380961951349e-07
35167,1.4217874709213923e-05,1.421787601429969e-05,1.3050857679844591e-12,9.179190242397449e-08
35349,1.4144671699339845e-05,1.4144672604743391e-05,9.054035461902171e-13,6.40102199213626e-08
35533,1.4071426558438564e-05,1.4071425539441407e-05,1.0189971577715925e-12,7.241605202853472e-08
35718,1.3998544148665111e-05,1.3998542272020131e-05,1.8766449796193485e-12,1.3406001079035806e-07
35903,1.392641283188111e-05,1.3926415704190731e-05,2.8723096204421412e-12,2.0624906464546936e-07
36090,1.3854253253090324e-05,1.385425275657326e-05,4.965170645915588e-13,3.583860172909759e-08
36277,1.3782837607988992e-05,1.378283923259005e-05,1.6246010579293226e-12,1.178713051793957e-07
36466,1.3711402399659924e-05,1.3711403880733997e-05,1.4810740727919623e-12,1.0801769429717098e-07
36655,1.3640703857781083e-05,1.3640703400596976e-05,4.571841071275866e-13,3.351616689975968e-08
36846,1.3569994026703783e-05,1.3569995644502342e-05,1.61779855835278e-12,1.192188113840866e-07
37037,1.3500013497553118e-05,1.3500015484169126e-05,1.9866160074681703e-12,1.4715659416401658e-07
37229,1.3430390284719231e-05,1.3430391845759004e-05,1.5610397733299957e-12,1.1623189946357021e-07
37423,1.3360767440096865e-05,1.3360768207348883e-05,7.67252018483381e-13,5.7425744585658206e-08
37617,1.3291862719293489e-05,1.3291864888742566e-05,2.1694490771022182e-12,1.632163318955443e-07
37813,1.3222965644423254e-05,1.3222968846093863e-05,3.201670609607652e-12,2.421295415645239e-07
38009,1.3154779128981973e-05,1.3154778571333736e-05,5.576482370762016e-13,4.239130369339444e-08
38207,1.308660716398488e-05,1.3086610124446452e-05,2.9604615708488016e-12,2.2622071051358274e-07
38405,1.3019138130848875e-05,1.3019140169490129e-05,2.0386412538973093e-12,1.5658803473839368e-07
38605,1.2951690193397923e-05,1.2951692042406648e-05,1.8490087255349993e-12,1.427619637225051e-07
38805,1.2884937505913908e-05,1.2884935131296515e-05,2.374617392503957e-12,1.842940558628289e-07
39007,1.2818212113667976e-05,1.2818214599974453e-05,2.4863064776084855e-12,1.9396671357601837e-07
39210,1.2751849016034052e-05,1.2751850590575486e-05,1.574541434463516e-12,1.2347553931070723e-07
39413,1.2686169535928007e-05,1.2686170521192253e-05,9.85264245135977e-13,7.766443939958776e-08
39618,1.2620526021514493e-05,1.262052683159709e-05,8.100825969091984e-13,6.418770465892091e-08
39824,1.255524306752669e-05,1.2555239663925022e-05,3.4036016684230045e-12,2.7109006572928854e-07
40031,1.249032000004986e-05,1.2490323570091277e-05,3.570041416555889e-12,2.8582465593688853e-07
40239,1.2425756105340595e-05,1.2425756722223014e-05,6.168824182890961e-13,4.964546326673511e-08
40448,1.2361550631022448e-05,1.2361553672235459e-05,3.04121301133596e-12,2.4602196780262795e-07
40658,1.2297702787259167e-05,1.2297699868213385e-05,2.9190457813903876e-12,2.3736512679543833e-07
40869,1.2234211747905798e-05,1.223420986207202e-05,1.8858337776843457e-12,1.5414428134343472e-07
41082,1.2170780388635802e-05,1.217077806359157e-05,2.32504423191822e-12,1.9103493429962625e-07
41295,1.210800338846587e-05,1.2108001101296395e-05,2.287169475554264e-12,1.888973270137197e-07
41510,1.2045290289748386e-05,1.2045289622619748e-05,6.671286380309852e-13,5.538501953736814e-08
41725,1.1983223485397272e-05,1.1983225704170763e-05,2.218773491216401e-12,1.8515664786859672e-07
41942,1.1921224546491398e-05,1.1921227269340307e-05,2.7228489086231168e-12,2.284034578834012e-07
42160,1.185958254102645e-05,1.1859585356432945e-05,2.8154064942288812e-12,2.373950756267688e-07
42379,1.1798296324368205e-05,1.1798292689491063e-05,3.634877141845457e-12,3.080849168314226e-07
42599,1.1737364725254516e-05,1.1737363820429891e-05,9.048246245817572e-13,7.708924837573681e-08
42821,1.1676513858429965e-05,1.1676514986902475e-05,1.1284725104100104e-12,9.664464274971073e-08
43043,1.1616290684490645e-05,1.1616291885729879e-05,1.2012392338836162e-12,1.0340988070205894e-07
43267,1.155615133781468e-05,1.1556148820091039e-05,2.517723641129823e-12,2.1786869759062328e-07
43492,1.1496367146461804e-05,1.1496369552332908e-05,2.405871104077463e-12,2.0927229214473283e-07
43717,1.1437198342397586e-05,1.1437201465014368e-05,3.122616782388985e-12,2.730228757871125e-07
43945,1.137785868552218e-05,1.1377858754713088e-05,6.919090781820191e-14,6.0811888889290095e-09
44173,1.13191315947737e-05,1.1319134500809014e-05,2.90603531466298e-12,2.567365959421094e-07
44402,1.126075401866127e-05,1.1260752216912806e-05,1.8017484646447052e-12,1.6000247067459744e-07
44633,1.1202473504744298e-05,1.1202471796423197e-05,1.7083211015629868e-12,1.5249499147125902e-07
44865,1.1144544743962988e-05,1.1144547897856683e-05,3.1538936941949165e-12,2.829988812152586e-07
45098,1.1086966161216454e-05,1.1086965969298035e-05,1.9191841956519694e-13,1.7310273773230293e-08
45332,1.102973616736902e-05,1.1029733286704868e-05,2.880664152040465e-12,2.611725347123697e-07
45568,1.097261235822948e-05,1.0972609743475914e-05,2.614753565779288e-12,2.3829818099955184e-07
45805,1.0915838880917416e-05,1.091583544621244e-05,3.4347049757441983e-12,3.1465332286541865e-07
46043,1.085941402473854e-05,1.0859410394914448e-05,3.6298240922597123e-12,3.342559813992456e-07
46282,1.0803336068917591e-05,1.0803334589581937e-05,1.4793356545582696e-12,1.3693322554451343e-07
46522,1.0747603283226096e-05,1.0747600754257292e-05,2.528968804797792e-12,2.3530537350078616e-07
46764,1.0691985286605952e-05,1.0691983334254473e-05,1.9523514783201332e-12,1.8259952908519994e-07
47007,1.06367136797377e-05,1.0636715160217136e-05,1.480479435334199e-12,1.3918579364925685e-07
47251,1.0581786627669528e-05,1.0581788956187665e-05,2.328518137651608e-12,2.2004962106899215e-07
47497,1.0526980650242992e-05,1.0526979167480022e-05,1.4827629700914268e-12,1.40853585596474e-07
47744,1.0472520106090046e-05,1.0472518624737859e-05,1.4813521875898638e-12,1.414513577040944e-07
47992,1.0418403066047018e-05,1.0418400052003562e-05,3.014043455464889e-12,2.892999470607434e-07
48241,1.0364627597816945e-05,1.0364630725234747e-05,3.127417802403472e-12,3.017395244439063e-07
48492,1.0310979129482014e-05,1.0310977813787758e-05,1.3156942559494926e-12,1.276012917325717e-07
48744,1.0257672738129618e-05,1.025767414830625e-05,1.4101766324483341e-12,1.3747529955858832e-07
48997,1.020470640953389e-05,1.0204705176874995e-05,1.2326588944580824e-12,1.2079317571610425e-07
49251,1.015207812934697e-05,1.0152078175451607e-05,4.6104636899696114e-14,4.541398944361925e-09
49507,1.0099581876280106e-05,1.0099582141265273e-05,2.6498516719091793e-13,2.6237241346917788e-08
49765,1.004722194211849e-05,1.004722435027361e-05,2.408155119949405e-12,2.3968367911275956e-07
50023,9.995402114028466e-06,9.995404980145395e-06,2.866116928683447e-12,2.8674353427571213e-07
50283,9.943718552006866e-06,9.943716577254236e-06,1.974752630027384e-12,1.985929730109703e-07
50544,9.892371002514058e-06,9.892370144370943e-06,8.581431141992677e-13,8.674797113666464e-08
50807,9.84116361823323e-06,9.84116195468232e-06,1.6635509091675153e-12,1.690400621005192e-07
51071,9.790291945567447e-06,9.79028845904395e-06,3.4865234970062964e-12,3.5612048306535123e-07
51336,9.739753778100526e-06,9.739756933413446e-06,3.1553129199208977e-12,3.2396228814485035e-07
51603,9.689359144876424e-06,9.689356375019997e-06,2.7698564267404115e-12,2.858658024050091e-07
51871,9.639297487103428e-06,9.639297786634415e-06,2.995309875104086e-13,3.107394370919208e-08
52140,9.589566550710013e-06,9.589566616341472e-06,6.563145853340484e-14,6.844048496492835e-09
52411,9.539982063965473e-06,9.539980965200812e-06,1.0987646610702978e-12,1.1517470931319295e-07
52684,9.490547413920065e-06,9.49054810917005e-06,6.952499844960951e-13,7.325710037298286e-08
52957,9.441622447559866e-06,9.44162457017228e-06,2.1226124140007142e-12,2.2481437123651258e-07
53233,9.392669959534289e-06,9.392671927344054e-06,1.9678097652330202e-12,2.0950483448378176e-07
53509,9.344222466432614e-06,9.344221325591207e-06,1.1408414072781132e-12,1.220905657347494e-07
53787,9.295926524193446e-06,9.295923518948257e-06,3.005245188716487e-12,3.232862459589239e-07
54067,9.247785154664383e-06,9.24778578337282e-06,6.287084364947106e-13,6.79847580777332e-08
54348,9.199970559315528e-06,9.199968189932406e-06,2.369383121913213e-12,2.5754246784127685e-07
54630,9.152480321400622e-06,9.15247801458463e-06,2.306815991413749e-12,2.5204271524297937e-07
54914,9.105146227893582e-06,9.105147910304368e-06,1.6824107855288855e-12,1.8477581176838503e-07
55199,9.0581351104001e-06,9.058137948159128e-06,2.8377590279390257e-12,3.132829211921173e-07
55486,9.011282124489032e-06,9.011280781123787e-06,1.3433652451609428e-12,1.4907592799810557e-07
55774,8.964750599917823e-06,8.964751032181084e-06,4.322632611011498e-13,4.821810225318619e-08
56064,8.918378994724445e-06,8.918381354305893e-06,2.3595814480770324e-12,2.645751486310251e-07
56355,8.872327210729143e-06,8.872324542608112e-06,2.6681210307810416e-12,3.0072392140300366e-07
56648,8.82643694324684e-06,8.826435077935457e-06,1.8653113823235545e-12,2.113323183881935e-07
56942,8.780864738882516e-06,8.780865755397826e-06,1.0165153105785559e-12,1.1576482963885415e-07
57238,8.735455465981444e-06,8.735456503927708e-06,1.0379462639717582e-12,1.1881993652349793e-07
57536,8.69021134528365e-06,8.690214599482715e-06,3.2541990647582276e-12,3.7446719480813844e-07
57834,8.6454334813886e-06,8.645431080367416e-06,2.4010211831568653e-12,2.7772131823414616e-07
58135,8.600670851690277e-06,8.60066938912496e-06,1.4625653169982175e-12,1.700524694199618e-07
58437,8.556222940318557e-06,8.556220564059913e-06,2.3762586442001386e-12,2.777228528025788e-07
58741,8.511942254367025e-06,8.511939086019993e-06,3.1683470324200607e-12,3.7222374608974236e-07
59046,8.467974121263874e-06,8.467977750115097e-06,3.628851222403748e-12,4.2853829858683244e-07
59353,8.424174009140509e-06,8.424176485277712e-06,2.4761372033316577e-12,2.9393234287954716e-07
59661,8.380684198469386e-06,8.380680810660124e-06,3.3878092625878094e-12,4.0424017685889477e-07
59971,8.337363058232215e-06,8.337359759025276e-06,3.2992069396808963e-12,3.9571347878671277e-07
60283,8.294212298087405e-06,8.294213330373168e-06,1.032285763013824e-12,1.244585653120867e-07
60596,8.251369726812948e-06,8.251372491940856e-06,2.7651279076640117e-12,3.35111381408433e-07
60911,8.208697935780214e-06,8.20869900053367e-06,1.064753455759862e-12,1.2971039549631815e-07
61227,8.166331846516333e-06,8.16633109934628e-06,7.471700531501077e-13,9.149396169454492e-08
61545,8.124136809927682e-06,8.12413782114163e-06,1.0112139482021257e-12,1.244703248924149e-07
61865,8.082114280568007e-06,8.082111889962107e-06,2.3906059000189687e-12,2.9578966802866814e-07
62186,8.040394943679864e-06,8.04039154900238e-06,3.3946774851447955e-12,4.22202828209723e-07
62509,7.998848165352337e-06,7.998845831025392e-06,2.334326945608277e-12,2.9183288610472744e-07
62834,7.957475251748087e-06,7.957474736031145e-06,5.157169416720227e-13,6.480911663014356e-08
63161,7.916277449195964e-06,7.916278264019638e-06,8.148236740960742e-13,1.0293015616561465e-07
63489,7.875379986595933e-06,7.875380106270313e-06,1.1967437979455101e-13,1.5196013398494978e-08
63819,7.83465738995141e-06,7.834656571503729e-06,8.184476808439792e-13,1.044650250939761e-07
64150,7.79423226764809e-06,7.794231350999326e-06,9.166487640682947e-13,1.1760603643710679e-07
64484,7.753861422522467e-06,7.753864338155836e-06,2.9156333685549044e-12,3.760234042983964e-07
64819,7.713787623540146e-06,7.713788363616914e-06,7.400767671627726e-13,9.594207194715631e-08
65155,7.674008133996697e-06,7.674010703340173e-06,2.5693434755675497e-12,3.348111483209246e-07
65494,7.6342871098247e-06,7.634283974766731e-06,3.1350579684369384e-12,4.1065497319355156e-07
65834,7.594859798450025e-06,7.5948628364130855e-06,3.037963060266793e-12,4.000025202422811e-07
66176,7.555609283901359e-06,7.55561632104218e-06,7.037140820931353e-12,9.313796619850763e-07
66520,7.516536379611408e-06,7.516529876738787e-06,6.502872621046358e-12,8.651421735528865e-07
66866,7.477641850447798e-06,7.4776471592485905e-06,5.308800792768126e-12,7.099565476581643e-07
67213,7.439037090627264e-06,7.439040928147733e-06,3.83752046897209e-12,5.158625265905897e-07
67562,7.40060980984304e-06,7.400609320029616e-06,4.898134239243561e-13,6.618554909797961e-08
67913,7.362360666925298e-06,7.362366886809468e-06,6.219884170055167e-12,8.448219873277062e-07
68266,7.3242902758793175e-06,7.324284524656832e-06,5.751222485277346e-12,7.852259084020101e-07
68621,7.286399206852919e-06,7.286405889317393e-06,6.682464474214991e-12,9.17114789418905e-07
68977,7.248793075571967e-06,7.248789188452065e-06,3.887119901978752e-12,5.362437389857536e-07
69336,7.2112611049671e-06,7.211259799078107e-06,1.3058889932347144e-12,1.810902384792614e-07
69696,7.174012855461817e-06,7.174006896093488e-06,5.959368329011756e-12,8.306882701603593e-07
70058,7.1369436748769875e-06,7.136943168006837e-06,5.068701501001385e-13,7.10206179550485e-08
70422,7.10005396005218e-06,7.100054062902927e-06,1.0285074776849061e-13,1.4485910719435538e-08
70788,7.063344069263924e-06,7.063339580781758e-06,4.488482166068494e-12,6.354613511750167e-07
71156,7.026814323111359e-06,7.026814273558557e-06,4.9552802148849964e-14,7.051958379755335e-09
71525,6.9905627399589794e-06,6.990565452724695e-06,2.7127657157636196e-12,3.8806113565894953e-07
71897,6.954393089778686e-06,6.954389391466975e-06,3.698311711162908e-12,5.317950342206787e-07
72271,6.918404338892058e-06,6.918402505107224e-06,1.8337848338144413e-12,2.650589274618938e-07
72646,6.882691407322003e-06,6.882692105136812e-06,6.978148087307106e-13,1.0138690919490525e-07
73024,6.847063978644813e-06,6.84706901665777e-06,5.038012956915341e-12,7.357917163660673e-07
73403,6.8117106927073875e-06,6.811707862652838e-06,2.8300545492349733e-12,4.1546898817426695e-07
73784,6.776536918261944e-06,6.7765358835458755e-06,1.0347160682520201e-12,1.526909807668259e-07
74168,6.741451838761682e-06,6.741451215930283e-06,6.228313991871073e-13,9.238831843401753e-08
74553,6.706638230218912e-06,6.7066430347040296e-06,4.804485117854054e-12,7.163775580149684e-07
74940,6.672004269785725e-06,6.6720094764605165e-06,5.206674791800295e-12,7.803764178297671e-07
75330,6.6374618343020314e-06,6.6374632297083735e-06,1.3954063421176238e-12,2.1023191951270316e-07
75721,6.603188018887745e-06,6.60319346934557e-06,5.4504578247724475e-12,8.254282339351794e-07
76115,6.569007422694922e-06,6.569011020474136e-06,3.597779213796988e-12,5.476899297399494e-07
76510,6.535093451557264e-06,6.535090506076813e-06,2.945480451476421e-12,4.507174187041709e-07
76907,6.501358783711056e-06,6.501359166577458e-06,3.8286640280008706e-13,5.889021288278174e-08
77307,6.4677196111488525e-06,6.467715138569474e-06,4.4725793782877444e-12,6.915233880235087e-07
77709,6.434261153525333e-06,6.434260285459459e-06,8.680658739363572e-13,1.3491306200102615e-07
78112,6.401065136976561e-06,6.401067366823554e-06,2.2298469926461807e-12,3.4835561659343034e-07
78518,6.367966580653156e-06,6.3679617596790195e-06,4.820974136290565e-12,7.57066494497225e-07
78926,6.335048019409746e-06,6.335045327432454e-06,2.6919772927650842e-12,4.249339996346078e-07
79336,6.302309165828129e-06,6.302303518168628e-06,5.647659500537794e-12,8.961254283049263e-07
79749,6.269671092808006e-06,6.26967812422663e-06,7.0314186237876064e-12,1.1214972077009601e-06
80163,6.237291518288338e-06,6.237285560928285e-06,5.9573600528573314e-12,9.551197078715624e-07
80579,6.205090656135574e-06,6.205096724443138e-06,6.0683075640046704e-12,9.77956310437519e-07
80998,6.1729919254913344e-06,6.17299519944936e-06,3.2739580259355267e-12,5.303681043896617e-07
81419,6.141072722351583e-06,6.1410682974383235e-06,4.4249132598667075e-12,7.205440254373487e-07
81842,6.109332616276948e-06,6.109330570325255e-06,2.045951692874299e-12,3.3488955690893616e-07
82267,6.0777711595357845e-06,6.077767466194928e-06,3.6933408568073315e-12,6.076801445563847e-07
82695,6.046314770925945e-06,6.046320777386427e-06,6.006460481814107e-12,9.934084991235522e-07
83124,6.0151099559923635e-06,6.01510691922158e-06,3.0367707834665016e-12,5.048570692280054e-07
83556,5.984010723132938e-06,5.98400947637856e-06,1.2467543782036707e-12,2.083476176578324e-07
83990,5.95308965331921e-06,5.9530866565182805e-06,2.9968009292239946e-12,5.034026201088868e-07
84427,5.922276048923488e-06,5.922280251979828e-06,4.203056339655096e-12,7.097028752010132e-07
84865,5.891710363314015e-06,5.891706678085029e-06,3.685228985748836e-12,6.254939157728622e-07
85306,5.8612524322184e-06,5.861249519512057e-06,2.9127063428676476e-12,4.969426545864073e-07
85749,5.830971789560227e-06,5.830966983921826e-06,4.805638401492618e-12,8.241573746072025e-07
86195,5.800800510275252e-06,5.800800863653421e-06,3.533781696218397e-13,6.091886266315883e-08
86643,5.770806643160427e-06,5.770809366367757e-06,2.7232073306147474e-12,4.718937055086223e-07
87093,5.740989516763925e-06,5.740992492064834e-06,2.975300908764273e-12,5.182557641110949e-07
87545,5.7113484491825955e-06,5.71135024074465e-06,1.7915620548913545e-12,3.1368460020115947e-07
88000,5.681818181634755e-06,5.681824404746294e-06,6.22311153922596e-12,1.0952676309391277e-06
88457,5.6524639088373425e-06,5.65245863981545e-06,5.269021892786215e-12,9.321637391701634e-07
88917,5.623221655973432e-06,5.623223842121661e-06,2.186148228319317e-12,3.8877148404723065e-07
89379,5.594155226444161e-06,5.594149115495384e-06,6.110948777203701e-12,1.0923809815495648e-06
89843,5.565263848986721e-06,5.5652635637670755e-06,2.852196450415091e-13,5.1249977140515925e-08
90310,5.536485438873588e-06,5.536479875445366e-06,5.563428221698485e-12,1.004866405433982e-06
90779,5.507881778658407e-06,5.507885362021625e-06,3.5833632178663565e-12,6.505882591291168e-07
91251,5.479392006498429e-06,5.479392712004483e-06,7.055060533919951e-13,1.2875626576001161e-07
91725,5.451076587464081e-06,5.451074684970081e-06,1.902494000114222e-12,3.490125243313247e-07
92202,5.42287585936635e-06,5.422873073257506e-06,2.786108844310799e-12,5.137696153413973e-07
92681,5.394848998019527e-06,5.394846084527671e-06,2.913491855811943e-12,5.400506773927312e-07
93162,5.366995126613831e-06,5.366993718780577e-06,1.40783325396635e-12,2.62313123219582e-07
93646,5.339256348223588e-06,5.33925776835531e-06,1.4201317217389544e-12,2.6597931043551474e-07
94133,5.311633539628964e-06,5.31163823325187e-06,4.693622905465602e-12,8.836496099453178e-07
94622,5.284183382152552e-06,5.2841787692159414e-06,4.612936610282417e-12,8.729705759006612e-07
95114,5.25684967498142e-06,5.2568502724170685e-06,5.974356488921994e-13,1.1364898862060595e-07
95608,5.229687892083562e-06,5.2296818466857076e-06,6.045397854562921e-12,1.155976796189719e-06
96104,5.202697078024494e-06,5.2027025958523154e-06,5.517827821818224e-12,1.0605706500047448e-06
96604,5.175769119152475e-06,5.175767000764608e-06,2.1183878668224365e-12,4.092894829839936e-07
97106,5.149012419281444e-06,5.149006028659642e-06,6.390621802325935e-12,1.2411354415062297e-06
97610,5.122425980810167e-06,5.1224196795374155e-06,6.301272751266349e-12,1.2301344665344945e-06
98117,5.095956867688735e-06,5.095949745737016e-06,7.121951718487237e-12,1.3975690735619178e-06
98627,5.069605685939444e-06,5.069610779173672e-06,5.09323422806106e-12,1.004660824447777e-06
99140,5.043373007739381e-06,5.043373676016927e-06,6.682775458973444e-13,1.325060718038958e-07
99655,5.017309718402622e-06,5.017311195842922e-06,1.4774402997541755e-12,2.9446862615141747e-07
100172,4.991414766477088e-06,4.991408786736429e-06,5.979740658933414e-12,1.1980051626032034e-06
100693,4.965588471767367e-06,4.965593689121306e-06,5.217353939253788e-12,1.0507020404364707e-06
101216,4.939930445658775e-06,4.939924110658467e-06,6.335000308112639e-12,1.2824067824031521e-06
101742,4.914391303374461e-06,4.914385499432683e-06,5.803941777797971e-12,1.181009288741965e-06
102270,4.889019262619035e-06,4.8890215111896396e-06,2.2485706042762272e-12,4.5992263140965284e-07
102802,4.863718604581352e-06,4.86371573060751e-06,2.8739738419777863e-12,5.90900517819979e-07
103336,4.838584810601282e-06,4.83858457300812e-06,2.375931618331731e-13,4.910385394353516e-08
103873,4.813570417610108e-06,4.8135698307305574e-06,5.868795507619866e-13,1.2192187915542465e-07
104413,4.788675739501157e-06,4.788671503774822e-06,4.235726335209157e-12,8.84529787696671e-07
104955,4.763946453133747e-06,4.7639477998018265e-06,1.3466680798851385e-12,2.826790966551049e-07
105500,4.739336492784543e-06,4.739340511150658e-06,4.018366114708809e-12,8.478752502226031e-07
106048,4.714846107318244e-06,4.714849637821317e-06,3.5305030730839655e-12,7.488055798054625e-07
106599,4.690475520305065e-06,4.690475179813802e-06,3.4049126297857994e-13,7.259205628610437e-08
107153,4.666224930604959e-06,4.666231689043343e-06,6.758438383758323e-12,1.4483738963012474e-06
107710,4.642094512944253e-06,4.6420900616794825e-06,4.451264770799078e-12,9.588914569462006e-07
108270,4.618084418484683e-06,4.618079401552677e-06,5.0169320060062736e-12,1.0863664566037672e-06
108832,4.594236989023876e-06,4.594243364408612e-06,6.375384735854916e-12,1.3876917431744143e-06
109398,4.570467467317094e-06,4.570465534925461e-06,1.9323916331149974e-12,4.2279955976786087e-07
109966,4.5468599384324524e-06,4.54686232842505e-06,2.3899925973431798e-12,5.256358519297471e-07
110537,4.523372264398071e-06,4.523375537246466e-06,3.2728483949869317e-12,7.235416860881453e-07
111112,4.499964000196875e-06,4.499961505644023e-06,2.4945528515697745e-12,5.54349512898467e-07
111689,4.476716596889393e-06,4.4767220970243216e-06,5.500134928159274e-12,1.228609140006985e-06
112269,4.453589147405631e-06,4.453584551811218e-06,4.595594412827586e-12,1.0318855782879474e-06
112853,4.4305423869120465e-06,4.4305488700047135e-06,6.483092667004494e-12,1.4632729135276398e-06
113439,4.407655215492787e-06,4.4076587073504925e-06,3.4918577056263552e-12,7.922256925524872e-07
114028,4.384887922180397e-06,4.384884960018098e-06,2.9621622986574403e-12,6.7553888519561e-07
114621,4.3622023886590205e-06,4.3621985241770744e-06,3.86448194611747e-12,8.859015703087188e-07
115216,4.3396750450508924e-06,4.3396721594035625e-06,2.885647329878391e-12,6.649454855310601e-07
115815,4.317230065109708e-06,4.317233106121421e-06,3.041011713109012e-12,7.043895431205692e-07
116417,4.294905383155182e-06,4.294910468161106e-06,5.085005923853635e-12,1.1839622692963769e-06
117021,4.272737371846693e-06,4.272733349353075e-06,4.022493618169353e-12,9.414324514007787e-07
117629,4.250652475078135e-06,4.2506580939516425e-06,5.6188735076477645e-12,1.3218849436860818e-06
118241,4.228651652058585e-06,4.228655598126352e-06,3.946067766573717e-12,9.331739975915724e-07
118855,4.206806613025547e-06,4.206813173368573e-06,6.560343026400218e-12,1.559459140833194e-06
119472,4.1850810230953076e-06,4.1850871639326215e-06,6.140837313917656e-12,1.4673162311624402e-06
120093,4.163440000593981e-06,4.163433914072812e-06,6.086521169473879e-12,1.4618971736365937e-06
120717,4.141918702348653e-06,4.141911631450057e-06,7.070898595678036e-12,1.7071553315782177e-06
121344,4.12051687756717e-06,4.120520316064358e-06,3.438497187988835e-12,8.344820055728028e-07
121975,4.0992006558032236e-06,4.0992017602548e-06,1.1044515767506921e-12,2.6943096215285874e-07
122608,4.078037322129754e-06,4.078043275512755e-06,5.953383001082945e-12,1.4598647660178333e-06
123245,4.056959714323263e-06,4.056957550346851e-06,2.1639764116295683e-12,5.333985457113515e-07
123886,4.035968551667303e-06,4.035973688587546e-06,5.136920243695034e-12,1.2727850026415384e-06
124529,4.015129006030237e-06,4.015135345980525e-06,6.339950288188263e-12,1.579015338901048e-06
125176,3.994375918642731e-06,3.9943697629496455e-06,6.155693085119337e-12,1.5410900752703846e-06
125827,3.973709935006833e-06,3.973706043325365e-06,3.891681468320149e-12,9.793572082441033e-07
126481,3.9531629255950396e-06,3.953158739022911e-06,4.186572128977593e-12,1.0590436589069803e-06
127138,3.932734508897944e-06,3.9327278500422835e-06,6.6588556602009946e-12,1.6931871818794556e-06
127798,3.912424294530012e-06,3.912427928298712e-06,3.63376870013112e-12,9.287767446929307e-07
128462,3.8922015848455214e-06,3.892200766131282e-06,8.187142395713813e-13,2.1034733729082419e-07
129130,3.87206690925814e-06,3.872060915455222e-06,5.993802917811646e-12,1.547959541577244e-06
129801,3.852050446395489e-06,3.852052032016218e-06,1.5856207287516218e-12,4.116303124314864e-07
130475,3.8321517531531505e-06,3.832145011983812e-06,6.741169338609916e-12,1.7591081389360907e-06
131153,3.812341311237509e-06,3.8123398553580046e-06,1.455879504256972e-12,3.8188592924917967e-07
131834,3.792648330421651e-06,3.792636562138796e-06,1.1768282855130973e-11,3.102919603891306e-06
132519,3.773043865354267e-06,3.773049684241414e-06,5.8188871468742634e-12,1.5422262116552157e-06
133208,3.753528316564737e-06,3.7535210140049458e-06,7.302559791387526e-12,1.9455187694097095e-06
133900,3.734129947670113e-06,3.734137862920761e-06,7.915250648078893e-12,2.1197041235850842e-06
134596,3.7148206484078285e-06,3.71481291949749e-06,7.72891033857685e-12,2.080560831890891e-06
135295,3.6956280719403617e-06,3.6956334952265024e-06,5.4232861407310965e-12,1.4674869968404697e-06
135998,3.6765246547246402e-06,3.6765122786164284e-06,1.237610821184826e-11,3.36625192923538e-06
136704,3.6575374531345918e-06,3.657536581158638e-06,8.719759537802196e-13,2.3840520157433155e-07
137415,3.6386129606911926e-06,3.638619091361761e-06,6.130670568457692e-12,1.6848921923515348e-06
138129,3.6198046752922884e-06,3.619818016886711e-06,1.3341594422742548e-11,3.6857221920863048e-06
138846,3.601112023346125e-06,3.6011042539030313e-06,7.769443093646653e-12,2.1575121915889047e-06
139568,3.582483090633834e-06,3.5824778024107218e-06,5.2882231124139006e-12,1.4761334467257113e-06
140293,3.5639696919564704e-06,3.563967766240239e-06,1.9257162312557067e-12,5.403290144699769e-07
141022,3.5455460849634424e-06,3.5455450415611267e-06,1.0434023157401807e-12,2.9428536274432293e-07
141754,3.5272373265924013e-06,3.527238732203841e-06,1.4056114399588898e-12,3.985020881248229e-07
142491,3.508993550426648e-06,3.508990630507469e-06,2.9199191786616417e-12,8.32124407383598e-07
143231,3.490864407802131e-06,3.490858944132924e-06,5.463669206867911e-12,1.5651336083568681e-06
143975,3.4728251432121537e-06,3.472814569249749e-06,1.0573962404471514e-11,3.0447724744042934e-06
144723,3.4548758662688856e-06,3.4548866096884012e-06,1.074341951562603e-11,3.1096398051570087e-06
145475,3.437016669490245e-06,3.4370168577879667e-06,1.882977217515004e-13,5.478522214424623e-08
146231,3.419247628711794e-06,3.4192344173789024e-06,1.3211332891742905e-11,3.8638128402300865e-06
146991,3.401568803492831e-06,3.401568392291665e-06,4.112011659925213e-13,1.2088574118221211e-07
147755,3.383980237516662e-06,3.383989678695798e-06,9.441179135869854e-12,2.789962846472849e-06
148522,3.3665046255392017e-06,3.366498276591301e-06,6.348947900752669e-12,1.8859168802525497e-06
149294,3.349096413749995e-06,3.349094185978174e-06,2.2277718207941975e-12,6.651859324347589e-07
150070,3.3317785033281106e-06,3.3317774068564177e-06,1.0964716929071365e-12,3.290950139128012e-07
150849,3.314572850960277e-06,3.314577043056488e-06,4.1920962110442075e-12,1.2647470426935102e-06
151633,3.2974352548229172e-06,3.297434886917472e-06,3.679054453529498e-13,1.1157321279162082e-07
152421,3.280387873026811e-06,3.280380042269826e-06,7.830756985114062e-12,2.3871436208818285e-06
153213,3.2634306488005255e-06,3.263441612944007e-06,1.0964143481413327e-11,3.3596986304713413e-06
154009,3.246563512487776e-06,3.2465613912791014e-06,2.1212086745781076e-12,6.533704535330863e-07
154809,3.2297863818950072e-06,3.2297975849360228e-06,1.1203041015539998e-11,3.468663153185647e-06
155613,3.2130991626331867e-06,3.2130919862538576e-06,7.176379329078741e-12,2.2334758330949183e-06
156422,3.196481313337582e-06,3.1964736990630627e-06,7.614274519445965e-12,2.382080097785892e-06
157234,3.1799737969837558e-06,3.1799718271940947e-06,1.9697896611250304e-12,6.1943581516093e-07
158051,3.1635358206844376e-06,3.16352816298604e-06,7.657698397441006e-12,2.420613778852122e-06
158873,3.147167863608339e-06,3.1471718102693558e-06,3.946661016591513e-12,1.2540357513903077e-06
159698,3.130909591823935e-06,3.1309027690440416e-06,6.822779893275255e-12,2.1791686068139047e-06
160528,3.114721419286039e-06,3.1147210393100977e-06,3.7997594140758086e-13,1.219935558457358e-07
161362,3.0986229719215137e-06,3.098626621067524e-06,3.649146010270733e-12,1.1776669970299193e-06
162200,3.082614056690806e-06,3.0826195143163204e-06,5.457625514557386e-12,1.77045371693924e-06
163043,3.066675662219769e-06,3.0666706152260303e-06,5.046993738511569e-12,1.645754000231761e-06
163890,3.050826774027373e-06,3.0508381314575672e-06,1.1357430194068336e-11,3.722738469046369e-06
164741,3.0350671660084264e-06,3.0350638553500175e-06,3.310658408811081e-12,1.0908023538619407e-06
165597,3.0193783703535794e-06,3.019376890733838e-06,1.4796197413619657e-12,4.900411806251023e-07
166458,3.003760708379824e-06,3.003748133778572e-06,1.2574601252022134e-11,4.1862859504559715e-06
167323,2.988232341014297e-06,2.988235792145133e-06,3.4511308360160304e-12,1.1549071297597334e-06
168192,2.972792998451658e-06,2.9727816581726074e-06,1.1340279050400473e-11,3.814688428123625e-06
169066,2.9574249109556435e-06,2.957414835691452e-06,1.0075264191500776e-11,3.4067692316303374e-06
169944,2.9421456479526896e-06,2.942135324701667e-06,1.032325102273213e-11,3.508749143644751e-06
170827,2.926937779131616e-06,2.926943125203252e-06,5.3460716358165136e-12,1.8265067586789026e-06
171715,2.911801531582918e-06,2.9118091333657503e-06,7.601782832446664e-12,2.6106802781692923e-06
172607,2.896753897558062e-06,2.896762453019619e-06,8.555461556945674e-12,2.9534651059442267e-06
173504,2.881777941694991e-06,2.881773980334401e-06,3.9613605898355226e-12,1.3746238155690607e-06
174405,2.866890284085264e-06,2.86690192297101e-06,1.1638885746241475e-11,4.059759737179856e-06
175311,2.8520743136251167e-06,2.8520880732685328e-06,1.3759643416009235e-11,4.824433693847234e-06
176222,2.8373301857655387e-06,2.8373324312269688e-06,2.245461430082894e-12,7.913994082705067e-07
177138,2.8226580406012053e-06,2.822664100676775e-06,6.0600755696982105e-12,2.1469393325475086e-06
178058,2.8080737736920406e-06,2.8080830816179514e-06,9.30792591075853e-12,3.314701343661822e-06
178983,2.7935613996642027e-06,2.7935602702200413e-06,1.1294441613855636e-12,4.0430260867769986e-07
179913,2.779121019582455e-06,2.7791247703135014e-06,3.7507310464470205e-12,1.3496105495292694e-06
180848,2.7647527204955437e-06,2.764747478067875e-06,5.242427668797974e-12,1.8961651181080459e-06
181787,2.750471705876754e-06,2.7504574973136187e-06,1.4208563135325843e-11,5.1658641334020384e-06
182732,2.7362476194440848e-06,2.7362548280507326e-06,7.208606647850392e-12,2.63448621996972e-06
183681,2.7221106156668083e-06,2.72211036644876e-06,2.4921804825381376e-13,9.155324064329594e-08
184636,2.70803093652556e-06,2.708024112507701e-06,6.824017859032722e-12,2.519918722859211e-06
185595,2.694038093679092e-06,2.694025170058012e-06,1.2923621080105963e-11,4.797118908759349e-06
186559,2.680117281913006e-06,2.6801135390996933e-06,3.742813312798937e-12,1.3965110176549449e-06
187528,2.6662685038844625e-06,2.666260115802288e-06,8.388082174412093e-12,3.146000548028667e-06
188503,2.652477679381666e-06,2.6524649001657963e-06,1.2779215869609549e-11,4.817841058171914e-06
189482,2.638773076052176e-06,2.6387860998511314e-06,1.3023798955270053e-11,4.935550947319327e-06
190467,2.625126662343368e-06,2.6251364033669233e-06,9.7410235552169e-12,3.7106870670085666e-06
191456,2.611566103943412e-06,2.6115740183740854e-06,7.914430673599138e-12,3.0305304781098626e-06
192451,2.598063922747219e-06,2.598069841042161e-06,5.9182949420343576e-12,2.2779635597942845e-06
193451,2.58463383490734e-06,2.58462387137115e-06,9.963536189891003e-12,3.854912078966961e-06
194456,2.5712757641661574e-06,2.5712652131915092e-06,1.0550974648143455e-11,4.103400652385897e-06
195466,2.557989624777344e-06,2.5579938665032387e-06,4.2417258945620314e-12,1.6582263874237744e-06
196482,2.544762370073402e-06,2.544751623645425e-06,1.0746427977178418e-11,4.222959323651286e-06
197503,2.5316071148124107e-06,2.531596692278981e-06,1.042253342948746e-11,4.116963239874509e-06
198529,2.518523742107342e-06,2.5185290724039078e-06,5.3302965657811335e-12,2.11643689382935e-06
199560,2.5055121266629648e-06,2.505519660189748e-06,7.533526783033885e-12,3.006781209663359e-06
200597,2.4925597092523497e-06,2.4925684556365013e-06,8.74638415163852e-12,3.508996843354265e-06
201639,2.479679030331065e-06,2.4796754587441683e-06,3.5715868967778233e-12,1.4403424205676234e-06
202687,2.4668577658999213e-06,2.4668697733432055e-06,1.2007443284144033e-11,4.867505313896223e-06
203740,2.4541081770736655e-06,2.454122295603156e-06,1.4118529490638945e-11,5.753018396880207e-06
204799,2.441418170972611e-06,2.4414039216935635e-06,1.4249279047717962e-11,5.8364761994219695e-06
205863,2.428799735732261e-06,2.4288019631057978e-06,2.227373536585036e-12,9.170675967294204e-07
206932,2.4162526820263704e-06,2.4162582121789455e-06,5.530152575140764e-12,2.2887310653714194e-06
208007,2.4037652578860857e-06,2.4037726689130068e-06,7.411026921132343e-12,3.0830909535857647e-06
209088,2.391337618596671e-06,2.3913453333079815e-06,7.714711310559174e-12,3.226107117022842e-06
210174,2.378981225066708e-06,2.3789762053638697e-06,5.01970283839454e-12,2.1100220487254097e-06
211266,2.3666846534567768e-06,2.366694388911128e-06,9.73545435128167e-12,4.113540997978787e-06
212364,2.354448023192388e-06,2.354441676288843e-06,6.34690354480634e-12,2.6957076487934506e-06
213467,2.342282413662331e-06,2.3422762751579285e-06,6.138504402645317e-12,2.6207362386533543e-06
214576,2.330176720589838e-06,2.3301690816879272e-06,7.638901910907826e-12,3.278250032887715e-06
215691,2.318131030025885e-06,2.3181200958788395e-06,1.0934147045407386e-11,4.7167942207672756e-06
216812,2.3061454162931054e-06,2.306158421561122e-06,1.3005268016530453e-11,5.6393963384299935e-06
217938,2.29423046920394e-06,2.294225851073861e-06,4.618130078872575e-12,2.0129320662692577e-06
219071,2.282365077976526e-06,2.2823514882475138e-06,1.3589729012095287e-11,5.954231048848469e-06
220209,2.2705702309961096e-06,2.2705644369125366e-06,5.7940835729828905e-12,2.5518186990591344e-06
221353,2.2588354347917076e-06,2.258835593238473e-06,1.584467653483162e-13,7.014533370064957e-08
222503,2.247160712428485e-06,2.2471649572253227e-06,4.24479683792329e-12,1.8889600616664304e-06
223659,2.2355460768290173e-06,2.235552528873086e-06,6.45204406869433e-12,2.886115448734634e-06
224821,2.2239915310292494e-06,2.2239983081817627e-06,6.777152513278041e-12,3.0472924103904375e-06
225989,2.212497068430554e-06,2.212502295151353e-06,5.226720798890891e-12,2.3623628132526713e-06
227163,2.201062673047889e-06,2.2010644897818565e-06,1.816733967412588e-12,8.253894764826902e-07
228344,2.189678730326186e-06,2.1896848920732737e-06,6.161747087514896e-12,2.8139959539164953e-06
229530,2.178364483935117e-06,2.1783635020256042e-06,9.81909512703103e-13,4.507553809036254e-07
230722,2.167110201877809e-06,2.1671003196388483e-06,9.882238960759666e-12,4.560099875030199e-06
231921,2.1559065371297814e-06,2.155895344913006e-06,1.1192216775577805e-11,5.19142021364169e-06
233126,2.144762917897189e-06,2.144748577848077e-06,1.4340049112166565e-11,6.68607657867664e-06
234337,2.133679273856556e-06,2.133689122274518e-06,9.84841796220325e-12,4.615697440038659e-06
235555,2.1226465156661805e-06,2.122658770531416e-06,1.2254865235455611e-11,5.773389561101506e-06
236779,2.1116737548421544e-06,2.1116866264492273e-06,1.2871607072957e-11,6.095452502282551e-06
238009,2.1007608955871137e-06,2.100772690027952e-06,1.1794440838516654e-11,5.614366139093799e-06
239246,2.08989909966234e-06,2.089887857437134e-06,1.1242225206066345e-11,5.379314823324593e-06
240489,2.0790971728346773e-06,2.0790903363376856e-06,6.8364969917331954e-12,3.2882046501040625e-06
241738,2.0683549958958084e-06,2.068351022899151e-06,3.9729966575145835e-12,1.9208485319967383e-06
242994,2.057663975233475e-06,2.0576699171215296e-06,5.941888054598611e-12,2.887686291890496e-06
244256,2.0470326215032787e-06,2.0470470190048218e-06,1.4397501543057768e-11,7.033352273831708e-06
245526,2.0364442054932123e-06,2.0364532247185707e-06,9.019225358409291e-12,4.428908650715966e-06
246801,2.0259237199117824e-06,2.025917638093233e-06,6.081818549276874e-12,3.001997799572485e-06
248083,2.0154545051372685e-06,2.015440259128809e-06,1.4246008459538068e-11,7.068385033363877e-06
249372,2.005036652061939e-06,2.005050191655755e-06,1.353959381592641e-11,6.752791178157549e-06
250668,1.9946702411078024e-06,1.994660124182701e-06,1.0116925101282697e-11,5.071978762596843e-06
251970,1.98436321783558e-06,1.9843573682010174e-06,5.8496345627147566e-12,2.9478648415460826e-06
253280,1.974099810478725e-06,1.974112819880247e-06,1.300940152206646e-11,6.590042435043668e-06
254595,1.9639034544986017e-06,1.9638973753899336e-06,6.0791086681089425e-12,3.0954213427263313e-06
255918,1.953750810799129e-06,1.9537401385605335e-06,1.0672238595377812e-11,5.462435913724648e-06
257248,1.9436497076677414e-06,1.943641109392047e-06,8.598275694461985e-12,4.423778451714625e-06
258584,1.9336076477977393e-06,1.933600287884474e-06,7.359913265537083e-12,3.806311623725513e-06
259928,1.9236096149631815e-06,1.923617674037814e-06,8.059074632613713e-12,4.189558302227537e-06
261278,1.9136704965522127e-06,1.9136641640216112e-06,6.332530601442835e-12,3.3091018609796798e-06
262636,1.903775567698974e-06,1.9037979654967785e-06,2.2397797804486844e-11,1.1764936048401057e-05
264000,1.8939393939326003e-06,1.8939608708024025e-06,2.1476869802228692e-11,1.1339787255617425e-05
265372,1.884147536281993e-06,1.8841237761080265e-06,2.376017396659497e-11,1.2610569771771247e-05
266751,1.8744072187104952e-06,1.8744030967354774e-06,4.121975017739706e-12,2.199081915921895e-06
268137,1.864718408866592e-06,1.8647406250238419e-06,2.2216157249881104e-11,1.1913947513064166e-05
269530,1.8550810670362459e-06,1.8550781533122063e-06,2.9137240396130047e-12,1.5706720807991915e-06
270930,1.84549514634148e-06,1.8454738892614841e-06,2.1257079995832878e-11,1.1518361366581231e-05
272338,1.8359538514578015e-06,1.8359278328716755e-06,2.601858612598315e-11,1.4171699416803765e-05
273753,1.8264640022148873e-06,1.8264399841427803e-06,2.4018072106948518e-11,1.3150038587030822e-05
275175,1.8170255292026864e-06,1.8170103430747986e-06,1.5186127887817212e-11,8.357685483087796e-06
276605,1.8076318215446799e-06,1.8076389096677303e-06,7.088123050471001e-12,3.921220552763875e-06
278042,1.7982894670531183e-06,1.798267476260662e-06,2.1990792456220854e-11,1.2228727832264663e-05
279486,1.788998375583749e-06,1.7890124581754208e-06,1.4082591671832288e-11,7.871774432012633e-06
280939,1.7797457811069886e-06,1.7797574400901794e-06,1.1658983190890101e-11,6.550926157351698e-06
282398,1.7705507829320058e-06,1.7705606296658516e-06,9.846733845769498e-12,5.561395889172664e-06
283865,1.761400665803987e-06,1.7614220269024372e-06,2.13610984503052e-11,1.2127336423229397e-05
285340,1.7522955071089393e-06,1.7522834241390228e-06,1.208296991645726e-11,6.895509271945002e-06
286823,1.743235375121523e-06,1.7432612366974354e-06,2.5861575912419752e-11,1.4835389575901023e-05
288313,1.734226344280335e-06,1.734239049255848e-06,1.2704975512942661e-11,7.326019210148108e-06
289811,1.7252623261315537e-06,1.725275069475174e-06,1.2743343620258613e-11,7.3863223158835245e-06
291317,1.7163433647831298e-06,1.7163692973554134e-06,2.593257228367052e-11,1.5109198319968602e-05
292830,1.707475326976547e-06,1.707463525235653e-06,1.180174089414026e-11,6.911807572082335e-06
294352,1.6986465184491942e-06,1.6986741684377193e-06,2.764998852517146e-11,1.627765884476951e-05
295881,1.68986856201842e-06,1.6898848116397858e-06,1.624962136576265e-11,9.615908438673897e-06
297418,1.6811356407432869e-06,1.6811536625027657e-06,1.8021759478795035e-11,1.0719991321358821e-05
298964,1.672442166945189e-06,1.6724225133657455e-06,1.9653579443415243e-11,1.175142544947526e-05
300517,1.663799385720661e-06,1.6638077795505524e-06,8.39382989138799e-12,5.044977154954455e-06
302078,1.6552016366588437e-06,1.6551930457353592e-06,8.590923484478718e-12,5.190257968702943e-06
303648,1.6466434819219766e-06,1.6466365195810795e-06,6.962340897147091e-12,4.228201777485304e-06
305225,1.6381358014535448e-06,1.6381382010877132e-06,2.3996341683998022e-12,1.4648566781035904e-06
306811,1.6296677759228715e-06,1.629639882594347e-06,2.7893328524548574e-11,1.7115960035936e-05
308405,1.6212447917468452e-06,1.6212579794228077e-06,1.3187675962445856e-11,8.13429041041761e-06
310007,1.6128668062292121e-06,1.6128760762512684e-06,9.270022056271737e-12,5.747543455212216e-06
311618,1.6045286215774209e-06,1.6045523807406425e-06,2.375916322166077e-11,1.4807565849653094e-05
313237,1.5962354383381464e-06,1.5962286852300167e-06,6.7531081297233364e-12,4.230646662471077e-06
314865,1.5879821510766178e-06,1.5879631973803043e-06,1.8953696313423268e-11,1.1935711179482131e-05
316501,1.5797738395731836e-06,1.5797559171915054e-06,1.7922381678130394e-11,1.134490344704821e-05
318145,1.5716104292029264e-06,1.57160684466362e-06,3.5845393063847184e-12,2.280806515265166e-06
319798,1.563486951134084e-06,1.563515979796648e-06,2.9028662564049463e-11,1.8566616461361164e-05
321459,1.555408310231757e-06,1.555425114929676e-06,1.680469791911967e-11,1.0804042776790718e-05
323130,1.5473648376777236e-06,1.5473924577236176e-06,2.762004589396888e-11,1.7849730859479065e-05
324808,1.5393709514507499e-06,1.539359800517559e-06,1.115093319081004e-11,7.24382461569842e-06
326496,1.5314123297033575e-06,1.531385350972414e-06,2.6978730943512163e-11,1.761689547630721e-05
328192,1.5234984399340614e-06,1.523527316749096e-06,2.8876815034510787e-11,1.8954279359656324e-05
329897,1.515624573727107e-06,1.5156110748648643e-06,1.349886224274213e-11,8.90646831460826e-06
331611,1.5077907548267799e-06,1.5078112483024597e-06,2.04934756798441e-11,1.3591723927368464e-05
333334,1.499997000002625e-06,1.500011421740055e-06,1.4421737430173935e-11,9.614510849120829e-06
335066,1.492243319223337e-06,1.492269802838564e-06,2.6483615226957443e-11,1.7747518039310963e-05
336807,1.4845297158280501e-06,1.4845281839370728e-06,1.531890977382174e-12,1.0319032088405898e-06
338557,1.4768561866950306e-06,1.476844772696495e-06,1.1413998535591391e-11,7.728578204445285e-06
340316,1.4692227224077643e-06,1.4692195691168308e-06,3.1532909334794308e-12,2.146230714640605e-06
342084,1.4616293074184462e-06,1.46165257319808e-06,2.326577963390835e-11,1.5917701920605817e-05
343861,1.4540759202088718e-06,1.4540855772793293e-06,9.65707045745582e-12,6.641379809156474e-06
345648,1.4465583483745132e-06,1.446576789021492e-06,1.844064697877533e-11,1.2747945493866145e-05
347444,1.4390808302890956e-06,1.4390680007636547e-06,1.2829525440851387e-11,8.915083274560802e-06
349249,1.4316433261053724e-06,1.4316174201667309e-06,2.590593864152177e-11,1.8095246329262762e-05
351064,1.4242417336980887e-06,1.4242250472307205e-06,1.6686467368181844e-11,1.1716035960310546e-05
352888,1.4168801432720757e-06,1.4168908819556236e-06,1.073868354795365e-11,7.57910511975575e-06
354721,1.4095584980844285e-06,1.4095567166805267e-06,1.7814039017336077e-12,1.2638027468562051e-06
356564,1.4022728037575772e-06,1.4022807590663433e-06,7.955308766119119e-12,5.673153429776151e-06
358416,1.3950270077201546e-06,1.3950048014521599e-06,2.2206267994744e-11,1.591816349923931e-05
360279,1.3878133335527107e-06,1.38778705149889e-06,2.628205382073181e-11,1.8937744136995345e-05
362151,1.3806395674706045e-06,1.3806275092065334e-06,1.2058264071109759e-11,8.73382478324959e-06
364032,1.3735056258764526e-06,1.3735261745750904e-06,2.0548698637855935e-11,1.4960767725100166e-05
365923,1.366407686860532e-06,1.3664248399436474e-06,1.7153083115391065e-11,1.2553415265689928e-05
367825,1.3593420784315262e-06,1.3593235053122044e-06,1.857311932188324e-11,1.3663315229168651e-05
369736,1.3523162472658482e-06,1.3523385860025883e-06,2.2338736740079468e-11,1.6518870334690253e-05
371657,1.345326470372131e-06,1.3453536666929722e-06,2.7196320841231324e-11,2.0215406029815607e-05
373588,1.3383727528697506e-06,1.338368747383356e-06,4.005486394504832e-12,2.9928033023059033e-06
375529,1.3314550940116838e-06,1.3314420357346535e-06,1.3058277030317939e-11,9.807523429853917e-06
377480,1.3245734873347534e-06,1.3245735317468643e-06,4.441211091108562e-14,3.352936725349203e-08
379441,1.3177279208075347e-06,1.3177050277590752e-06,2.289304845953105e-11,1.737312240109601e-05
381412,1.3109183769759232e-06,1.3108947314321995e-06,2.3645543723693736e-11,1.8037388245513945e-05
383394,1.3041414315277485e-06,1.3041426427662373e-06,1.2112384887426558e-12,9.287631383075832e-07
385386,1.2974005282993114e-06,1.297390554100275e-06,9.974199036407184e-12,7.687833339702578e-06
387388,1.2906956333163832e-06,1.2906966730952263e-06,1.039778843046549e-12,8.05595692901575e-07
389401,1.2840234103127e-06,1.2840027920901775e-06,2.0618222522372515e-11,1.6057512936895235e-05
391424,1.2773871811620753e-06,1.2773671187460423e-06,2.0062416033079242e-11,1.5705822266689646e-05
393458,1.2707836668696343e-06,1.2707896530628204e-06,5.986193186095491e-12,4.710631197237127e-06
395502,1.2642161101567143e-06,1.2642121873795986e-06,3.922777115710643e-12,3.1029323896405408e-06
397557,1.257681288467337e-06,1.2576929293572903e-06,1.164088995324962e-11,9.25583457430276e-06
399622,1.2511823673351748e-06,1.251173671334982e-06,8.696000192904462e-12,6.950225978188615e-06
401699,1.244713081185727e-06,1.244712620973587e-06,4.602121400114958e-13,3.697335128615285e-07
403786,1.2382796828003778e-06,1.2382515706121922e-06,2.811218818564204e-11,2.2702616037490124e-05
405884,1.23187905903963e-06,1.2319069355726242e-06,2.7876532994111088e-11,2.2629277435597912e-05
407992,1.2255142257672922e-06,1.2255040928721428e-06,1.013289514940869e-11,8.268280315607517e-06
410112,1.2191791510593615e-06,1.2191594578325748e-06,1.969322678668671e-11,1.6152857247907328e-05
412243,1.2128768711640088e-06,1.2128730304539204e-06,3.840710088425523e-12,3.166611697970264e-06
414385,1.2066073820222066e-06,1.2065866030752659e-06,2.0778946940681274e-11,1.7220967856053492e-05
416538,1.200370674462545e-06,1.2003583833575249e-06,1.2291105020025657e-11,1.023942460567765e-05
418702,1.194166734334412e-06,1.1941883713006973e-06,2.1636966285367497e-11,1.8118882115257722e-05
420877,1.1879955426390474e-06,1.1880183592438698e-06,2.2816604822361106e-11,1.9205968375668854e-05
423064,1.181854282092784e-06,1.1818483471870422e-06,5.934905741785827e-12,5.021689925492773e-06
425262,1.1757457755438031e-06,1.1757365427911282e-06,9.232752674990458e-12,7.85267773615444e-06
427472,1.169667253058249e-06,1.1696829460561275e-06,1.5692997878463398e-11,1.341663437822337e-05
429693,1.1636214692799813e-06,1.163629349321127e-06,7.880041145681493e-12,6.771997040031804e-06
431925,1.1576083810831278e-06,1.1576339602470398e-06,2.5579163912030155e-11,2.209656074543686e-05
434169,1.1516252887685138e-06,1.1516385711729527e-06,1.3282404438861808e-11,1.1533616505647681e-05
436425,1.1456722231754453e-06,1.1456431820988655e-06,2.9041076579821567e-11,2.5348503692730525e-05
438692,1.1397518076448865e-06,1.1397642083466053e-06,1.2400701718815856e-11,1.0880177276875663e-05
440972,1.1338588391085085e-06,1.133885234594345e-06,2.6395485836638058e-11,2.3279340360737843e-05
443263,1.1279985020165539e-06,1.1280062608420849e-06,7.758825530994139e-12,6.878400562698863e-06
445566,1.122168208524372e-06,1.1221854947507381e-06,1.728622636619144e-11,1.540430947417631e-05
447881,1.1163679638104248e-06,1.1163647286593914e-06,3.2351510333683938e-12,2.897925359955751e-06
450208,1.1105977681413554e-06,1.1106021702289581e-06,4.4020876027748635e-12,3.9637101109450206e-06
452547,1.1048576169975488e-06,1.1048396117985249e-06,1.8005199023929093e-11,1.629639760538397e-05
454898,1.099147501196743e-06,1.099135261029005e-06,1.2240167737865838e-11,1.113605564725284e-05
457261,1.0934674070156915e-06,1.0934891179203987e-06,2.17109047071877e-11,1.985509999465045e-05
459637,1.0878149496220024e-06,1.0878429748117924e-06,2.802518978992449e-11,2.576282831897353e-05
462025,1.0821925220484051e-06,1.082196831703186e-06,4.309654780887065e-12,3.982336500283357e-06
464426,1.076597778762215e-06,1.0766088962554932e-06,1.1117493278094067e-11,1.0326505866356199e-05
466839,1.0710330542208908e-06,1.0710209608078003e-06,1.2093413090484285e-11,1.1291353747510138e-05
469264,1.0654983122494637e-06,1.0654912330210209e-06,7.079228442830453e-12,6.644054112000322e-06
471702,1.0599912656707798e-06,1.060019712895155e-06,2.8447224375175253e-11,2.6837225264467992e-05
474153,1.0545119402375268e-06,1.0544899851083755e-06,2.195512915126328e-11,2.082018070494103e-05
476617,1.0490603566374042e-06,1.049076672643423e-06,1.6316006018910005e-11,1.5552971681446777e-05
479093,1.0436387089760347e-06,1.0436633601784706e-06,2.4651202435957447e-11,2.362043705732605e-05
481582,1.0382447848953264e-06,1.0382500477135181e-06,5.262818191716789e-12,5.068957020812173e-06
484084,1.0328785913177602e-06,1.0328949429094791e-06,1.6351591718920708e-11,1.5831087851340912e-05
486599,1.027540130578715e-06,1.0275398381054401e-06,2.924732747892759e-13,2.8463440607867424e-07
489127,1.0222294005431667e-06,1.0222429409623146e-06,1.3540419147889556e-11,1.3245969193113392e-05
491669,1.016944326364857e-06,1.016946043819189e-06,1.7174543321490617e-12,1.6888381080685408e-06
494223,1.011689055344426e-06,1.011707354336977e-06,1.8298992550973804e-11,1.8087565991058364e-05
496791,1.0064594567926823e-06,1.006468664854765e-06,9.208062082588755e-12,9.14896474015197e-06
499372,1.0012575795188733e-06,1.0012299753725529e-06,2.7604146320466406e-11,2.7569475512715534e-05
501967,9.960814157096062e-07,9.961077012121677e-07,2.6285502561539852e-11,2.6388909728643134e-05
504575,9.90932963384054e-07,9.909272193908691e-07,5.743993184856923e-12,5.796550722504056e-06
507196,9.8581219094692e-07,9.85804945230484e-07,7.245716436054189e-12,7.349996787009024e-06
509831,9.807171396002188e-07,9.807408787310123e-07,2.373913079356711e-11,2.4205889583253506e-05
512480,9.75647830158297e-07,9.756768122315407e-07,2.898207324367416e-11,2.9705465791864546e-05
515143,9.706042788109882e-07,9.70612745732069e-07,8.466921080784679e-12,8.723350252645542e-06
517819,9.655883619556907e-07,9.656068868935108e-07,1.8524937820124456e-11,1.918512955417594e-05
520510,9.605963382058722e-07,9.606010280549526e-07,4.689849080400426e-12,4.882226689682958e-06
523214,9.556319211633163e-07,9.556533768773079e-07,2.1455713991606537e-11,2.245185988082935e-05
525932,9.506932455137701e-07,9.506475180387497e-07,4.572747502037969e-11,4.8099084784880134e-05
528665,9.457785175859055e-07,9.457580745220184e-07,2.0443063887078e-11,2.161506473974352e-05
531412,9.408895546196875e-07,9.408686310052872e-07,2.0923614400307333e-11,2.2238119551411928e-05
534172,9.360280958185041e-07,9.359791874885559e-07,4.8908329948198016e-11,5.2250920850223435e-05
536948,9.311888674500443e-07,9.312061592936516e-07,1.7291843607270934e-11,1.856964168248993e-05
539738,9.263753895400563e-07,9.264331310987473e-07,5.774155869099389e-11,6.233062680957281e-05
542542,9.215876374540134e-07,9.21543687582016e-07,4.39498719974142e-11,4.768930290648269e-05
545361,9.168239019650831e-07,9.167706593871117e-07,5.324257797146076e-11,5.807285113023644e-05
548194,9.120858674111427e-07,9.121140465140343e-07,2.817910289157312e-11,3.0895230261111774e-05
551042,9.073718518726129e-07,9.073410183191299e-07,3.083355348291788e-11,3.398116595669604e-05
553905,9.026818678285853e-07,9.026844054460526e-07,2.5376174672106215e-12,2.8111980063528892e-06
556783,8.980159236176334e-07,8.980277925729752e-07,1.1868955341737965e-11,1.3216865124088436e-05
559676,8.933740235414793e-07,8.933711796998978e-07,2.843841581485896e-12,3.1832597619219413e-06
562584,8.887561679671037e-07,8.887145668268204e-07,4.1601140283297006e-11,4.68082718103137e-05
565507,8.841623534272946e-07,8.841743692755699e-07,1.201584827529497e-11,1.359009262124509e-05
568445,8.795925727196353e-07,8.796341717243195e-07,4.1599004684114566e-11,4.72934924353596e-05
571398,8.750468150039328e-07,8.75093974173069e-07,4.715916913624838e-11,5.389330985226937e-05
574367,8.705235502729458e-07,8.705537766218185e-07,3.02263488727078e-11,3.4722034645967434e-05
577351,8.660243075696153e-07,8.660135790705681e-07,1.0728499047200804e-11,1.2388219306810155e-05
580351,8.615475806875993e-07,8.615897968411446e-07,4.221615354529931e-11,4.9000373852372364e-05
583366,8.57094859830077e-07,8.570495992898941e-07,4.526054018294199e-11,5.280692056876306e-05
586397,8.526646623356472e-07,8.526258170604706e-07,3.884527517663725e-11,4.555750565554223e-05
589444,8.482570015126802e-07,8.482020348310471e-07,5.496668163315972e-11,6.479956137719901e-05
592506,8.438733109869672e-07,8.438946679234505e-07,2.1356936483297495e-11,2.5308226015963353e-05
595584,8.395121427030404e-07,8.394708856940269e-07,4.1257009013435785e-11,4.914402891255091e-05
598679,8.351721039148713e-07,8.351635187864304e-07,8.585128440913321e-12,1.0279472219762263e-05
601789,8.308559976996171e-07,8.308561518788338e-07,1.5417921663664705e-13,1.8556671320123047e-07
604916,8.265610431855967e-07,8.265487849712372e-07,1.2258214359471583e-11,1.4830379994958356e-05
608059,8.22288626596534e-07,8.222414180636406e-07,4.720853289345478e-11,5.741114660536126e-05
611218,8.180387357696687e-07,8.180504664778709e-07,1.1730708202222592e-11,1.4340040011901773e-05
614394,8.138100306963752e-07,8.138595148921013e-07,4.94841957260585e-11,6.080558589787225e-05
617586,8.096038446462069e-07,8.095521479845047e-07,5.169666170215339e-11,6.385426902801406e-05
620795,8.054188580766205e-07,8.05361196398735e-07,5.766167788549766e-11,7.159216264590148e-05
624020,8.012563699876269e-07,8.012866601347923e-07,3.029014716538434e-11,3.7803315268310546e-05
627262,7.971150810979818e-07,7.970957085490227e-07,1.9372548959162453e-11,2.430332761045976e-05
630521,7.929949993730353e-07,7.9302117228508e-07,2.6172912044702856e-11,3.3005141350696935e-05
633797,7.888961292017616e-07,7.889466360211372e-07,5.0506819375666784e-11,6.402214119971879e-05
637090,7.848184714870615e-07,7.848720997571945e-07,5.3628270133029974e-11,6.833206923814622e-05
640400,7.807620237346895e-07,7.807975634932518e-07,3.553975856232435e-11,4.551932276665278e-05
643727,7.767267801408025e-07,7.767230272293091e-07,3.75291149337704e-12,4.831700913797159e-06
647072,7.727115375100475e-07,7.727649062871933e-07,5.336877714578614e-11,6.90668827305975e-05
650434,7.687175024671288e-07,7.686903700232506e-07,2.7132443878252226e-11,3.529572800303508e-05
653813,7.647446594052239e-07,7.647322490811348e-07,1.2410324089117872e-11,1.6228062447366334e-05
657210,7.607918321384498e-07,7.60774128139019e-07,1.7703999430746383e-11,2.327049093177513e-05
660624,7.568601806772289e-07,7.568160071969032e-07,4.4173480325639145e-11,5.836412253332349e-05
664057,7.529474126463791e-07,7.529743015766144e-07,2.688893023532098e-11,3.571156469057333e-05
667507,7.490558151445894e-07,7.490161806344986e-07,3.9634510090852377e-11,5.291262585445888e-05
670975,7.451842468046088e-07,7.451744750142097e-07,9.771790399028588e-12,1.3113254125983696e-05
674461,7.413327086365634e-07,7.413327693939209e-07,6.075735746914076e-14,8.195693615203333e-08
677965,7.375011984390462e-07,7.37491063773632e-07,1.0134665414175375e-11,1.3741896875050292e-05
681488,7.336886342822337e-07,7.336493581533432e-07,3.9276128890528514e-11,5.35324210507258e-05
685028,7.298971720860076e-07,7.299240678548813e-07,2.6895768873664097e-11,3.684870951999637e-05
688588,7.261236036639274e-07,7.260823622345924e-07,4.1241429334948975e-11,5.679670668581763e-05
692165,7.223711109341546e-07,7.223570719361305e-07,1.403899802408242e-11,1.9434606134688157e-05
695761,7.186375781334996e-07,7.186317816376686e-07,5.796495831019475e-12,8.065951471776047e-06
699376,7.149230170891544e-07,7.149064913392067e-07,1.652574994774166e-11,2.3115425790915355e-05
703010,7.112274363092234e-07,7.111812010407448e-07,4.6235268478638105e-11,6.500771218636763e-05
706662,7.075518423231328e-07,7.075723260641098e-07,2.0483740976985533e-11,2.8950162732571595e-05
710334,7.038942244067612e-07,7.038470357656479e-07,4.7188641113276186e-11,6.703939239314907e-05
714025,7.00255593291208e-07,7.002381607890129e-07,1.7432502195059394e-11,2.4894484759666777e-05
717734,6.966369156257853e-07,6.966292858123779e-07,7.629813407367135e-12,1.09523529922518e-05
721463,6.930362333200176e-07,6.93020410835743e-07,1.5822484274684053e-11,2.2830673944543727e-05
725212,6.894535666808634e-07,6.89411535859108e-07,4.2030821755470036e-11,6.096251261388485e-05
728980,6.858898735215846e-07,6.859190762042999e-07,2.9202682715276825e-11,4.2576343291585026e-05
732767,6.823451383588061e-07,6.82310201227665e-07,3.493713114113135e-11,5.1201553549810624e-05
736574,6.788184215024825e-07,6.788177415728569e-07,6.799296255696028e-13,1.0016369680490709e-06
740401,6.753097308077272e-07,6.753252819180489e-07,1.555111032167792e-11,2.3028115266571807e-05
744248,6.718190710620308e-07,6.718328222632408e-07,1.3751201210042244e-11,2.046860799635228e-05
748115,6.683464440624459e-07,6.683403626084328e-07,6.081454013083793e-12,9.099253938000428e-06
752002,6.648918486915978e-07,6.648479029536247e-07,4.394573797307051e-11,6.609456569447917e-05
755909,6.614552809925285e-07,6.614718586206436e-07,1.6577628115158078e-11,2.5062356581813022e-05
759836,6.580367342423674e-07,6.579793989658356e-07,5.7335276531834966e-11,8.713081435772444e-05
763784,6.546353419288512e-07,6.546033546328545e-07,3.198729599671134e-11,4.886276977112529e-05
767752,6.512519667806635e-07,6.512273102998734e-07,2.4656480790166173e-11,3.7860124879239375e-05
771741,6.478857544173371e-07,6.478512659668922e-07,3.4488450444877455e-11,5.3232302469582686e-05
775751,6.445367134554674e-07,6.445916369557381e-07,5.492350027065012e-11,8.52139205169496e-05
779781,6.412056718486273e-07,6.41215592622757e-07,9.920774129654355e-12,1.5472062343198367e-05
783833,6.378909793282453e-07,6.378395482897758e-07,5.143103846949023e-11,8.062669035334468e-05
787905,6.34594272151844e-07,6.345799192786217e-07,1.4352873222328214e-11,2.261740115248613e-05
791999,6.313139284264256e-07,6.313202902674675e-07,6.361841041876058e-12,1.007714348665361e-05
796113,6.280515454461901e-07,6.280606612563133e-07,9.11581012319926e-12,1.4514429889226791e-05
800250,6.248047485158448e-07,6.248010322451591e-07,3.716270685610919e-12,5.947891232322598e-06
804407,6.215758937948163e-07,6.21541403234005e-07,3.4490560811371914e-11,5.548889710120793e-05
808587,6.18362649906329e-07,6.183981895446777e-07,3.55396383487615e-11,5.7473779107042e-05
812788,6.151665624982293e-07,6.151385605335236e-07,2.800196470576428e-11,4.55193217785547e-05
817011,6.119868643137152e-07,6.119953468441963e-07,8.482530481128213e-12,1.3860641421839275e-05
821256,6.088235580620594e-07,6.088521331548691e-07,2.8575092809717644e-11,4.693493284109235e-05
825523,6.056766437759051e-07,6.057089194655418e-07,3.2275689636730655e-11,5.3288648271985154e-05
829812,6.025461188797203e-07,6.025657057762146e-07,1.9586896494274743e-11,3.250688350742603e-05
834123,5.99431978257188e-07,5.994224920868874e-07,9.486170300632419e-12,1.5825265659354515e-05
838457,5.963335030893918e-07,5.962792783975601e-07,5.422469183170942e-11,9.093014487831151e-05
842813,5.932514092685139e-07,5.932524800300598e-07,1.0707615458991853e-12,1.8049035015684954e-06
847192,5.901849875823023e-07,5.902256816625595e-07,4.0694080257240524e-11,6.895139848260825e-05
851593,5.871349341761001e-07,5.870824679732323e-07,5.246620286783431e-11,8.935970219768605e-05
856018,5.84099867058671e-07,5.84055669605732e-07,4.419745293903344e-11,7.566763053995687e-05
860465,5.810811596053659e-07,5.810288712382317e-07,5.22883671341939e-11,8.99846196522787e-05
864936,5.78077453129287e-07,5.781184881925583e-07,4.103506327133762e-11,7.098540697133907e-05
869430,5.750894264056159e-07,5.75091689825058e-07,2.263419442089719e-12,3.93576953107343e-06
873947,5.721170734607892e-07,5.720648914575577e-07,5.2182003231514587e-11,9.120861035637481e-05
878488,5.691597380952706e-07,5.691545084118843e-07,5.229683386303526e-12,9.188428197337e-06
883052,5.662180709627968e-07,5.662441253662109e-07,2.6054403414118996e-11,4.601478608730397e-05
887640,5.632914244511754e-07,5.633337423205376e-07,4.231786936219798e-11,7.512606712134667e-05
892252,5.603798030151157e-07,5.604233592748642e-07,4.35562597485041e-11,7.772631974626897e-05
896887,5.574838301813323e-07,5.575129762291908e-07,2.914604785847988e-11,5.228142285131314e-05
901547,5.546022558999655e-07,5.546025931835175e-07,3.37283551960185e-13,6.081539488382849e-07
906231,5.517357053553099e-07,5.516922101378441e-07,4.3495217465774524e-11,7.883342883847662e-05
910940,5.488835708167929e-07,5.488982424139977e-07,1.467159720477639e-11,2.6729889515446067e-05
915673,5.460464598168242e-07,5.461042746901512e-07,5.781487332704679e-11,0.00010587903700802541
920430,5.432243625260502e-07,5.431938916444778e-07,3.047088157240168e-11,5.609262705138791e-05
925212,5.404166828790093e-07,5.403999239206314e-07,1.6758958377878316e-11,3.1011178797436165e-05
930019,5.376234248976155e-07,5.37605956196785e-07,1.7468700830557104e-11,3.2492447355477166e-05
934851,5.348445902072705e-07,5.348119884729385e-07,3.260173433192432e-11,6.0955527883884996e-05
939708,5.320801780977266e-07,5.32134436070919e-07,5.4257973192457284e-11,0.00010197330294550417
944591,5.293296252027173e-07,5.293404683470726e-07,1.084314435532416e-11,2.0484673139485747e-05
949498,5.265940528572586e-07,5.265465006232262e-07,4.755223403246797e-11,9.030150221874558e-05
954431,5.238723385974081e-07,5.238689482212067e-07,3.3903762014401778e-12,6.471760296635276e-06
959390,5.211644899361722e-07,5.211913958191872e-07,2.6905883014989904e-11,5.162647021151635e-05
964375,5.184705119894912e-07,5.185138434171677e-07,4.333142767641663e-11,8.357549113091103e-05
969385,5.157909396162175e-07,5.158362910151482e-07,4.5351398930681376e-11,8.792593170486053e-05
974422,5.131247036703485e-07,5.131587386131287e-07,3.403494278017825e-11,6.632879402751117e-05
979484,5.104728612206731e-07,5.104811862111092e-07,8.32499043606845e-12,1.6308389864568387e-05
984573,5.07834360682114e-07,5.078036338090897e-07,3.072687302433266e-11,6.050569910838817e-05
989689,5.052092121867297e-07,5.052424967288971e-07,3.328454216740188e-11,6.588269050624442e-05
994831,5.025979286932893e-07,5.025649443268776e-07,3.2984366411741634e-11,6.562774044353526e-05
1000000,4.999999999998749e-07,5.00003807246685e-07,3.807246810093941e-12,7.614493620189787e-06
1005195,4.974159242732766e-07,4.974426701664925e-07,2.6745893215862564e-11,5.376967626225125e-05
1010418,4.948447078336664e-07,4.948815330862999e-07,3.682525263346876e-11,7.441779623082669e-05
1015667,4.922873343328856e-07,4.923203960061073e-07,3.3061673221754007e-11,6.715930091225472e-05
1020944,4.897428262469637e-07,4.897592589259148e-07,1.6432678951114366e-11,3.355368995814106e-05
1026249,4.872111933847257e-07,4.871981218457222e-07,1.307153900346788e-11,2.6829307661546186e-05
1031581,4.846929131109264e-07,4.846369847655296e-07,5.592834539675656e-11,0.00011538923694549017
1036940,4.821879761605144e-07,4.82192263007164e-07,4.286846649648053e-12,8.890405529774173e-06
1042328,4.796954509519892e-07,4.797475412487984e-07,5.2090296809200486e-11,0.00010859034978510563
1047743,4.772162639119384e-07,4.771864041686058e-07,2.985974333260834e-11,6.257067411708838e-05
1053187,4.747494984270479e-07,4.7474168241024017e-07,7.816016807704599e-12,1.6463454587315678e-05
1058659,4.72295611712448e-07,4.721805453300476e-07,1.1506638240040834e-10,0.00024363212265132212
1064159,4.6985459879575293e-07,4.698522388935089e-07,2.359902244018113e-12,5.022622424185251e-06
1069688,4.6742601581011543e-07,4.675239324569702e-07,9.791664685478073e-11,0.00020948052428163916
1075246,4.6500986750928804e-07,4.6496279537677765e-07,4.707213251038697e-11,0.00010122824438654898
1080832,4.626065845569829e-07,4.6263448894023895e-07,2.790438325604588e-11,6.0319900726810076e-05
1086448,4.6021530712918994e-07,4.6030618250370026e-07,9.087537451031753e-11,0.00019746273777201273
1092092,4.5783688553701995e-07,4.577450454235077e-07,9.184011351226207e-11,0.00020059570649170867
1097766,4.5547047367097933e-07,4.55416738986969e-07,5.373468401033554e-11,0.00011797621825460448
1103470,4.5311607927709623e-07,4.530884325504303e-07,2.7646726665930786e-11,6.1014666948121814e-05
1109203,4.507741143865446e-07,4.507601261138916e-07,1.3988272652995923e-11,3.103166798304838e-05
1114966,4.4844416780412987e-07,4.484318196773529e-07,1.2348126776961888e-11,2.7535483040009714e-05
1120759,4.4612624123464587e-07,4.461035132408142e-07,2.2727993831660164e-11,5.0945207277565365e-05
1126582,4.43820334427411e-07,4.437752068042755e-07,4.512762313546655e-11,0.00010167993585442038
1132435,4.415264452263508e-07,4.414469003677368e-07,7.954485861397705e-11,0.0001801587639290733
1138319,4.392441837480561e-07,4.39351424574852e-07,1.0724082679591332e-10,0.0002441485414350417
1144233,4.369739380003064e-07,4.370231181383133e-07,4.9180138006913104e-11,0.00011254707370414988
1150178,4.347153223239407e-07,4.346948117017746e-07,2.0510622166101304e-11,4.718173276353305e-05
1156154,4.324683389928215e-07,4.323665052652359e-07,1.018337275856179e-10,0.00023547094296608897
1162161,4.302329883724436e-07,4.302710294723511e-07,3.804109990746325e-11,8.841976541913116e-05
1168199,4.280092689686504e-07,4.279427230358124e-07,6.654593283800727e-11,0.00015547778439088298
1174268,4.257971774755928e-07,4.2584724724292755e-07,5.006976733475957e-11,0.00011759065109732821
1180369,4.2359634995489566e-07,4.2351894080638885e-07,7.740914850680187e-11,0.00018274271842768324
1186502,4.214067907175135e-07,4.2142346501350403e-07,1.6674295990503195e-11,3.9568171082655066e-05
1192666,4.19228853677318e-07,4.193279892206192e-07,9.913554330121921e-11,0.0002364711837738254
1198863,4.1706183275312773e-07,4.169996827840805e-07,6.214996904722474e-11,0.00014901859668375192
1205092,4.149060818592389e-07,4.149042069911957e-07,1.874868043197654e-12,4.518776959827073e-06
1211353,4.127615979816906e-07,4.1280873119831085e-07,4.7133216620238756e-11,0.0001141899267051716
1217646,4.1062837639175565e-07,4.10713255405426e-07,8.487901367037218e-11,0.00020670518295938284
1223973,4.0850574318217515e-07,4.086177796125412e-07,1.1203643036605139e-10,0.0002742591315688998
1230332,4.0639437160044403e-07,4.062894731760025e-07,1.0489842444152677e-10,0.0002581197766800276
1236724,4.0429392491770056e-07,4.041939973831177e-07,9.992753458288215e-11,0.00024716556055900105
1243150,4.022040783492894e-07,4.0209852159023285e-07,1.055567590565503e-10,0.00026244577004234346
1249609,4.0012515914971793e-07,4.002358764410019e-07,1.107172912839625e-10,0.0002767066472881665
1256101,3.9805716260071506e-07,3.9814040064811707e-07,8.323804740200645e-11,0.00020911078915944855
1262627,3.95999768736073e-07,3.9604492485523224e-07,4.51561191592267e-11,0.00011403067053133173
1269187,3.939529793481358e-07,3.939494490623474e-07,3.5302857883806875e-12,8.96118565779643e-06
1275781,3.919167944968009e-07,3.918539732694626e-07,6.282122733832707e-11,0.0001602922564698611
1282410,3.8989090852373574e-07,3.8999132812023163e-07,1.0041959649589317e-10,0.0002575581894846359
1289073,3.878756284554286e-07,3.878958523273468e-07,2.0223871918177486e-11,5.214009449036946e-05
1295770,3.8587094931965213e-07,3.85800376534462e-07,7.057278519015558e-11,0.000182892195731723
1302502,3.8387656986317593e-07,3.83937731385231e-07,6.116152205509009e-11,0.00015932600959962136
1309270,3.8189219946987795e-07,3.818422555923462e-07,4.9943877531753696e-11,0.0001307800410720174
1316072,3.799184239159619e-07,3.7997961044311523e-07,6.118652715331326e-11,0.00016105175032745384
1322910,3.7795466055886533e-07,3.778841346502304e-07,7.05259086349257e-11,0.00018659885958448576
1329783,3.7600119718775865e-07,3.7602148950099945e-07,2.0292313240800883e-11,5.3968746356591475e-05
1336692,3.740577485313969e-07,3.741588443517685e-07,1.0109582037158854e-10,0.00027026794864831667
1343637,3.7212431631454834e-07,3.7206336855888367e-07,6.094775566467717e-11,0.00016378331915606234
1350618,3.702009006247003e-07,3.702007234096527e-07,1.772150475901768e-13,4.786996662923645e-07
1357635,3.682874999539141e-07,3.6833807826042175e-07,5.0578306507642796e-11,0.00013733375831102588
1364689,3.6638384276559194e-07,3.664754331111908e-07,9.15903455988592e-11,0.0002499846742899567
1371779,3.644901984940239e-07,3.6437995731830597e-07,1.1024117571793093e-10,0.00030245305957037527
1378906,3.626062980362217e-07,3.62517312169075e-07,8.89858671466646e-11,0.00024540629224750965
1386070,3.607321419552656e-07,3.6065466701984406e-07,7.747493542155678e-11,0.00021477136747954234
1393272,3.5886747167813296e-07,3.587920218706131e-07,7.544980751985937e-11,0.00021024420844564605
1400511,3.570125475629512e-07,3.5692937672138214e-07,8.317084156905145e-11,0.0002329633569934573
1407787,3.551673655176081e-07,3.550667315721512e-07,1.0063394545693249e-10,0.00028334232034599296
1415101,3.533316703188942e-07,3.534369170665741e-07,1.0524674767987917e-10,0.0002978695557771266
1422454,3.5150521563434616e-07,3.5157427191734314e-07,6.905628299698014e-11,0.00019645877194839705
1429844,3.4968849748639634e-07,3.497116267681122e-07,2.31292817158437e-11,6.614252937142571e-05
1437273,3.4788102190741736e-07,3.478489816188812e-07,3.2040288536131516e-11,9.210128325039386e-05
1444740,3.4608303224105385e-07,3.4598633646965027e-07,9.669577140358184e-11,0.0002794004975552551
1452247,3.4429404915275476e-07,3.443565219640732e-07,6.247281131842084e-11,0.00018145190563750697
1459792,3.4251455001804456e-07,3.424938768148422e-07,2.0673203202332836e-11,6.0357153298286796e-05
1467376,3.40744294577492e-07,3.4063123166561127e-07,1.1306291188073984e-10,0.00033181160676786355
1475000,3.3898305084741865e-07,3.390014171600342e-07,1.836631261553322e-11,5.418062221582923e-05
1482664,3.372308223575558e-07,3.371387720108032e-07,9.205034675259853e-11,0.00027295947063522055
1490367,3.3548783621748453e-07,3.3550895750522614e-07,2.1121287741604798e-11,6.295694049519172e-05
1498110,3.337538632009294e-07,3.336463123559952e-07,1.0755084493423671e-10,0.0003222459926088946
1505894,3.320286819656263e-07,3.320164978504181e-07,1.218411520822626e-11,3.66959719747574e-05
1513718,3.3031251527691774e-07,3.30386683344841e-07,7.416806792325952e-11,0.00022453907888134563
1521582,3.286053594219345e-07,3.2852403819561005e-07,8.132122632446284e-11,0.0002474738283864844
1529488,3.2690678187729916e-07,3.2689422369003296e-07,1.255818726619931e-11,3.841519345081341e-05
1537434,3.252172125762453e-07,3.2526440918445587e-07,4.719660821057507e-11,0.0001451233402952499
1545422,3.2353622505694085e-07,3.236345946788788e-07,9.836962193793229e-11,0.0003040451557491582
1553451,3.218640304714782e-07,3.2177194952964783e-07,9.208094183035756e-11,0.00028608646233465115
1561523,3.202002147902712e-07,3.2014213502407074e-07,5.807976620046898e-11,0.00018138578151332847
1569635,3.1854539431138405e-07,3.1851232051849365e-07,3.3073792890400566e-11,0.00010382756580705832
1577791,3.168987527498571e-07,3.1688250601291656e-07,1.6246736940538683e-11,5.126791064830409e-05
1585988,3.1526089730814503e-07,3.152526915073395e-07,8.205800805553376e-12,2.6028603215998563e-05
1594228,3.1363142536698064e-07,3.136228770017624e-07,8.548365218251597e-12,2.7256086370328293e-05
1602511,3.1201033877455526e-07,3.119930624961853e-07,1.727627836995472e-11,5.5370852253834406e-05
1610837,3.10397637998104e-07,3.103632479906082e-07,3.4390007495789035e-11,0.00011079339300899931
1619206,3.087933221591029e-07,3.0873343348503113e-07,5.988867407176343e-11,0.00019394420077810604
1627619,3.0719720032756607e-07,3.0710361897945404e-07,9.358134811202851e-11,0.0003046295604655323
1636075,3.056094616689047e-07,3.057066351175308e-07,9.71734486261e-11,0.0003179660999219228
1644576,3.040297316754919e-07,3.0407682061195374e-07,4.708893646181426e-11,0.00015488266954126362
1653120,3.024583817266467e-07,3.0244700610637665e-07,1.1375620270074e-11,3.7610530761732905e-05
1661709,3.008950423930753e-07,3.0081719160079956e-07,7.785079227572906e-11,0.00025873072436344237
1670343,2.9933971645342013e-07,2.9942020773887634e-07,8.04912854562102e-11,0.00026889611044558917
1679021,2.9779258270144065e-07,2.9779039323329926e-07,2.1894681413982515e-12,7.352325976477921e-06
1687744,2.962534602403896e-07,2.9616057872772217e-07,9.288151266745037e-11,0.0003135204314308542
1696513,2.94722174247976e-07,2.9476359486579895e-07,4.142061782292837e-11,0.00014054123320927158
1705328,2.931987277520553e-07,2.9313378036022186e-07,6.494739183343179e-11,0.00022151321164106422
1714188,2.9168329261432087e-07,2.9173679649829865e-07,5.350388397777693e-11,0.00018343143173621057
1723094,2.9017569558013543e-07,2.9010698199272156e-07,6.871358741387144e-11,0.00023679994038265474
1732046,2.886759358584924e-07,2.8870999813079834e-07,3.406227230595059e-11,0.00011799484499687482
1741045,2.871838464829794e-07,2.8708018362522125e-07,1.0366285775813494e-10,0.0003609634003710538
1750091,2.856994293439365e-07,2.8568319976329803e-07,1.622958063844017e-11,5.6806486018221434e-05
1759184,2.8422268506305174e-07,2.842862159013748e-07,6.353083832307505e-11,0.00022352486856909898
1768324,2.8275361302564465e-07,2.8265640139579773e-07,9.72116298469252e-11,0.0003438033162748958
1777511,2.812922114124528e-07,2.812594175338745e-07,3.279387857830831e-11,0.00011658295981122398
1786746,2.798383206118614e-07,2.798624336719513e-07,2.411306008990731e-11,8.616782732680979e-05
1796029,2.7839194133277425e-07,2.784654498100281e-07,7.350847725382524e-11,0.00026404671378744147
1805361,2.7695291966535317e-07,2.7706846594810486e-07,1.1554628275168791e-10,0.0004172055051497721
1814741,2.755214104932671e-07,2.7543865144252777e-07,8.27590507393257e-11,0.0003003724849954921
1824169,2.7409741093065524e-07,2.7404166758060455e-07,5.574335005069034e-11,0.00020337058223725076
1833647,2.7268061955216177e-07,2.7264468371868134e-07,3.593583348043689e-11,0.00013178726650781513
1843174,2.712711876360904e-07,2.712476998567581e-07,2.3487779332269953e-11,8.658412836596103e-05
1852750,2.6986911347994256e-07,2.698507159948349e-07,1.839748510765851e-11,6.817188106643358e-05
1862376,2.684742500977053e-07,2.684537321329117e-07,2.051796479360084e-11,7.642433040089982e-05
1872052,2.670865980218308e-07,2.6705674827098846e-07,2.984975084231324e-11,0.00011176057152771633
1881779,2.6570601542474685e-07,2.6565976440906525e-07,4.625101568160716e-11,0.00017406838007665037
1891556,2.643326446586646e-07,2.6426278054714203e-07,6.986411152259085e-11,0.0002643037586704702
1901383,2.629664828180148e-07,2.628657966852188e-07,1.006861327959804e-10,0.0003828858024680657
1911262,2.616072521715839e-07,2.6170164346694946e-07,9.439129536556648e-11,0.00036081299192599134
1921192,2.60255091630595e-07,2.6030465960502625e-07,4.956797443122362e-11,0.00019045919186695565
1931174,2.5890986519079403e-07,2.5890767574310303e-07,2.18944769100535e-12,8.456408910459699e-06
1941207,2.5757170667526276e-07,2.575106918811798e-07,6.101479408294656e-11,0.00023688469075476464
1951293,2.562403493478259e-07,2.5634653866291046e-07,1.0618931508456843e-10,0.00041441293439865276
1961431,2.5491592617837053e-07,2.5494955480098724e-07,3.362862261671563e-11,0.0001319204457754629
1971622,2.5359830636905447e-07,2.53552570939064e-07,4.573542999044317e-11,0.00018034595989724667
1981865,2.522876179759813e-07,2.523884177207947e-07,1.0079974481337596e-10,0.0003995429725091481
1992162,2.509836047469877e-07,2.5099143385887146e-07,7.829111883759015e-12,3.119371837714822e-05
2002513,2.4968626920273117e-07,2.4959444999694824e-07,9.18192057829259e-11,0.00036773830645999155
2012917,2.4839573613813643e-07,2.484302967786789e-07,3.4560640542466586e-11,0.00013913540175764902
2023375,2.471118799036113e-07,2.470333129167557e-07,7.856698685561156e-11,0.00031794095405796545
2033888,2.4583457889518487e-07,2.4586915969848633e-07,3.45808033014552e-11,0.00014066696173038872
2044455,2.445639546969584e-07,2.444721758365631e-07,9.177886039530275e-11,0.0003752755000589798
2055077,2.432998860869789e-07,2.4330802261829376e-07,8.136531314835828e-12,3.344239672979972e-05
2065754,2.420423729059562e-07,2.421438694000244e-07,1.0149649406821155e-10,0.0004193335772147932
2076487,2.407912979951095e-07,2.407468855381012e-07,4.441245700832435e-11,0.00018444377923169952
2087276,2.3954666273169974e-07,2.3958273231983185e-07,3.606958813211233e-11,0.00015057437127609445
2098120,2.3830858101537167e-07,2.384185791015625e-07,1.0999808619082853e-10,0.0004615783691974285
2109021,2.3707682379643064e-07,2.3702159523963928e-07,5.52285567913534e-11,0.00023295637214532693
2119979,2.3585139286755775e-07,2.3562461137771606e-07,2.2678148984168687e-10,0.0009615439921062324
2130993,2.3463239907403377e-07,2.3469328880310059e-07,6.088972906681166e-11,0.00025951117282655865
2142065,2.334196207864714e-07,2.3329630494117737e-07,1.2331584529402667e-10,0.0005283011122995271
2153194,2.3221316797277577e-07,2.323649823665619e-07,1.5181439378612067e-10,0.00065377168362786
2164381,2.3101293164187513e-07,2.3096799850463867e-07,4.4933137236456675e-11,0.00019450485700996903
2175626,2.2981891189017485e-07,2.300366759300232e-07,2.1776403984834728e-10,0.0009475462139182509
2186930,2.2863100327855662e-07,2.2863969206809998e-07,8.688789543355444e-12,3.8003549032102634e-05
2198292,2.2744931064661754e-07,2.2724270820617676e-07,2.0660244044078284e-10,0.0009083449840029457
2209714,2.2627362636068486e-07,2.2631138563156128e-07,3.775927087641434e-11,0.0001668743789708186
2221194,2.2510415569282767e-07,2.2491440176963806e-07,1.897539231896078e-10,0.0008429605513304781
2232735,2.2394059303946727e-07,2.2398307919502258e-07,4.2486155555308534e-11,0.0001897206530475731
2244335,2.2278314066303613e-07,2.2258609533309937e-07,1.9704532993676611e-10,0.0008844714611273078
2255996,2.2163159863757534e-07,2.2165477275848389e-07,2.3174120908548905e-11,0.00010456144814641053
2267717,2.2048606594207997e-07,2.2025778889656067e-07,2.2827704551930516e-10,0.0010353354736678544
2279499,2.1934644410898003e-07,2.193264663219452e-07,1.997778703484293e-11,9.107869113627924e-05
2291342,2.1821273297481399e-07,2.183951437473297e-07,1.8241077251572623e-10,0.0008359309286354981
2303247,2.1708483718853273e-07,2.169981598854065e-07,8.667730312623723e-11,0.00039927847678721185
2315214,2.1596275765435794e-07,2.1606683731079102e-07,1.0407965643307152e-10,0.000481933355378097
2327242,2.1484658664632942e-07,2.146698534488678e-07,1.7673319746161747e-10,0.000822601839853977
2339334,2.1373604624221128e-07,2.1373853087425232e-07,2.484632041040785e-12,1.162476842219274e-05
2351488,2.1263132110390417e-07,2.1280720829963684e-07,1.7588719573266604e-10,0.0008271932602380681
2363705,2.1153231896534366e-07,2.1141022443771362e-07,1.2209452763003413e-10,0.0005771908908635255
2375986,2.1043895039784656e-07,2.1047890186309814e-07,3.995146525158684e-11,0.00018984824423452204
2388331,2.0935121639336342e-07,2.0954757928848267e-07,1.9636289511924605e-10,0.0009379591793261293
2400739,2.0826920377432877e-07,2.0815059542655945e-07,1.1860834776931822e-10,0.0005694953724307552
2413212,2.071927373144086e-07,2.0721927285194397e-07,2.6535537535378326e-11,0.0001280717552136563
2425750,2.0612181799442591e-07,2.062879502773285e-07,1.6613228290257754e-10,0.0008059907705018893
2438354,2.0505636179159342e-07,2.0489096641540527e-07,1.6539537618814242e-10,0.0008065849542197576
2451022,2.0399653695478018e-07,2.039596438407898e-07,3.689311399038324e-11,0.00018085166807788172
2463757,2.0294209209754835e-07,2.0302832126617432e-07,8.622916862597095e-11,0.0004248954356128501
2476557,2.018931928479658e-07,2.0209699869155884e-07,2.03805843593041e-10,0.0010094735771825427
2489424,2.008496744628395e-07,2.0070001482963562e-07,1.4965963320389208e-10,0.0007451325654579617
2502358,1.998115377575791e-07,1.9976869225502014e-07,4.284550255895718e-11,0.00021442957218486245
2515359,1.9877878267077589e-07,1.9883736968040466e-07,5.858700962877749e-11,0.00029473472390567596
2528428,1.9775133007543836e-07,1.9790604710578918e-07,1.5471703035082784e-10,0.0007823817432317964
2541565,1.9672918064262794e-07,1.9650906324386597e-07,2.2011739876197435e-10,0.001118885353168998
2554770,1.9571233418271736e-07,1.955777406692505e-07,1.3459351346687294e-10,0.0006877109407995523
2568043,1.9470078966745536e-07,1.94646418094635e-07,5.4371572820354865e-11,0.0002792570739606157
2581386,1.93694395181496e-07,1.9371509552001953e-07,2.070033852354093e-11,0.00010687112811986247
2594797,1.926933012486069e-07,1.9278377294540405e-07,9.047169679715928e-11,0.00046951137486837444
2608279,1.9169728391785604e-07,1.9185245037078857e-07,1.5516645293253528e-10,0.0008094348013768702
2621830,1.9070649126754282e-07,1.909211277961731e-07,2.1463652863027994e-10,0.0011254809797174947
2635452,1.8972077654989807e-07,1.8952414393424988e-07,1.9663261564818962e-10,0.0010364316403505428
2649145,1.8874014068689416e-07,1.885928213596344e-07,1.4731932725975575e-10,0.0007805405184271191
2662909,1.87764583769097e-07,1.8766149878501892e-07,1.0308498407808508e-10,0.0005490118637327982
2676744,1.8679410507690785e-07,1.8673017621040344e-07,6.392886650440498e-11,0.0003422424196849459
2690651,1.858286340368865e-07,1.8579885363578796e-07,2.978040109853266e-11,0.00016025733199234154
2704631,1.8486810215514905e-07,1.8486753106117249e-07,5.710939765651485e-13,3.0891969458628537e-06
2718683,1.8391257825939361e-07,1.83936208486557e-07,2.3630227163392374e-11,0.0001284861937505105
2732808,1.829619936709726e-07,1.8300488591194153e-07,4.289224096893672e-11,0.0002344325185156839
2747006,1.8201634798030415e-07,1.8207356333732605e-07,5.721535702189662e-11,0.0003143418580625947
2761278,1.8107557442603882e-07,1.8114224076271057e-07,6.666633667174985e-11,0.0003681685775846042
2775625,1.8013960819634632e-07,1.802109181880951e-07,7.130999174877478e-11,0.0003958595916953989
2790046,1.7920851484168503e-07,1.7927959561347961e-07,7.10807717945841e-11,0.0003966372460447971
2804542,1.7828222932656529e-07,1.7834827303886414e-07,6.604371229885e-11,0.00037044472995609453
2819113,1.773607514136483e-07,1.7741695046424866e-07,5.619905060036312e-11,0.0003168629482702929
2833760,1.7644401784201359e-07,1.7648562788963318e-07,4.161004761959282e-11,0.00023582577708500206
2848483,1.7553202880269414e-07,1.755543053150177e-07,2.2276512323557386e-11,0.00012690853330589132
2863282,1.7462478372720002e-07,1.7462298274040222e-07,1.8009867977954576e-12,1.0313466160731062e-05
2878158,1.7372222094825405e-07,1.7369166016578674e-07,3.0560782467305756e-11,0.00017591752108907688
2893112,1.728242805670797e-07,1.7276033759117126e-07,6.394297590842237e-11,0.0003699883818327464
2908143,1.7193102264915626e-07,1.7182901501655579e-07,1.0200763260047731e-10,0.0005933055653873173
2923253,1.7104232852920544e-07,1.708976924419403e-07,1.4463608726512809e-10,0.0008456157520121196
2938441,1.7015825738886217e-07,1.6996636986732483e-07,1.9188752153734284e-10,0.001127700321347455
2953708,1.692787506415616e-07,1.695007085800171e-07,2.2195793845547952e-10,0.0013111978769589526
2969054,1.684038080816266e-07,1.685693860054016e-07,1.6557792377500954e-10,0.0009832195937918022
2984480,1.6753337264782675e-07,1.6763806343078613e-07,1.0469078295937858e-10,0.0006248950958532299
2999986,1.6666744444806946e-07,1.6670674085617065e-07,3.92964081011949e-11,0.00023577734830774913
3015572,1.65806022870615e-07,1.6577541828155518e-07,3.060458905982678e-11,0.000184580683680645
3031240,1.6494899776988507e-07,1.648440957069397e-07,1.0490206294537592e-10,0.0006359666585650999
3046989,1.640964243717278e-07,1.6391277313232422e-07,1.836512394035937e-10,0.0011191666125982633
3062820,1.6324824834629087e-07,1.6344711184501648e-07,1.9886349872560766e-10,0.0012181662023335639
3078733,1.6240446963084712e-07,1.62515789270401e-07,1.1131963955388044e-10,0.000685446895685292
3094729,1.615650352583334e-07,1.6158446669578552e-07,1.943143745212118e-11,0.00012027006598953422
3110808,1.60729945403248e-07,1.6065314412117004e-07,7.68012820779599e-11,0.00047782808539676086
3126970,1.5989919954460299e-07,1.5972182154655457e-07,1.773779980484198e-10,0.001109311357114963
3143216,1.5907274587555783e-07,1.5925616025924683e-07,1.8341438368899967e-10,0.0011530220508828347
3159547,1.5825053401642308e-07,1.5832483768463135e-07,7.430366820826977e-11,0.00046953186395288
3175963,1.5743256454813472e-07,1.5739351511001587e-07,3.9049438118855394e-11,0.0002480391412725548
3192464,1.5661883736198363e-07,1.564621925354004e-07,1.5664482658324094e-10,0.001000165939306504
3209050,1.5580935167728388e-07,1.5599653124809265e-07,1.871795708087677e-10,0.001201337203407781
3225723,1.5500400995373378e-07,1.5506520867347717e-07,6.119871974339683e-11,0.00039482023569366797
3242483,1.5420281309107497e-07,1.541338860988617e-07,6.892699221327778e-11,0.00044698920098538183
3259329,1.534058083734377e-07,1.5320256352424622e-07,2.0324484919148193e-10,0.0013248836621408782
3276263,1.526129007347665e-07,1.5273690223693848e-07,1.24001502171965e-10,0.000812523067020876
3293285,1.5182409053573818e-07,1.51805579662323e-07,1.8510873415182373e-11,0.00012192316351024056
3310396,1.5103933185032504e-07,1.5087425708770752e-07,1.6507476261751693e-10,0.00109292566773998
3327595,1.5025867030091964e-07,1.5040859580039978e-07,1.4992549948013925e-10,0.0009977826848852505
3344884,1.4948201492188934e-07,1.494772732257843e-07,4.741696105035883e-12,3.1720846869194394e-05
3362262,1.4870941050994506e-07,1.4854595065116882e-07,1.6345985877623547e-10,0.0010991897433774306
3379731,1.4794076806704114e-07,1.4808028936386108e-07,1.3952129681994172e-10,0.0009430889040451376
3397291,1.4717608824206968e-07,1.471489667892456e-07,2.7121452824071386e-11,0.0001842789351722886
3414942,1.4641537103704522e-07,1.4621764421463013e-07,1.9772682241509752e-10,0.0013504512607837448
3432684,1.4565861582364978e-07,1.457519829273224e-07,9.336710367260496e-11,0.0006409995258065981
3450519,1.449057373687812e-07,1.448206603527069e-07,8.507701607428171e-11,0.0005871197208552413
3468446,1.44156777992216e-07,1.4435499906539917e-07,1.9822107318316406e-10,0.0013750381767957337
3486467,1.4341165426203367e-07,1.434236764907837e-07,1.2022228750022906e-11,8.383020760681394e-05
3504581,1.4267040767498021e-07,1.424923539161682e-07,1.7805375881200116e-10,0.001248007640222269
3522789,1.4193299683858159e-07,1.4202669262886047e-07,9.369579027888711e-11,0.000660140998681554
3541092,1.41199381433747e-07,1.41095370054245e-07,1.0401137950199372e-10,0.0007366277277269627
3559490,1.4046956165068315e-07,1.4062970876693726e-07,1.6014711625410733e-10,0.0011400841176706874
3577984,1.3974349801452165e-07,1.3969838619232178e-07,4.5111822199877227e-11,0.00032281875608401733
3596573,1.3902122937585038e-07,1.3923272490501404e-07,2.1149552916366052e-10,0.0015213182196214974
3615259,1.3830267762281775e-07,1.3830140233039856e-07,1.2752924191919902e-12,9.221024792231406e-06
3634043,1.375878050975155e-07,1.3737007975578308e-07,2.177253417324158e-10,0.001582446508090617
3652924,1.3687665004801376e-07,1.3690441846847534e-07,2.7768420461580628e-11,0.0002028718590924017
3671903,1.361691744035697e-07,1.3597309589385986e-07,1.9607850970983392e-10,0.0014399625360781631
3690980,1.3546537775874993e-07,1.3550743460655212e-07,4.2056847802198056e-11,0.0003104619682019197
3710157,1.3476518648671497e-07,1.3457611203193665e-07,1.8907445477832195e-10,0.0014029918238339747
3729433,1.340686372432461e-07,1.341104507446289e-07,4.181350138281413e-11,0.0003118813038052309
3748810,1.333756578754301e-07,1.3317912817001343e-07,1.9652970541668538e-10,0.0014735050499262747
3768287,1.3268628424533248e-07,1.327134668827057e-07,2.7182637373210703e-11,0.0002048639580783717
3787865,1.3200048048174664e-07,1.317821443080902e-07,2.1833617365642864e-10,0.0016540559008542451
3807546,1.3131817711460122e-07,1.3131648302078247e-07,1.694093818749652e-12,1.2900680286410146e-05
3827328,1.306394434968708e-07,1.3085082173347473e-07,2.113782366039324e-10,0.0016180276870897384
3847213,1.299642104557225e-07,1.2991949915885925e-07,4.4711296863245447e-11,0.00034402776507828003
3867201,1.292924779446405e-07,1.2945383787155151e-07,1.6135992691101544e-10,0.0012480225414204325
3887294,1.286241791847984e-07,1.2852251529693604e-07,1.0166388786237546e-10,0.0007903948426081829
3907490,1.279593805742284e-07,1.280568540096283e-07,9.747343539989527e-11,0.0007617529481814861
3927792,1.2729798319259062e-07,1.2712553143501282e-07,1.7245175757780231e-10,0.0013547092676000846
3948199,1.266400199179403e-07,1.2665987014770508e-07,1.9850229764788794e-11,0.00015674531461422122
3968712,1.2598545825446441e-07,1.2619420886039734e-07,2.0875060593292514e-10,0.001656942069546569
3989332,1.2533426648872347e-07,1.2526288628578186e-07,7.138020294160633e-11,0.0005695186555228974
4010059,1.2468644476303023e-07,1.2479722499847412e-07,1.1078023544388809e-10,0.0008884705603277786
4030893,1.2404199268003203e-07,1.2386590242385864e-07,1.7609025617338543e-10,0.001419601961955034
4051836,1.2340084840551108e-07,1.234002411365509e-07,6.072689601765837e-13,4.921108469052171e-06
4072888,1.2276301238825925e-07,1.2293457984924316e-07,1.7156746098391802e-10,0.001397550106063757
4094049,1.2212848453938693e-07,1.2200325727462769e-07,1.2522726475924464e-10,0.001025373116120657
4115319,1.2149726424609917e-07,1.2153759598731995e-07,4.03317412207729e-11,0.00033195596189786473
4136701,1.2086926272892158e-07,1.210719347000122e-07,2.0267197109062644e-10,0.0016767866909651557
4158193,1.202445389138967e-07,1.2014061212539673e-07,1.0392678849996136e-10,0.000864295288906052
4179797,1.1962303432439253e-07,1.19674950838089e-07,5.1916513696464114e-11,0.0004340009763978854
4201514,1.1900472067925822e-07,1.1920928955078125e-07,2.0456887152302767e-10,0.0017189979553364286
4223343,1.1838962641679659e-07,1.1827796697616577e-07,1.1165944063081579e-10,0.0009431522339441562
4245286,1.1777769507166139e-07,1.1734664440155029e-07,4.310506701110928e-10,0.0036598667502265323
4267342,1.1716895435144245e-07,1.1734664440155029e-07,1.7769005010783917e-10,0.001516528427614594
4289514,1.1656332162571174e-07,1.1641532182693481e-07,1.4799979877692976e-10,0.0012696944177016632
4311800,1.1596085161649272e-07,1.1641532182693481e-07,4.5447021044208946e-10,0.0039191693067684545
4334202,1.1536148984288072e-07,1.1548399925231934e-07,1.225094094386135e-10,0.001061961054815329
4356721,1.1476520989064789e-07,1.1455267667770386e-07,2.1253321294403332e-10,0.0018518958240615082
4379357,1.1417201200998078e-07,1.1455267667770386e-07,3.8066466772308086e-10,0.0033341329544915406
4402110,1.1358189595443856e-07,1.1362135410308838e-07,3.94581486498204e-11,0.00034739822150572626
4424981,1.1299483545804913e-07,1.126900315284729e-07,3.0480392957623036e-10,0.002697503194200349
4447971,1.1241080483663084e-07,1.126900315284729e-07,2.792266918420568e-10,0.0024839844554788416
4471081,1.1182977897291366e-07,1.1175870895385742e-07,7.107001905623317e-11,0.000635519623743932
4494311,1.1125175805590529e-07,1.1082738637924194e-07,4.243716766633477e-10,0.0038145165890331014
4517661,1.1067674179182409e-07,1.1082738637924194e-07,1.5064458741785665e-10,0.0013611223548775002
4541133,1.1010468092434067e-07,1.0989606380462646e-07,2.0861711971420955e-10,0.0018947161733983181
4564727,1.0953557573103364e-07,1.0989606380462646e-07,3.604880735928244e-10,0.0032910592854143448
4588443,1.0896942601226476e-07,1.0896474123001099e-07,4.6847822537708545e-12,4.299171267767871e-05
4612283,1.0840618409581419e-07,1.0803341865539551e-07,3.727654404186792e-10,0.0034385994076612143
4636246,1.0784587357961467e-07,1.0803341865539551e-07,1.8754507578084022e-10,0.001739010214817255
4660334,1.0728844756620324e-07,1.0710209608078003e-07,1.8635148542321515e-10,0.001736920326936648
4684547,1.0673390618132217e-07,1.0710209608078003e-07,3.681898994578589e-10,0.003449605777871269
4708886,1.061822265393544e-07,1.0617077350616455e-07,1.1453033189849204e-11,0.00010786205529043374
4733351,1.0563340855136129e-07,1.0523945093154907e-07,3.9395761981221625e-10,0.003729479387391588
4757944,1.0508740750206277e-07,1.0523945093154907e-07,1.5204342948630637e-10,0.0014468282461276047
4782664,1.0454424563381298e-07,1.043081283569336e-07,2.361172768793909e-10,0.0022585391998182153
4807513,1.0400387892866739e-07,1.043081283569336e-07,3.042494282662015e-10,0.0029253661632646943
4832490,1.0346632895256785e-07,1.0337680578231812e-07,8.952317024973097e-11,0.0008652396500002542
4857598,1.0293153118063591e-07,1.0337680578231812e-07,4.452746016822073e-10,0.00432593002916462
4882836,1.023995071716508e-07,1.0244548320770264e-07,4.597603605183139e-11,0.00044898688794236505
4908205,1.018702356564151e-07,1.0151416063308716e-07,3.5607502332793664e-10,0.0034953784197466263
4933706,1.0134369579378968e-07,1.0151416063308716e-07,1.704648392974816e-10,0.0016820468008620587
4959339,1.0081988748903733e-07,1.0058283805847168e-07,2.3704943056565037e-10,0.0023512169718640677
4985106,1.0029876997600351e-07,1.0058283805847168e-07,2.840680824681729e-10,0.002832219004641196
5011006,9.978036346394217e-08,9.96515154838562e-08,1.2884798008596942e-10,0.0012913160025973594
5037041,9.926462778444627e-08,9.96515154838562e-08,3.868876994099301e-10,0.003897538408647026
5063211,9.875156299036227e-08,9.872019290924072e-08,3.137008112155063e-11,0.00031766667961105805
5089518,9.824113010308545e-08,9.778887033462524e-08,4.522597684602085e-10,0.00460356846450817
5115961,9.773334863185925e-08,9.778887033462524e-08,5.5521702765998037e-11,0.0005680937320088816
5142541,9.722819905567992e-08,9.685754776000977e-08,3.70651295670153e-10,0.003812178969373805
5169259,9.672566222740926e-08,9.685754776000977e-08,1.3188553260051046e-10,0.0013635009527299769
5196116,9.622571936423193e-08,9.592622518539429e-08,2.994941788376398e-10,0.0031124129891302718
5223113,9.572835203833334e-08,9.592622518539429e-08,1.9787314706094915e-10,0.00206702761352993
5250250,9.52335603066512e-08,9.499490261077881e-08,2.386576958723933e-10,0.002506025135508089
5277528,9.474132586316842e-08,9.499490261077881e-08,2.5357674761038447e-10,0.002676516771325498
5304948,9.425163074171427e-08,9.406358003616333e-08,1.8805070555094047e-10,0.0019951984286221184
5332510,9.376447489081045e-08,9.406358003616333e-08,2.9910514535288393e-10,0.0031899623572914423
5360216,9.327982305190605e-08,9.313225746154785e-08,1.4756559035820037e-10,0.0015819668769749564
5388065,9.279769267816845e-08,9.313225746154785e-08,3.345647833794033e-10,0.0036053135991183202
5416059,9.231804897250855e-08,9.220093488693237e-08,1.1711408557617898e-10,0.0012685935944232796
5444198,9.184089189996317e-08,9.220093488693237e-08,3.6004298696920053e-10,0.003920290619143529
5472484,9.136618763983519e-08,9.12696123123169e-08,9.657532751829663e-11,0.0010570138692772848
5500917,9.089393641096491e-08,9.12696123123169e-08,3.7567590135198083e-10,0.004133123904474903
5529497,9.042413803642464e-08,9.033828973770142e-08,8.584829872322475e-11,0.0009493958204903579
5558226,8.995675958480206e-08,9.033828973770142e-08,3.815301528993587e-10,0.004241261631258416
5587104,8.949180111914795e-08,8.940696716308594e-08,8.483395606201589e-11,0.0009479522704998341
5616132,8.902924646357956e-08,8.940696716308594e-08,3.7772069950637876e-10,0.00424265861512035
5645311,8.85690797194337e-08,8.847564458847046e-08,9.343513096324733e-11,0.0010549407452265299
5674642,8.811128525817065e-08,8.847564458847046e-08,3.6435933029980405e-10,0.004135217517622314
5704125,8.76558630815412e-08,8.754432201385498e-08,1.1154106768621475e-10,0.0012724883854312692
5733761,8.720279760527099e-08,8.754432201385498e-08,3.415244085839953e-10,0.003916438668973985
5763551,8.675207350468422e-08,8.66129994392395e-08,1.3907406544471942e-10,0.001603120937935968
5793496,8.630367570806924e-08,8.66129994392395e-08,3.0932373117026183e-10,0.0035841315984800007
5823596,8.585760413325311e-08,8.568167686462402e-08,1.7592726862908862e-10,0.002049058675758587
5853853,8.541382914808356e-08,8.568167686462402e-08,2.678477165404679e-10,0.003135882318027158
5884267,8.497235084675736e-08,8.475035429000854e-08,2.2199655674881276e-10,0.0026125740259813515
5914839,8.453315466405702e-08,8.475035429000854e-08,2.1719962595152645e-10,0.0025694016367270203
5945570,8.409622626594196e-08,8.381903171539307e-08,2.771945505488887e-10,0.0032961592078139352
5976461,8.366155154363034e-08,8.381903171539307e-08,1.5748017176273087e-10,0.0018823482096265378
6007512,8.322913046199435e-08,8.288770914077759e-08,3.4142132121676565e-10,0.0041021853685311764
6038724,8.279894891702231e-08,8.288770914077759e-08,8.876022375527855e-11,0.0010719969868727486
6070099,8.237097945189965e-08,8.195638656616211e-08,4.145928857375451e-10,0.005033239722245207
6101636,8.194523567121943e-08,8.195638656616211e-08,1.1150894942679965e-11,0.00013607740402894893
6133338,8.152167710307123e-08,8.195638656616211e-08,4.3470946309087876e-10,0.005332440137869803
6165204,8.110031719956009e-08,8.102506399154663e-08,7.52532080134614e-11,0.0009279027581148547
6197236,8.0681129458358e-08,8.102506399154663e-08,3.439345331886371e-10,0.004262886941439662
6229434,8.026411388257693e-08,8.009374141693115e-08,1.703724656457818e-10,0.002122648060315344
6261799,7.98492573779511e-08,8.009374141693115e-08,2.444840389800534e-10,0.003061819821602538
6294333,7.943653441913495e-08,7.916241884231567e-08,2.741155768192726e-10,0.003450749441975187
6327035,7.902595765631088e-08,7.916241884231567e-08,1.364611860047957e-10,0.0017267893999877158
6359908,7.861748943538128e-08,7.82310962677002e-08,3.8639316768108787e-10,0.004914849996560615
6392951,7.821114224088328e-08,7.82310962677002e-08,1.9954026816918924e-11,0.00025513023138649883
6426166,7.780689138749247e-08,7.82310962677002e-08,4.2420488020772373e-10,0.0054520219564499275
6459554,7.740472484632793e-08,7.729977369308472e-08,1.0495115324320984e-10,0.0013558752834735865
6493115,7.700464260990249e-08,7.729977369308472e-08,2.9513108318222446e-10,0.0038326401263535214
6526850,7.660663260225025e-08,7.636845111846924e-08,2.3818148378101495e-10,0.003109149634832253
6560761,7.621067129255236e-08,7.636845111846924e-08,1.5777982591687862e-10,0.002070311456924505
6594848,7.581675877897371e-08,7.543712854385376e-08,3.7963023511995005e-10,0.005007207393640693
6629112,7.542488345346966e-08,7.543712854385376e-08,1.224509038409561e-11,0.00016234815121258654
6663554,7.503503385730756e-08,7.543712854385376e-08,4.020946865461998e-10,0.005358759313827382
6698174,7.464720982166142e-08,7.450580596923828e-08,1.4140385242314116e-10,0.001894295215601053
6732975,7.426137777134138e-08,7.450580596923828e-08,2.444281978969028e-10,0.0032914578914698166
6767957,7.38775379335296e-08,7.35744833946228e-08,3.030545389068027e-10,0.004102120175952158
6803120,7.349569021272552e-08,7.35744833946228e-08,7.879318189728183e-11,0.001072078943258078
6838466,7.311581281532982e-08,7.35744833946228e-08,4.5867057929297784e-10,0.0062732063233907
6873996,7.273789510497204e-08,7.264316082000732e-08,9.473428496471672e-11,0.0013024061918206526
6909710,7.236193704221991e-08,7.264316082000732e-08,2.8122377778741084e-10,0.0038863494992309217
6945610,7.198791754791839e-08,7.171183824539185e-08,2.7607930252654287e-10,0.0038350783288427824
6981696,7.161583661047365e-08,7.171183824539185e-08,9.600163491819558e-11,0.0013405084610036597
7017970,7.124567360646989e-08,7.078051567077637e-08,4.6515793569352526e-10,0.006528928875918212
7054433,7.087741849699296e-08,7.078051567077637e-08,9.690282621658914e-11,0.0013671889901111498
7091084,7.051108123948293e-08,7.078051567077637e-08,2.6943443129344046e-10,0.0038211643695880487
7127926,7.014663171306738e-08,6.984919309616089e-08,2.974386169064899e-10,0.004240240901703639
7164960,6.978406020410408e-08,6.984919309616089e-08,6.513289205680818e-11,0.0009333491325427012
7202186,6.942336673893142e-08,6.984919309616089e-08,4.2582635722947257e-10,0.006133761256938243
7239605,6.906454150468121e-08,6.891787052154541e-08,1.4667098313580458e-10,0.002123679965729783
7277219,6.870756534879569e-08,6.891787052154541e-08,2.1030517274971716e-10,0.0030608735978650626
7315029,6.835242895140917e-08,6.798654794692993e-08,3.6588100447923915e-10,0.005352860316629553
7353034,6.79991415788364e-08,6.798654794692993e-08,1.259363190646488e-11,0.000185202807183443
7391237,6.764767521322855e-08,6.798654794692993e-08,3.38872733701381e-10,0.005009377375249611
7429639,6.729802080558661e-08,6.705522537231445e-08,2.427954332721575e-10,0.0036077648401214545
7468240,6.695017835527484e-08,6.705522537231445e-08,1.050470170396146e-10,0.0015690326690718697
7507042,6.660412982903222e-08,6.705522537231445e-08,4.510955432822297e-10,0.006772786378865064
7546045,6.625987520615074e-08,6.612390279769897e-08,1.3597240845176737e-10,0.002052107825870843
7585251,6.591739680071204e-08,6.612390279769897e-08,2.065059969869362e-10,0.0031327996403023237
7624661,6.557668596675943e-08,6.51925802230835e-08,3.8410574367593137e-10,0.005857352167363766
7664275,6.523774264362877e-08,6.51925802230835e-08,4.516242054527074e-11,0.0006922744214492128
7704095,6.490054964275465e-08,6.51925802230835e-08,2.92030580328851e-10,0.004499662667517218
7744123,6.45650901980764e-08,6.426125764846802e-08,3.0383254960837895e-10,0.004705833271141796
7784358,6.423137270921995e-08,6.426125764846802e-08,2.9884939248071303e-11,0.0004652701318304776
7824802,6.389938045716658e-08,6.426125764846802e-08,3.6187719130144223e-10,0.005663234740499839
7865456,6.356910521144584e-08,6.332993507385254e-08,2.3917013759330344e-10,0.0037623643875081634
7906321,6.324053880433111e-08,6.332993507385254e-08,8.939626952142582e-11,0.0014135912060778235
7947399,6.291366521298326e-08,6.332993507385254e-08,4.1626986086927506e-10,0.006616525352005258
7988690,6.25884844699191e-08,6.239861249923706e-08,1.89871970682035e-10,0.0030336566269357447
8030196,6.226498082985745e-08,6.239861249923706e-08,1.3363166937960986e-10,0.00214617699385094
8071918,6.194314659787154e-08,6.239861249923706e-08,4.5546590136552404e-10,0.007352966815237226
8113856,6.162298172410233e-08,6.146728992462158e-08,1.556917994807515e-10,0.0025265216827353946
8156012,6.130447086149433e-08,6.146728992462158e-08,1.6281906312725269e-10,0.002655908465389271
8198387,6.09876064645397e-08,6.05359673500061e-08,4.5163911453359524e-10,0.007405424490567503
8240982,6.067238103420177e-08,6.05359673500061e-08,1.3641368419566542e-10,0.0022483654320203344
8283799,6.035877983036506e-08,6.05359673500061e-08,1.7718751964104704e-10,0.002935571596029982
8326838,6.00468028800366e-08,5.960464477539063e-08,4.421581046459731e-10,0.007363557815548157
8370100,5.973644281430308e-08,5.960464477539063e-08,1.3179803891245463e-10,0.002206325531002281
8413588,5.942767817963017e-08,5.960464477539063e-08,1.7696659576045597e-10,0.002977848052982057
8457301,5.912051610791649e-08,5.960464477539063e-08,4.841286674741326e-10,0.008188843727115326
8501241,5.8814942430169695e-08,5.960464477539063e-08,7.897023452209303e-10,0.0134268999099767
8545410,5.8510943301725516e-08,5.774199962615967e-08,7.689436755658478e-10,0.013141877949234349
8589808,5.820851874686818e-08,5.774199962615967e-08,4.665191207085104e-10,0.008014619350429884
8634437,5.7907655125632195e-08,5.774199962615967e-08,1.6565549947252743e-10,0.0028606839477981526
8679298,5.7608345744091084e-08,5.774199962615967e-08,1.3365388206858408e-10,0.0023200437426602037
8724392,5.73105839352471e-08,5.774199962615967e-08,4.3141569091256817e-10,0.00752767920494419
8769720,5.701436305834146e-08,5.774199962615967e-08,7.276365678182057e-10,0.012762337923053393
8815284,5.6719670063947846e-08,5.587935447692871e-08,8.40315587019135e-10,0.014815241098400824
8861084,5.642650492874217e-08,5.587935447692871e-08,5.471504518134618e-10,0.009696692228314105
8907122,5.613485478249859e-08,5.587935447692871e-08,2.555003055698805e-10,0.004551544785496425
8953400,5.58447070386667e-08,5.587935447692871e-08,3.4647438262010246e-11,0.000620424747470167
8999918,5.555606173300673e-08,5.587935447692871e-08,3.232927439219816e-10,0.005819216370585683
9046677,5.52689125520894e-08,5.587935447692871e-08,6.104419248393111e-10,0.011044941842559082
9093680,5.498324110811008e-08,5.587935447692871e-08,8.961133688186294e-10,0.016297936439517238
9140927,5.4699047481726805e-08,5.4016709327697754e-08,6.823381540290514e-10,0.012474406510588664
9188419,5.4416325594207076e-08,5.4016709327697754e-08,3.9961626650932185e-10,0.007343683391806654
9236158,5.413506351883527e-08,5.4016709327697754e-08,1.183541911375193e-10,0.002186276018616662
9284145,5.3855255384313645e-08,5.4016709327697754e-08,1.6145394338410908e-10,0.002997923642399727
9332381,5.357689532821245e-08,5.4016709327697754e-08,4.3981399948530464e-10,0.008209023624661357
9380868,5.329997181497476e-08,5.4016709327697754e-08,7.167375127229971e-10,0.01344723999500555
9429607,5.302447917500683e-08,5.21540641784668e-08,8.70414996540033e-10,0.016415342688557787
9478599,5.275041174333872e-08,5.21540641784668e-08,5.963475648719215e-10,0.011305078864094893
9527846,5.247775835167767e-08,5.21540641784668e-08,3.2369417321087103e-10,0.0061682164669010255
9577348,5.220651896537524e-08,5.21540641784668e-08,5.2454786908442856e-11,0.0010047554969760055
9627108,5.193667714125557e-08,5.21540641784668e-08,2.1738703721122494e-10,0.004185616970064974
9677126,5.1668232903033264e-08,5.21540641784668e-08,4.858312754335326e-10,0.009402900934222023
9727405,5.140117019904061e-08,5.21540641784668e-08,7.528939794261846e-10,0.01464740931988037
9777944,5.113549433295984e-08,5.029141902923584e-08,8.440753037239969e-10,0.016506642103192512
9828746,5.087118946811716e-08,5.029141902923584e-08,5.797704388813224e-10,0.011396832764146115
9879812,5.060825044039286e-08,5.029141902923584e-08,3.1683141115702333e-10,0.006260469555852202
9931143,5.0346672079940715e-08,5.029141902923584e-08,5.525305070487527e-11,0.0010974518954727371
9982741,5.0086444194034356e-08,5.029141902923584e-08,2.0497483520148434e-10,0.004092421382668213
10034607,4.982756175702732e-08,5.029141902923584e-08,4.6385727220851736e-10,0.009309250861409012
10086742,4.9570019734816126e-08,5.029141902923584e-08,7.213992944197141e-10,0.01455313712358743
10139148,4.931380822136128e-08,4.842877388000488e-08,8.850343413563972e-10,0.017946988344190107
10191827,4.905891750321104e-08,4.842877388000488e-08,6.301436232061542e-10,0.012844629585740647
10244779,4.880534758241235e-08,4.842877388000488e-08,3.7657370240746824e-10,0.007715828716752578
10298007,4.8553084106468255e-08,4.842877388000488e-08,1.2431022646337187e-10,0.0025602951645827834
10351511,4.830212710009185e-08,4.842877388000488e-08,1.266467799130355e-10,0.002621971070768738
10405292,4.8052471761484334e-08,4.842877388000488e-08,3.76302118520549e-10,0.007831066846849859
10459354,4.780409956484873e-08,4.842877388000488e-08,6.246743151561535e-10,0.01306737959385158
10513696,4.7557015154328114e-08,4.842877388000488e-08,8.717587256767685e-10,0.018330812454225916
10568321,4.731120487350819e-08,4.6566128730773926e-08,7.450761427342652e-10,0.015748407691715097
10623229,4.7066668712497765e-08,4.6566128730773926e-08,5.005399817238394e-10,0.010634701699016343
10678423,4.682339330442322e-08,4.6566128730773926e-08,2.572645736492966e-10,0.005494359880683697
10733903,4.6581378646704646e-08,4.6566128730773926e-08,1.524991593072011e-11,0.00032738223671700947
10789672,4.6340611651586715e-08,4.6566128730773926e-08,2.2551707918721076e-10,0.004866510629656072
10845730,4.610109231928132e-08,4.6566128730773926e-08,4.6503641149260545e-10,0.010087318718435411
10902080,4.586280783116607e-08,4.6566128730773926e-08,7.03320899607858e-10,0.015335321426393704
10958722,4.562575818603656e-08,4.470348358154297e-08,9.222746044935939e-10,0.020213901996610537
11015659,4.538993082483753e-08,4.470348358154297e-08,6.864472432945611e-10,0.015123337507245874
11072892,4.5155321663030666e-08,4.470348358154297e-08,4.5183808148769725e-10,0.010006308555600963
11130421,4.4921930625984315e-08,4.470348358154297e-08,2.1844704444134638e-10,0.0048628151416758
11188250,4.468974146984551e-08,4.470348358154297e-08,1.374211169746032e-11,0.00030750036239822145
11246379,4.445875423547428e-08,4.470348358154297e-08,2.447293460686873e-10,0.0055046379566212455
11304811,4.422895703431035e-08,4.470348358154297e-08,4.745265472326207e-10,0.010728865861894721
11363546,4.4000349890782244e-08,4.470348358154297e-08,7.031336907607244e-10,0.015980184078218565
11422586,4.377292497513251e-08,4.470348358154297e-08,9.305586064104563e-10,0.02125877141952722
11481932,4.354667838130369e-08,4.284083843231201e-08,7.058399489916777e-10,0.016208812594411856
11541587,4.3321598667496856e-08,4.284083843231201e-08,4.807602351848445e-10,0.011097472161052708
11601553,4.3097678388401885e-08,4.284083843231201e-08,2.5683995608987376e-10,0.005959484726188698
11661829,4.287492124948831e-08,4.284083843231201e-08,3.4082817176298314e-11,0.0007949359714965092
11722419,4.265331242638563e-08,4.284083843231201e-08,1.8752600592638103e-10,0.004396516829731052
11783323,4.2432851921312776e-08,4.284083843231201e-08,4.0798651099923575e-10,0.009614873677494114
11844544,4.2213528861896164e-08,4.284083843231201e-08,6.27309570415848e-10,0.01486039161682325
11906083,4.199533969316349e-08,4.284083843231201e-08,8.454987391485232e-10,0.02013315632939537
11967942,4.177827733456589e-08,4.0978193283081055e-08,8.000840514848339e-10,0.019150719046591044
12030122,4.156233827055113e-08,4.0978193283081055e-08,5.841449874700769e-10,0.014054670929907018
12092626,4.134751211192665e-08,4.0978193283081055e-08,3.693188288455984e-10,0.008932068943975682
12155454,4.113379886921535e-08,4.0978193283081055e-08,1.5560558613429388e-10,0.0037829130887969
12218608,4.0921191677480705e-08,4.0978193283081055e-08,5.7001605600349206e-11,0.0013929605484025455
12282091,4.0709680460761865e-08,4.0978193283081055e-08,2.6851282231918995e-10,0.006595797836782255
12345903,4.049926522183101e-08,4.0978193283081055e-08,4.789280612500417e-10,0.011825598776342167
12410047,4.028993604939604e-08,4.0978193283081055e-08,6.882572336850132e-10,0.01708260923624202
12474524,4.008168969012358e-08,4.0978193283081055e-08,8.965035929574755e-10,0.022366911172868556
12539336,3.987451967153598e-08,3.91155481338501e-08,7.589715376858817e-10,0.019033998250959895
12604485,3.966841961412936e-08,3.91155481338501e-08,5.528714802792619e-10,0.013937320560215525
12669973,3.9463383228993406e-08,3.91155481338501e-08,3.478350951433079e-10,0.008814122527836296
12735800,3.925941048069216e-08,3.91155481338501e-08,1.4386234684206542e-10,0.003664404153822359
12801970,3.90564889622456e-08,3.91155481338501e-08,5.905917160449736e-11,0.001512147486211256
12868483,3.8854618683492005e-08,3.91155481338501e-08,2.6092945035809277e-10,0.006715532392264931
12935342,3.8653790522121434e-08,3.91155481338501e-08,4.617576117286633e-10,0.011945985257626959
13002549,3.8453998519828634e-08,3.91155481338501e-08,6.61549614021464e-10,0.01720366254449037
13070104,3.8255242651473877e-08,3.91155481338501e-08,8.603054823762211e-10,0.022488564252854785
13138011,3.805751114076547e-08,3.725290298461914e-08,8.046081561463287e-10,0.021141901612280398
13206270,3.7860803996889306e-08,3.725290298461914e-08,6.07901012270165e-10,0.016056209802626245
13274884,3.766511255390249e-08,3.725290298461914e-08,4.122095692833474e-10,0.010944068431852815
13343855,3.747043114602184e-08,3.725290298461914e-08,2.175281614027013e-10,0.005805328488348494
13413184,3.72767569579303e-08,3.725290298461914e-08,2.3853973311157028e-11,0.0006399154663072777
13482873,3.708408437875216e-08,3.725290298461914e-08,1.6881860586697848e-10,0.004552319645883058
13552924,3.6892407867114085e-08,3.725290298461914e-08,3.604951175050561e-10,0.009771525859834203
13623339,3.670172194936934e-08,3.725290298461914e-08,5.511810352498031e-10,0.015017852187158055
13694120,3.651202121786572e-08,3.725290298461914e-08,7.408817667534193e-10,0.020291447639466696
13765268,3.632330296802062e-08,3.725290298461914e-08,9.296000165985178e-10,0.025592386722566127
13836787,3.6135556614407615e-08,3.5390257835388184e-08,7.45298779019431e-10,0.020625080913303902
13908676,3.594878477289997e-08,3.5390257835388184e-08,5.585269375117888e-10,0.015536740422247454
13980940,3.5762974449500485e-08,3.5390257835388184e-08,3.7271661411230187e-10,0.010421857237814506
14053579,3.557812568599069e-08,3.5390257835388184e-08,1.8786785060250495e-10,0.005280431360005009
14126595,3.539423335913568e-08,3.5390257835388184e-08,3.9755237474968074e-12,0.00011232122778753948
14199991,3.52112899226485e-08,3.5390257835388184e-08,1.7896791273968573e-10,0.005082685500384652
14273768,3.502929289589121e-08,3.5390257835388184e-08,3.609649394969704e-10,0.010304659605027598
14347928,3.484823732039911e-08,3.5390257835388184e-08,5.420205149890759e-10,0.015553742647172386
14422473,3.466811829011567e-08,3.5390257835388184e-08,7.22139545272516e-10,0.020830076187850304
14497406,3.448892857108364e-08,3.5390257835388184e-08,9.01329264304546e-10,0.026133872568608656
14572728,3.4310665786117704e-08,3.3527612686157227e-08,7.830530999604772e-10,0.022822439670561714
14648442,3.413332284757651e-08,3.3527612686157227e-08,6.057101614192863e-10,0.017745420336722127
14724549,3.395689742347962e-08,3.3527612686157227e-08,4.292847373223957e-10,0.012642048299311502
14801051,3.378138484895427e-08,3.3527612686157227e-08,2.5377216279704274e-10,0.007512189447878673
14877951,3.3606778245203213e-08,3.3527612686157227e-08,7.916555904598687e-11,0.0023556426167476016
14955250,3.343307534143524e-08,3.3527612686157227e-08,9.453734472198462e-11,0.0028276592493069247
15032951,3.326026939088669e-08,3.3527612686157227e-08,2.6734329527053555e-10,0.008037917315960994
15111056,3.3088355969298205e-08,3.3527612686157227e-08,4.392567168590218e-10,0.01327526569366566
15189566,3.2917332858621466e-08,3.3527612686157227e-08,6.102798275357607e-10,0.018539771437646128
15268485,3.2747191355265404e-08,3.3527612686157227e-08,7.804213308918223e-10,0.023831702768803677
15347813,3.257793146163558e-08,3.166496753692627e-08,9.129639247093107e-10,0.028023999184369184
15427553,3.240954673758045e-08,3.166496753692627e-08,7.445792006541833e-10,0.022974070161580117
15507708,3.2242030866198896e-08,3.166496753692627e-08,5.77063329272626e-10,0.017897859215735487
15588280,3.207537970834496e-08,3.166496753692627e-08,4.104121714186904e-10,0.012795239686965098
15669269,3.1909593229907504e-08,3.166496753692627e-08,2.4462569298123487e-10,0.007666211575268769
15750680,3.1744661182882234e-08,3.166496753692627e-08,7.969364595596412e-11,0.0025104582309713724
15832514,3.1580581580411015e-08,3.166496753692627e-08,8.438595651525408e-11,0.0026720836758623054
15914773,3.141735040769978e-08,3.166496753692627e-08,2.476171292264867e-10,0.007881540805102411
15997459,3.125496367891923e-08,3.166496753692627e-08,4.100038580070393e-10,0.013118039816618876
16080575,3.1093415502866006e-08,3.166496753692627e-08,5.715520340602631e-10,0.018381770700217247
16164122,3.0932703922922604e-08,3.166496753692627e-08,7.322636140036657e-10,0.023672796785832343
16248104,3.077282124732827e-08,3.166496753692627e-08,8.921462895979963e-10,0.028991371393204752
16332522,3.061376558990703e-08,2.9802322387695312e-08,8.114432022117176e-10,0.026505827903746677
16417379,3.045553130009361e-08,2.9802322387695312e-08,6.532089123983005e-10,0.021447956562041418
16502676,3.029811649940892e-08,2.9802322387695312e-08,4.957941117136075e-10,0.01636385917663495
16588417,3.014151380448174e-08,2.9802322387695312e-08,3.391914167864249e-10,0.011253297328948043
16674603,2.998572139918411e-08,2.9802322387695312e-08,1.8339901148879807e-10,0.006116211414336299
16761237,2.9830733853354594e-08,2.9802322387695312e-08,2.8411465659281684e-11,0.0009524226188651638
16848321,2.967654759189355e-08,2.9802322387695312e-08,1.257747958017622e-10,0.004238188266755088
16935857,2.9523159058322206e-08,2.9802322387695312e-08,2.7916332937310695e-10,0.009455740451813686
17023849,2.937056126378938e-08,2.9802322387695312e-08,4.3176112390593175e-10,0.014700472354889757
17112297,2.9218754209326752e-08,2.9802322387695312e-08,5.835681783685604e-10,0.01997238397598358
17201205,2.9067731010705328e-08,2.9802322387695312e-08,7.345913769899845e-10,0.025271713733674032
17290575,2.8917488284802533e-08,2.9802322387695312e-08,8.84834102892779e-10,0.03059858083725065
17380409,2.8768022662757797e-08,2.9802322387695312e-08,1.034299724937516e-09,0.035953104496003085
17470710,2.8619329151476932e-08,2.9802322387695312e-08,1.1829932362183803e-09,0.041335463523865676
17561481,2.8471402838974663e-08,2.9802322387695312e-08,1.3309195487206498e-09,0.04674583673477257
17652722,2.8324243705871513e-08,2.9802322387695312e-08,1.4780786818238e-09,0.05218422412872403
17744438,2.8177843671352092e-08,2.9802322387695312e-08,1.62447871634322e-09,0.05765092372894376
17836631,2.803219957849661e-08,2.9802322387695312e-08,1.770122809198703e-09,0.0631460547447214
17929302,2.7887309835039847e-08,2.60770320892334e-08,1.8102777458064484e-09,0.06491403281688615
18022455,2.7743168175478846e-08,2.60770320892334e-08,1.6661360862454474e-09,0.060055725276469435
18116091,2.75997730415463e-08,2.60770320892334e-08,1.522740952312902e-09,0.055172227323054435
18210215,2.7457116788571666e-08,2.60770320892334e-08,1.3800846993382674e-09,0.050263278186320454
18304827,2.731519942799785e-08,2.60770320892334e-08,1.2381673387644525e-09,0.04532887786626743
18399931,2.7174014946034287e-08,2.60770320892334e-08,1.096982856800889e-09,0.0403688177466385
18495529,2.7033560380998e-08,2.60770320892334e-08,9.565282917646031e-10,0.035382993519305385
18591624,2.6893831329635304e-08,2.60770320892334e-08,8.167992404019054e-10,0.03037124872207569
18688218,2.675482488485524e-08,2.60770320892334e-08,6.777927956218402e-10,0.02533347904682081
18785313,2.661653814338891e-08,2.60770320892334e-08,5.395060541555129e-10,0.02026958018541254
18882914,2.647896399888278e-08,2.60770320892334e-08,4.019319096493818e-10,0.015179291367530105
18981021,2.634210246119003e-08,2.60770320892334e-08,2.650703719566304e-10,0.010062612593173233
19079638,2.6205947932555094e-08,2.60770320892334e-08,1.2891584332169562e-10,0.004919335246085344
19178767,2.607049764982283e-08,2.60770320892334e-08,6.534439410568783e-12,0.00025064498186183224
19278412,2.5935746160005275e-08,2.60770320892334e-08,1.4128592922812375e-10,0.005447536706925228
19378574,2.580169211625167e-08,2.60770320892334e-08,2.7533997298172686e-10,0.010671392083168798
19479257,2.566833016269561e-08,2.60770320892334e-08,4.087019265377869e-10,0.015922419726849355
19580462,2.5535658964533094e-08,2.60770320892334e-08,5.413731247003041e-10,0.02120067179203115
19682194,2.540367196868396e-08,2.60770320892334e-08,6.73360120549439e-10,0.02650640904903491
19784454,2.52723678904659e-08,2.60770320892334e-08,8.046641987674993e-10,0.03183968365192492
19887245,2.5141742860813533e-08,2.60770320892334e-08,9.352892284198655e-10,0.037200652062893684
19990571,2.501179180924845e-08,2.60770320892334e-08,1.0652402799849477e-09,0.042589522898197986
20094433,2.4882513480226073e-08,2.60770320892334e-08,1.1945186090073257e-09,0.04800634831190184
20198835,2.4753902885983257e-08,2.60770320892334e-08,1.323129203250141e-09,0.05345133692026217
20303779,2.4625957561890308e-08,2.60770320892334e-08,1.4510745273430902e-09,0.058924593031407166
20409269,2.4498672637417814e-08,2.60770320892334e-08,1.5783594518155843e-09,0.06442632526159364
20515306,2.4372046900007224e-08,2.60770320892334e-08,1.704985189226174e-09,0.06995658576488578
20621895,2.424607437871251e-08,2.60770320892334e-08,1.8309577105208868e-09,0.0755156353116043
20729037,2.412075389705753e-08,2.2351741790771484e-08,1.7690121062860463e-09,0.07333983480930281
20836736,2.3996080768120292e-08,2.2351741790771484e-08,1.6443389773488073e-09,0.06852531433105419
20944995,2.3872051533075073e-08,2.2351741790771484e-08,1.520309742303589e-09,0.06368575990199996
21053816,2.3748663900168963e-08,2.2351741790771484e-08,1.396922109397479e-09,0.05882108211517282
21163202,2.3625914452831842e-08,2.2351741790771484e-08,1.2741726620603578e-09,0.0539311468601222
21273157,2.3503798707450886e-08,2.2351741790771484e-08,1.1520569166794015e-09,0.04901577532291368
21383683,2.3382314449760583e-08,2.2351741790771484e-08,1.0305726589890988e-09,0.04407487809658
21494783,2.3261458373410874e-08,2.2351741790771484e-08,9.097165826393899e-10,0.039108321070670526
21606461,2.3141226136015506e-08,2.2351741790771484e-08,7.894843452440219e-10,0.034115925431251005
21718719,2.3021615593442677e-08,2.2351741790771484e-08,6.698738026711927e-10,0.029097601771354183
21831560,2.2902623541331897e-08,2.2351741790771484e-08,5.508817505604122e-10,0.024053215980529355
21944987,2.278424680771056e-08,2.2351741790771484e-08,4.325050169390764e-10,0.018982633948325632
22059003,2.2666482252167053e-08,2.2351741790771484e-08,3.1474046139556833e-10,0.013885721564292458
22173612,2.254932574810093e-08,2.2351741790771484e-08,1.97583957329444e-10,0.0087623000144953
22288817,2.243277424728283e-08,2.2351741790771484e-08,8.103245651134455e-11,0.003612235188483636
22404620,2.231682572612255e-08,2.2351741790771484e-08,3.4916064648935724e-11,0.0015645623207096774
22521024,2.2201477161962074e-08,2.2351741790771484e-08,1.5026462880941e-10,0.006768226623535631
22638034,2.2086723608596037e-08,2.2351741790771484e-08,2.650181821754475e-10,0.011998981237411955
22755651,2.197256408968479e-08,2.2351741790771484e-08,3.791777010866953e-10,0.017256870865822328
22873879,2.185899470745647e-08,2.2351741790771484e-08,4.92747083315013e-10,0.022542074322701063
22992722,2.1746011629245105e-08,2.2351741790771484e-08,6.057301615263795e-10,0.02785477042198229
23112182,2.163361295787649e-08,2.2351741790771484e-08,7.181288328949959e-10,0.03319504857063348
23232263,2.1521794928027448e-08,2.2351741790771484e-08,8.299468627440361e-10,0.038563087582588716
23352968,2.1410554752612162e-08,2.2351741790771484e-08,9.411870381593223e-10,0.04395902156829889
23474299,2.1299890573942157e-08,2.2351741790771484e-08,1.0518512168293277e-09,0.04938293993473096
23596262,2.118979692630976e-08,2.2351741790771484e-08,1.161944864461725e-09,0.05483511090278673
23718857,2.1080273809146863e-08,2.2351741790771484e-08,1.2714679816246217e-09,0.06031553447246609
23842090,2.097131585360175e-08,2.2351741790771484e-08,1.380425937169733e-09,0.06582447886467027
23965963,2.0862921302181754e-08,2.2351741790771484e-08,1.48882048858973e-09,0.07136203348636681
24090480,2.07550866566378e-08,2.2351741790771484e-08,1.596655134133686e-09,0.0769283771514898
24215644,2.0647809325244448e-08,2.2351741790771484e-08,1.7039324655270361e-09,0.08252364397049
24341457,2.0541087577460946e-08,2.2351741790771484e-08,1.8106542133105382e-09,0.08814792335033463
24467925,2.0434916324126376e-08,1.862645149230957e-08,1.8084648318168054e-09,0.08849876374006245
24595050,2.0329293902634874e-08,1.862645149230957e-08,1.7028424103253033e-09,0.08376298844814273
24722835,2.0224217813207903e-08,1.862645149230957e-08,1.5977663208983331e-09,0.07900262624025312
24851284,2.011968476156e-08,1.862645149230957e-08,1.4932332692504297e-09,0.07421752810478181
24980400,2.0015692302765362e-08,1.862645149230957e-08,1.389240810455792e-09,0.06940758228301976
25110187,1.9912237212729634e-08,1.862645149230957e-08,1.2857857204200637e-09,0.06457263976335505
25240649,1.9809316313538523e-08,1.862645149230957e-08,1.1828648212289531e-09,0.05971255153417553
25371788,1.9706928025726838e-08,1.862645149230957e-08,1.080476533417268e-09,0.05482724308967569
25503609,1.960506844345049e-08,1.862645149230957e-08,9.786169511409182e-10,0.049916528165340174
25636115,1.9503735257857904e-08,1.862645149230957e-08,8.772837655483341e-10,0.04498029500246027
25769309,1.9402926170818158e-08,1.862645149230957e-08,7.764746785085876e-10,0.04001843184232692
25903195,1.9302638149463796e-08,1.862645149230957e-08,6.761866571542252e-10,0.035030789673328094
26037776,1.9202868939344124e-08,1.862645149230957e-08,5.764174470345538e-10,0.030017256736755156
26173057,1.9103614835668597e-08,1.862645149230957e-08,4.771633433590266e-10,0.02497764676809276
26309041,1.9004873647807985e-08,1.862645149230957e-08,3.78422155498415e-10,0.019911848008632358
26445731,1.8906643193186828e-08,1.862645149230957e-08,2.801917008772579e-10,0.014819748699664854
26583132,1.880891988197628e-08,1.862645149230957e-08,1.8246838966670924e-10,0.009701162576675137
26721246,1.8711702291128185e-08,1.862645149230957e-08,8.5250798818615e-11,0.0045560151338574426
26860078,1.861498689616612e-08,1.862645149230957e-08,1.146459614345082e-11,0.0006158798933031766
26999631,1.8518771608397162e-08,1.862645149230957e-08,1.0767988391240803e-10,0.0058146342635157075
27139909,1.84230536660974e-08,1.862645149230957e-08,2.0339782621216874e-10,0.011040396988392152
27280917,1.8327829669361916e-08,1.862645149230957e-08,2.986218229476546e-10,0.016293354332447326
27422656,1.8233098938337696e-08,1.862645149230957e-08,3.9335255397187447e-10,0.0215735435485843
27565132,1.813885745223349e-08,1.862645149230957e-08,4.875940400760805e-10,0.026881188154220907
27708349,1.8045102579009663e-08,1.862645149230957e-08,5.813489132999069e-10,0.032216437160969134
27852309,1.7951833006017558e-08,1.862645149230957e-08,6.746184862920128e-10,0.037579365074634816
27997018,1.785904484541889e-08,1.862645149230957e-08,7.67406646890682e-10,0.04297019541263615
28142478,1.776673681685031e-08,1.862645149230957e-08,8.59714675459261e-10,0.048389002680778795
28288694,1.7674905741495167e-08,1.862645149230957e-08,9.515457508144031e-10,0.05383597314357781
28435670,1.7583549112786856e-08,1.862645149230957e-08,1.042902379522714e-09,0.05931125581264532
28583409,1.749266506314904e-08,1.862645149230957e-08,1.1337864291605288e-09,0.06481496244668986
28731916,1.740225051472376e-08,1.862645149230957e-08,1.2242009775858103e-09,0.07034727931022679
28881194,1.731230363952404e-08,1.862645149230957e-08,1.31414785278553e-09,0.0759083181619647
29031248,1.7222821423316002e-08,1.862645149230957e-08,1.4036300689935683e-09,0.0814982652664188
29182082,1.7133801488187164e-08,1.862645149230957e-08,1.4926500041224066e-09,0.08711726963520085
29333699,1.7045242061016577e-08,1.862645149230957e-08,1.5812094312929936e-09,0.09276544302701974
29486104,1.6957140217642855e-08,1.862645149230957e-08,1.6693112746667152e-09,0.09844297170639069
29639301,1.6869493649664677e-08,1.862645149230957e-08,1.756957842644893e-09,0.10415000468492526
29793294,1.67823000706132e-08,1.862645149230957e-08,1.8441514216963702e-09,0.10988669097423591
29948087,1.6695557215390748e-08,1.4901161193847656e-08,1.7943960215430918e-09,0.1074774563312528
30103684,1.66092628397242e-08,1.4901161193847656e-08,1.7081016458765423e-09,0.10284030437469469
30260090,1.6523414173586394e-08,1.4901161193847656e-08,1.6222529797387378e-09,0.09817904233932478
30417308,1.6438009570077662e-08,1.4901161193847656e-08,1.536848376230006e-09,0.09349358081817598
30575343,1.6353046309243364e-08,1.4901161193847656e-08,1.4518851153957074e-09,0.08878377079963669
30734199,1.6268522241298688e-08,1.4901161193847656e-08,1.3673610474510314e-09,0.0840494930744169
30893880,1.618443523442183e-08,1.4901161193847656e-08,1.2832740405741722e-09,0.07929062843322723
31054391,1.610078265582474e-08,1.4901161193847656e-08,1.1996214619770824e-09,0.07450702786445591
31215737,1.6017561911160383e-08,1.4901161193847656e-08,1.1164007173127267e-09,0.06969854235649087
31377920,1.593477196703924e-08,1.4901161193847656e-08,1.0336107731915821e-09,0.06486511230468724
31540946,1.585240975334094e-08,1.4901161193847656e-08,9.512485594932826e-10,0.06000655889511084
31704819,1.5770473252031494e-08,1.4901161193847656e-08,8.693120581838375e-10,0.05512276291847209
31869543,1.5688960459834642e-08,1.4901161193847656e-08,7.877992659869857e-10,0.05021360516548137
32035123,1.560786890064383e-08,1.4901161193847656e-08,7.067077067961743e-10,0.04527893662452677
32201564,1.552719613246114e-08,1.4901161193847656e-08,6.260349386134838e-10,0.04031860828399635
32368869,1.5446940700955597e-08,1.4901161193847656e-08,5.457795071079411e-10,0.03533253073692304
32537043,1.5367100200224093e-08,1.4901161193847656e-08,4.65939006376437e-10,0.03032055497169481
32706092,1.5287671789096657e-08,1.4901161193847656e-08,3.865105952490004e-10,0.025282502174377147
32876018,1.520865452744307e-08,1.4901161193847656e-08,3.074933335954153e-10,0.020218312740325758
33046828,1.5130045158948384e-08,1.4901161193847656e-08,2.2888396510072818e-10,0.015127778053283537
33218525,1.5051842307868876e-08,1.4901161193847656e-08,1.5068111402121935e-10,0.010010808706283453
33391113,1.4974044141625345e-08,1.4901161193847656e-08,7.288294777768826e-11,0.0048672854900357766
33564599,1.489664750649933e-08,1.4901161193847656e-08,4.5136873483266686e-12,0.00030300021171591595
33738986,1.481965107072275e-08,1.4901161193847656e-08,8.151012312490573e-11,0.005500137805938943
33914279,1.4743052623940492e-08,1.4901161193847656e-08,1.5810856990716472e-10,0.010724276304245179
34090483,1.4666849982735647e-08,1.4901161193847656e-08,2.343112111120091e-10,0.015975564718246717
34267602,1.4591041415737228e-08,1.4901161193847656e-08,3.101197781104279e-10,0.021254122257232916
34445641,1.4515624778183105e-08,1.4901161193847656e-08,3.8553641566455127e-10,0.026560097932815826
34624606,1.4440597533441967e-08,1.4901161193847656e-08,4.6056366040568957e-10,0.03189367055892961
34804500,1.4365958424916316e-08,1.4901161193847656e-08,5.352027689313407e-10,0.0372549295425417
34985329,1.4291704960099128e-08,1.4901161193847656e-08,6.094562337485278e-10,0.04264405369758631
35167098,1.4217835091198025e-08,1.4901161193847656e-08,6.833261026496315e-10,0.04806119203567531
35349811,1.4144347193256561e-08,1.4901161193847656e-08,7.56814000591095e-10,0.0535064637660982
35533473,1.4071239250945155e-08,1.4901161193847656e-08,8.299219429025014e-10,0.05898001790046716
35718089,1.3998509270750736e-08,1.4901161193847656e-08,9.026519230969206e-10,0.06448200345039395
35903665,1.3926154892543698e-08,1.4901161193847656e-08,9.750063013039584e-10,0.07001259922981279
36090204,1.3854174944536194e-08,1.4901161193847656e-08,1.0469862493114623e-09,0.07557189464569107
36277713,1.3782566723541804e-08,1.4901161193847656e-08,1.118594470305852e-09,0.08116009831428544
36466196,1.371132870563192e-08,1.4901161193847656e-08,1.1898324882157358e-09,0.08677732944488543
36655659,1.3640458626047342e-08,1.4901161193847656e-08,1.2607025678003138e-09,0.09242376685142538
36846106,1.3569954990630486e-08,1.4901161193847656e-08,1.3312062032171701e-09,0.0980995297431948
37037542,1.3499815943509423e-08,1.4901161193847656e-08,1.401345250338233e-09,0.10380476713180566
37229973,1.3430039285819516e-08,1.4901161193847656e-08,1.4711219080281398e-09,0.10953965783119228
37423403,1.3360623564885318e-08,1.4901161193847656e-08,1.540537628962338e-09,0.11530432105064412
37617839,1.3291566269928474e-08,1.4901161193847656e-08,1.6095949239191822e-09,0.12109896540641812
37813285,1.3222865984798726e-08,1.4901161193847656e-08,1.6782952090489307e-09,0.12692371010780362
38009746,1.3154520948390445e-08,1.4901161193847656e-08,1.746640245457211e-09,0.13277870416641252
38207228,1.3086529072457177e-08,1.4901161193847656e-08,1.814632121390479e-09,0.13866412639617945
38405736,1.3018888636843202e-08,1.4901161193847656e-08,1.8822725570044545e-09,0.1445801258087161
38605275,1.2951597935774319e-08,1.4901161193847656e-08,1.949563258073337e-09,0.15052685141563432
38805852,1.2884654613433044e-08,1.4901161193847656e-08,2.016506580414612e-09,0.15650451183319108
39007470,1.2818057669466897e-08,1.4901161193847656e-08,2.0831035243807592e-09,0.1625131964683535
39210136,1.2751804788435315e-08,1.4901161193847656e-08,2.1493564054123414e-09,0.1685531139373781
39413854,1.2685894660288738e-08,1.4901161193847656e-08,2.2152665335589185e-09,0.17462438344955467
39618631,1.2620325018297575e-08,1.4901161193847656e-08,2.280836175550081e-09,0.1807272136211398
39824473,1.2555093949391369e-08,1.4901161193847656e-08,2.3460672444562875e-09,0.18686178326606767
40031383,1.2490200500941971e-08,1.4901161193847656e-08,2.4109606929056854e-09,0.1930281817913058
40239369,1.242564216153588e-08,1.4901161193847656e-08,2.4755190323117764e-09,0.19922664761543304
40448435,1.2361417691438492e-08,1.4901161193847656e-08,2.5397435024091644e-09,0.2054572999477389
40658587,1.2297525243560479e-08,1.4901161193847656e-08,2.6036359502871775e-09,0.21172031760215781
40869831,1.2233962993387467e-08,1.4901161193847656e-08,2.667198200460189e-09,0.21801587939262412
41082173,1.2170729138402682e-08,1.4901161193847656e-08,2.730432055444974e-09,0.22434416413307207
41295618,1.210782219072251e-08,1.4901161193847656e-08,2.7933390031251457e-09,0.23070532083511366
41510172,1.2045240381080568e-08,1.4901161193847656e-08,2.855920812767088e-09,0.2370995283126833
41725841,1.1982981960747057e-08,1.4901161193847656e-08,2.9181792331005993e-09,0.2435269653797151
41942630,1.1921045485225888e-08,1.4901161193847656e-08,2.9801157086217678e-09,0.24998778104782127
42160545,1.1859429236505361e-08,1.4901161193847656e-08,3.041731957342295e-09,0.25648215413093584
42379593,1.1798131237362282e-08,1.4901161193847656e-08,3.103029956485374e-09,0.2630102932453158
42599779,1.1737150091788033e-08,1.4901161193847656e-08,3.164011102059623e-09,0.2695723474025728
42821109,1.1676484137764857e-08,1.4901161193847656e-08,3.2246770560827996e-09,0.2761684954166414
43043589,1.1616131731022706e-08,1.4901161193847656e-08,3.2850294628249503e-09,0.2827989161014559
43267224,1.1556091511671742e-08,1.4901161193847656e-08,3.345069682175914e-09,0.2894637584686282
43492022,1.1496361332660044e-08,1.4901161193847656e-08,3.4047998611876124e-09,0.2961632609367372
43717987,1.1436940131758581e-08,1.4901161193847656e-08,3.464221062089075e-09,0.30289754271507274
43945127,1.1377825805350385e-08,1.4901161193847656e-08,3.5233353884972716e-09,0.3096668422222139
44173447,1.1319017055653364e-08,1.4901161193847656e-08,3.582144138194292e-09,0.3164713084697725
44402952,1.1260512589343157e-08,1.4901161193847656e-08,3.6406486045044995e-09,0.32331109046936063
44633651,1.120231011350606e-08,1.4901161193847656e-08,3.6988510803415956e-09,0.33018645644187955
44865548,1.114440862284798e-08,7.450580596923828e-09,3.6938280259241527e-09,0.3314512372016907
45098649,1.1086806613652662e-08,7.450580596923828e-09,3.636226016728834e-09,0.3279777616262436
45332962,1.1029502109304042e-08,7.450580596923828e-09,3.5789215123802136e-09,0.3244862258434295
45568492,1.0972493888979254e-08,7.450580596923828e-09,3.5219132920554254e-09,0.3209765553474426
45805246,1.0915780258008002e-08,7.450580596923828e-09,3.4651996610841738e-09,0.3174486458301544
46043230,1.0859359779928559e-08,7.450580596923828e-09,3.4087791830047306e-09,0.3139024078845978
46282451,1.0803230796916957e-08,7.450580596923828e-09,3.352650199993129e-09,0.3103377372026444
46522914,1.0747392134551158e-08,7.450580596923828e-09,3.29681153762733e-09,0.3067545592784881
46764627,1.0691841934289351e-08,7.450580596923828e-09,3.241261337365523e-09,0.30315275490283966
47007596,1.0636578820154938e-08,7.450580596923828e-09,3.18599822323111e-09,0.2995322346687317
47251826,1.0581601650695996e-08,7.450580596923828e-09,3.131021053772168e-09,0.2958929240703583
47497326,1.0526908399011767e-08,7.450580596923828e-09,3.0763278020879387e-09,0.2922346889972686
47744102,1.0472497733856216e-08,7.450580596923828e-09,3.0219171369323874e-09,0.2885574400424957
47992159,1.0418368550579273e-08,7.450580596923828e-09,2.967787953655445e-09,0.2848611027002335
48241505,1.0364519100305846e-08,7.450580596923828e-09,2.913938503382018e-09,0.28114555776119227
48492147,1.0310947873683547e-08,7.450580596923828e-09,2.860367276759719e-09,0.27741070091724396
48744091,1.0257653589231975e-08,7.450580596923828e-09,2.8070729923081468e-09,0.2736564427614212
48997344,1.0204634765508923e-08,7.450580596923828e-09,2.754054168585095e-09,0.26988267898559576
49251913,1.015188993775734e-08,7.450580596923828e-09,2.7013093408335127e-09,0.26608930528163904
49507804,1.009941786147493e-08,7.450580596923828e-09,2.6488372645511026e-09,0.2622762322425843
49765025,1.004721689580182e-08,7.450580596923828e-09,2.5966362988779923e-09,0.25844334065914154
50023582,9.995285823394254e-09,7.450580596923828e-09,2.5447052264704257e-09,0.2545905411243438
50283483,9.94362303820521e-09,7.450580596923828e-09,2.4930424412813814e-09,0.2507177144289017
50544734,9.892227348550296e-09,7.450580596923828e-09,2.4416467516264674e-09,0.24682477116584775
50807342,9.8410973752573e-09,7.450580596923828e-09,2.3905167783334725e-09,0.24291160702705383
51071315,9.790231561493961e-09,7.450580596923828e-09,2.339650964570133e-09,0.23897810280323023
51336659,9.7396287514542e-09,7.450580596923828e-09,2.2890481545303717e-09,0.23502416908741
51603382,9.689287419185045e-09,7.450580596923828e-09,2.2387068222612172e-09,0.23104968667030337
51871491,9.639206245295706e-09,7.450580596923828e-09,2.188625648371878e-09,0.22705455124378207
52140992,9.589384106846298e-09,7.450580596923828e-09,2.1388035099224702e-09,0.22303867340087888
52411894,9.539819339480462e-09,7.450580596923828e-09,2.089238742556634e-09,0.2190019190311432
52684203,9.490510846296755e-09,7.450580596923828e-09,2.0399302493729265e-09,0.21494419872760775
52957927,9.44145717788387e-09,7.450580596923828e-09,1.9908765809600425e-09,0.21086539328098303
53233073,9.392657079932244e-09,7.450580596923828e-09,1.942076483008416e-09,0.20676539838314056
53509649,9.344109134410506e-09,7.450580596923828e-09,1.8935285374866778e-09,0.20264409482479095
53787662,9.295812113937951e-09,7.450580596923828e-09,1.8452315170141228e-09,0.1985013782978058
54067119,9.24776480137586e-09,7.450580596923828e-09,1.797184204452032e-09,0.19433714449405667
54348028,9.199965820286984e-09,7.450580596923828e-09,1.7493852233631556e-09,0.1901512742042541
54630397,9.152413810941187e-09,7.450580596923828e-09,1.7018332140173587e-09,0.18594364821910855
54914232,9.105107761499787e-09,7.450580596923828e-09,1.6545271645759593e-09,0.18171417713165283
55199543,9.05804600592436e-09,7.450580596923828e-09,1.6074654090005326e-09,0.17746271193027496
55486335,9.011227719401543e-09,7.450580596923828e-09,1.5606471224777149e-09,0.17318917810916903
55774618,8.964651268431816e-09,7.450580596923828e-09,1.5140706715079877e-09,0.168893426656723
56064399,8.918315524973344e-09,7.450580596923828e-09,1.467734928049516e-09,0.1645753532648087
56355685,8.872219368817894e-09,7.450580596923828e-09,1.4216387718940655e-09,0.1602348536252976
56648484,8.826361531581323e-09,7.450580596923828e-09,1.3757809346574944e-09,0.15587180852890023
56942805,8.780740604541697e-09,7.450580596923828e-09,1.3301600076178693e-09,0.15148608386516568
57238655,8.735355504073253e-09,7.450580596923828e-09,1.2847749071494252e-09,0.14707757532596596
57536042,8.690205002283612e-09,7.450580596923828e-09,1.2396244053597838e-09,0.1426461637020111
57834974,8.645287884109708e-09,7.450580596923828e-09,1.1947072871858799e-09,0.1381917297840118
58135459,8.60060294698972e-09,7.450580596923828e-09,1.1500223500658916e-09,0.13371415436267858
58437506,8.556148854128033e-09,7.450580596923828e-09,1.1055682572042044e-09,0.12921330332756048
58741121,8.51192472135491e-09,7.450580596923828e-09,1.0613441244310814e-09,0.12468908727169041
59046314,8.467929090374719e-09,7.450580596923828e-09,1.0173484934508905e-09,0.12014135718345645
59353093,8.424160809951386e-09,7.450580596923828e-09,9.735802130275581e-10,0.11556999385356895
59661466,8.380618739740657e-09,7.450580596923828e-09,9.300381428168286e-10,0.11097487807273872
59971441,8.337301750011309e-09,7.450580596923828e-09,8.86721153087481e-10,0.10635589063167566
60283026,8.294208721373742e-09,7.450580596923828e-09,8.436281244499135e-10,0.10171291232109073
60596230,8.251338408346526e-09,7.450580596923828e-09,8.007578114226981e-10,0.09704580903053288
60911062,8.208689580884339e-09,7.450580596923828e-09,7.581089839605106e-10,0.09235444664955134
61227529,8.166261290734107e-09,7.450580596923828e-09,7.15680693810279e-10,0.08763872087001796
61545641,8.124052197295337e-09,7.450580596923828e-09,6.734716003715086e-10,0.08289848268032067
61865405,8.08206137177959e-09,7.450580596923828e-09,6.314807748557627e-10,0.07813362777233115
62186830,8.040287630033562e-09,7.450580596923828e-09,5.897070331097336e-10,0.07334402203559875
62509926,7.998729673748134e-09,7.450580596923828e-09,5.481490768243056e-10,0.06852951645851132
62834700,7.95738660326221e-09,7.450580596923828e-09,5.068060063383825e-10,0.06369000673294072
63161162,7.916257145490768e-09,7.450580596923828e-09,4.656765485669403e-10,0.05882534384727477
63489319,7.875340417496052e-09,7.450580596923828e-09,4.247598205722234e-10,0.05393542349338531
63819182,7.834635047500296e-09,7.450580596923828e-09,3.8405445057646745e-10,0.04902008175849916
64150759,7.794140050626681e-09,7.450580596923828e-09,3.4355945370285316e-10,0.04407919943332678
64484058,7.753854448800353e-09,7.450580596923828e-09,3.032738518765253e-10,0.03911265730857853
64819089,7.713777032565206e-09,7.450580596923828e-09,2.631964356413781e-10,0.03412030637264252
65155861,7.673906726518433e-09,7.450580596923828e-09,2.2332612959460439e-10,0.029102012515068058
65494382,7.634242582821836e-09,7.450580596923828e-09,1.8366198589800818e-10,0.02405765652656552
65834662,7.594783428826596e-09,7.450580596923828e-09,1.4420283190276767e-10,0.018987089395523054
66176710,7.555528221333456e-09,7.450580596923828e-09,1.0494762440962817e-10,0.013890177011489771
66520535,7.516475927320788e-09,7.450580596923828e-09,6.589533039696028e-11,0.008766785264015121
66866147,7.477625411854521e-09,7.450580596923828e-09,2.7044814930693004e-11,0.0036167651414870266
67213554,7.438975775630017e-09,0.0,7.438975775630017e-09,1.0
67562766,7.400525905052496e-09,0.0,7.400525905052496e-09,1.0
67913793,7.362274700221794e-09,0.0,7.362274700221794e-09,1.0
68266643,7.324221289158748e-09,0.0,7.324221289158748e-09,1.0
68621327,7.286364485490058e-09,0.0,7.286364485490058e-09,1.0
68977853,7.248703435289585e-09,0.0,7.248703435289585e-09,1.0
69336232,7.2112369763617956e-09,0.0,7.2112369763617956e-09,1.0
69696473,7.173964168889867e-09,0.0,7.173964168889867e-09,1.0
70058585,7.1368840806590655e-09,0.0,7.1368840806590655e-09,1.0
70422579,7.099995585222745e-09,0.0,7.099995585222745e-09,1.0
70788464,7.063297771230069e-09,0.0,7.063297771230069e-09,1.0
71156250,7.026789635485288e-09,0.0,7.026789635485288e-09,1.0
71525946,6.990470283329073e-09,0.0,6.990470283329073e-09,1.0
71897564,6.954338536421067e-09,0.0,6.954338536421067e-09,1.0
72271112,6.918393617632451e-09,0.0,6.918393617632451e-09,1.0
72646601,6.882634467647014e-09,0.0,6.882634467647014e-09,1.0
73024041,6.847060134620597e-09,0.0,6.847060134620597e-09,1.0
73403442,6.811669676198563e-09,0.0,6.811669676198563e-09,1.0
73784814,6.776462159273045e-09,0.0,6.776462159273045e-09,1.0
74168168,6.741436568852557e-09,0.0,6.741436568852557e-09,1.0
74553513,6.706592082387855e-09,0.0,6.706592082387855e-09,1.0
74940861,6.67192761502967e-09,0.0,6.67192761502967e-09,1.0
75330221,6.637442361943953e-09,0.0,6.637442361943953e-09,1.0
75721603,6.6031354354714334e-09,0.0,6.6031354354714334e-09,1.0
76115020,6.569005696904501e-09,0.0,6.569005696904501e-09,1.0
76510480,6.535052452945008e-09,0.0,6.535052452945008e-09,1.0
76907995,6.501274672418648e-09,0.0,6.501274672418648e-09,1.0
77307575,6.467671505670693e-09,0.0,6.467671505670693e-09,1.0
77709232,6.434241944380559e-09,0.0,6.434241944380559e-09,1.0
78112975,6.400985239648087e-09,0.0,6.400985239648087e-09,1.0
78518816,6.367900402369796e-09,0.0,6.367900402369796e-09,1.0
78926765,6.334986617024022e-09,0.0,6.334986617024022e-09,1.0
79336834,6.30224291531472e-09,0.0,6.30224291531472e-09,1.0
79749034,6.269668420058856e-09,0.0,6.269668420058856e-09,1.0
80163375,6.23726234081337e-09,0.0,6.23726234081337e-09,1.0
80579868,6.205023815626007e-09,0.0,6.205023815626007e-09,1.0
80998526,6.172951838654447e-09,0.0,6.172951838654447e-09,1.0
81419359,6.1410456449307095e-09,0.0,6.1410456449307095e-09,1.0
81842378,6.109304399732862e-09,0.0,6.109304399732862e-09,1.0
82267596,6.07772712843098e-09,0.0,6.07772712843098e-09,1.0
82695022,6.046313162598832e-09,0.0,6.046313162598832e-09,1.0
83124669,6.015061545688681e-09,0.0,6.015061545688681e-09,1.0
83556549,5.983971405999547e-09,0.0,5.983971405999547e-09,1.0
83990672,5.953042023523755e-09,0.0,5.953042023523755e-09,1.0
84427051,5.922272471651295e-09,0.0,5.922272471651295e-09,1.0
84865697,5.891661975038041e-09,0.0,5.891661975038041e-09,1.0
85306622,5.861209696006952e-09,0.0,5.861209696006952e-09,1.0
85749838,5.830914805926514e-09,0.0,5.830914805926514e-09,1.0
86195356,5.800776552277364e-09,0.0,5.800776552277364e-09,1.0
86643189,5.7707940551449465e-09,0.0,5.7707940551449465e-09,1.0
87093350,5.740966445773415e-09,0.0,5.740966445773415e-09,1.0
87545849,5.711293061993151e-09,0.0,5.711293061993151e-09,1.0
88000698,5.681773115026883e-09,0.0,5.681773115026883e-09,1.0
88457912,5.652405632183586e-09,0.0,5.652405632183586e-09,1.0
88917500,5.6231900357072565e-09,0.0,5.6231900357072565e-09,1.0
89379477,5.594125371756203e-09,0.0,5.594125371756203e-09,1.0
89843853,5.565211011152872e-09,0.0,5.565211011152872e-09,1.0
90310643,5.5364460199890286e-09,0.0,5.5364460199890286e-09,1.0
90779857,5.507829782106839e-09,0.0,5.507829782106839e-09,1.0
91251510,5.4793613826226e-09,0.0,5.4793613826226e-09,1.0
91725612,5.4510402176439005e-09,0.0,5.4510402176439005e-09,1.0
92202179,5.422865331631696e-09,0.0,5.422865331631696e-09,1.0
92681221,5.3948361340643105e-09,0.0,5.3948361340643105e-09,1.0
93162752,5.366951804944534e-09,0.0,5.366951804944534e-09,1.0
93646785,5.339211591727361e-09,0.0,5.339211591727361e-09,1.0
94133332,5.311614806113524e-09,0.0,5.311614806113524e-09,1.0
94622408,5.2841605975616265e-09,0.0,5.2841605975616265e-09,1.0
95114025,5.2568482934036275e-09,0.0,5.2568482934036275e-09,1.0
95608196,5.229677171191474e-09,0.0,5.229677171191474e-09,1.0
96104934,5.202646515526456e-09,0.0,5.202646515526456e-09,1.0
96604253,5.1757555643021225e-09,0.0,5.1757555643021225e-09,1.0
97106166,5.149003617339809e-09,0.0,5.149003617339809e-09,1.0
97610688,5.122389875993907e-09,0.0,5.122389875993907e-09,1.0
98117830,5.09591376001691e-09,0.0,5.09591376001691e-09,1.0
98627607,5.0695744853669625e-09,0.0,5.0695744853669625e-09,1.0
99140033,5.043371329117875e-09,0.0,5.043371329117875e-09,1.0
99655121,5.017303626574293e-09,0.0,5.017303626574293e-09,1.0
100172886,4.9913706189916505e-09,0.0,4.9913706189916505e-09,1.0
100693340,4.965571705139585e-09,0.0,4.965571705139585e-09,1.0
101216499,4.939906091792406e-09,0.0,4.939906091792406e-09,1.0
101742375,4.9143731901284986e-09,0.0,4.9143731901284986e-09,1.0
102270984,4.888972223050089e-09,0.0,4.888972223050089e-09,1.0
102802340,4.8637025188337156e-09,0.0,4.8637025188337156e-09,1.0
103336456,4.838563459153273e-09,0.0,4.838563459153273e-09,1.0
103873347,4.813554337476004e-09,0.0,4.813554337476004e-09,1.0
104413027,4.78867450131486e-09,0.0,4.78867450131486e-09,1.0
104955511,4.763923258874896e-09,0.0,4.763923258874896e-09,1.0
105500814,4.739299926159812e-09,0.0,4.739299926159812e-09,1.0
106048950,4.714803871231163e-09,0.0,4.714803871231163e-09,1.0
106599934,4.690434423721125e-09,0.0,4.690434423721125e-09,1.0
107153781,4.666190920505175e-09,0.0,4.666190920505175e-09,1.0
107710505,4.6420727486144455e-09,0.0,4.6420727486144455e-09,1.0
108270122,4.6180792148733336e-09,0.0,4.6180792148733336e-09,1.0
108832646,4.5942097190212576e-09,0.0,4.5942097190212576e-09,1.0
109398093,4.570463582029716e-09,0.0,4.570463582029716e-09,1.0
109966477,4.546840215677729e-09,0.0,4.546840215677729e-09,1.0
110537815,4.5233389134749946e-09,0.0,4.5233389134749946e-09,1.0
111112121,4.4999590998717415e-09,0.0,4.4999590998717415e-09,1.0
111689411,4.476700123344728e-09,0.0,4.476700123344728e-09,1.0
112269700,4.4535613794282875e-09,0.0,4.4535613794282875e-09,1.0
112853005,4.430542190701967e-09,0.0,4.430542190701967e-09,1.0
113439339,4.407642043823968e-09,0.0,4.407642043823968e-09,1.0
114028721,4.38486019675692e-09,0.0,4.38486019675692e-09,1.0
114621164,4.362196147301383e-09,0.0,4.362196147301383e-09,1.0
115216685,4.3396492443781035e-09,0.0,4.3396492443781035e-09,1.0
115815301,4.317218844857123e-09,0.0,4.317218844857123e-09,1.0
116417026,4.294904424031584e-09,0.0,4.294904424031584e-09,1.0
117021878,4.2727053141293806e-09,0.0,4.2727053141293806e-09,1.0
117629873,4.250620928579937e-09,0.0,4.250620928579937e-09,1.0
118241026,4.2286507222966754e-09,0.0,4.2286507222966754e-09,1.0
118855355,4.2067940481099905e-09,0.0,4.2067940481099905e-09,1.0
119472875,4.185050372312544e-09,0.0,4.185050372312544e-09,1.0
120093604,4.163419061018437e-09,0.0,4.163419061018437e-09,1.0
120717558,4.141899556980767e-09,0.0,4.141899556980767e-09,1.0
121344753,4.120491307934839e-09,0.0,4.120491307934839e-09,1.0
121975208,4.099193665650482e-09,0.0,4.099193665650482e-09,1.0
122608937,4.07800615708788e-09,0.0,4.07800615708788e-09,1.0
123245960,4.0569281135057085e-09,0.0,4.0569281135057085e-09,1.0
123886292,4.035959038954851e-09,0.0,4.035959038954851e-09,1.0
124529951,4.0150983436908286e-09,0.0,4.0150983436908286e-09,1.0
125176954,3.994345476724094e-09,0.0,3.994345476724094e-09,1.0
125827319,3.973699860838647e-09,0.0,3.973699860838647e-09,1.0
126481062,3.953160987848125e-09,0.0,3.953160987848125e-09,1.0
127138203,3.9327282296101036e-09,0.0,3.9327282296101036e-09,1.0
127798757,3.9124011198324875e-09,0.0,3.9124011198324875e-09,1.0
128462743,3.892179073274187e-09,0.0,3.892179073274187e-09,1.0
129130180,3.872061511878943e-09,0.0,3.872061511878943e-09,1.0
129801084,3.852047953621096e-09,0.0,3.852047953621096e-09,1.0
130475473,3.8321378608836315e-09,0.0,3.8321378608836315e-09,1.0
131153367,3.812330643406204e-09,0.0,3.812330643406204e-09,1.0
131834782,3.792625833750004e-09,0.0,3.792625833750004e-09,1.0
132519738,3.77302285339562e-09,0.0,3.77302285339562e-09,1.0
133208253,3.7535211876098995e-09,0.0,3.7535211876098995e-09,1.0
133900344,3.7341203544630175e-09,0.0,3.7341203544630175e-09,1.0
134596032,3.7148197652661854e-09,0.0,3.7148197652661854e-09,1.0
135295334,3.695618948691904e-09,0.0,3.695618948691904e-09,1.0
135998269,3.676517382732276e-09,0.0,3.676517382732276e-09,1.0
136704857,3.6575145241547636e-09,0.0,3.6575145241547636e-09,1.0
137415115,3.6386099156559305e-09,0.0,3.6386099156559305e-09,1.0
138129064,3.619802998158302e-09,0.0,3.619802998158302e-09,1.0
138846722,3.601093297686927e-09,0.0,3.601093297686927e-09,1.0
139568109,3.5824802928296464e-09,0.0,3.5824802928296464e-09,1.0
140293244,3.5639634934950968e-09,0.0,3.5639634934950968e-09,1.0
141022146,3.5455424143098773e-09,0.0,3.5455424143098773e-09,1.0
141754836,3.5272165247328846e-09,0.0,3.5272165247328846e-09,1.0
142491332,3.508985374633174e-09,0.0,3.508985374633174e-09,1.0
143231654,3.490848468453768e-09,0.0,3.490848468453768e-09,1.0
143975823,3.4728052917606866e-09,0.0,3.4728052917606866e-09,1.0
144723859,3.4548553600964995e-09,0.0,3.4548553600964995e-09,1.0
145475781,3.4369982175933465e-09,0.0,3.4369982175933465e-09,1.0
146231609,3.4192333888632793e-09,0.0,3.4192333888632793e-09,1.0
146991365,3.4015603569638256e-09,0.0,3.4015603569638256e-09,1.0
147755067,3.3839787030789273e-09,0.0,3.3839787030789273e-09,1.0
148522738,3.3664878976308664e-09,0.0,3.3664878976308664e-09,1.0
149294397,3.349087507952492e-09,0.0,3.349087507952492e-09,1.0
150070065,3.331777060268482e-09,0.0,3.331777060268482e-09,1.0
150849764,3.314556063872927e-09,0.0,3.314556063872927e-09,1.0
151633513,3.297424099117192e-09,0.0,3.297424099117192e-09,1.0
152421335,3.2803806632450765e-09,0.0,3.2803806632450765e-09,1.0
153213249,3.2634253451540603e-09,0.0,3.2634253451540603e-09,1.0
154009278,3.2465576521954735e-09,0.0,3.2465576521954735e-09,1.0
154809443,3.2297771396283623e-09,0.0,3.2297771396283623e-09,1.0
155613765,3.21308336701448e-09,0.0,3.21308336701448e-09,1.0
156422266,3.196475877673323e-09,0.0,3.196475877673323e-09,1.0
157234968,3.179954219852673e-09,0.0,3.179954219852673e-09,1.0
158051892,3.163517966618204e-09,0.0,3.163517966618204e-09,1.0
158873060,3.1471666750800924e-09,0.0,3.1471666750800924e-09,1.0
159698495,3.130899887315782e-09,0.0,3.130899887315782e-09,1.0
160528219,3.114717170069644e-09,0.0,3.114717170069644e-09,1.0
161362253,3.0986181136179352e-09,0.0,3.0986181136179352e-09,1.0
162200621,3.0826022546485813e-09,0.0,3.0826022546485813e-09,1.0
163043344,3.066669191966524e-09,0.0,3.066669191966524e-09,1.0
163890446,3.05081847174911e-09,0.0,3.05081847174911e-09,1.0
164741949,3.0350496824582306e-09,0.0,3.0350496824582306e-09,1.0
165597876,3.019362398102256e-09,0.0,3.019362398102256e-09,1.0
166458250,3.0037561971245043e-09,0.0,3.0037561971245043e-09,1.0
167323094,2.988230662289809e-09,0.0,2.988230662289809e-09,1.0
168192432,2.972785362899087e-09,0.0,2.972785362899087e-09,1.0
169066286,2.95741990807085e-09,0.0,2.95741990807085e-09,1.0
169944681,2.9421338582523802e-09,0.0,2.9421338582523802e-09,1.0
170827639,2.9269268306166777e-09,0.0,2.9269268306166777e-09,1.0
171715185,2.9117983945333665e-09,0.0,2.9117983945333665e-09,1.0
172607341,2.8967481748067712e-09,0.0,2.8967481748067712e-09,1.0
173504134,2.8817757160760218e-09,0.0,2.8817757160760218e-09,1.0
174405585,2.8668806678409984e-09,0.0,2.8668806678409984e-09,1.0
175311720,2.852062600264261e-09,0.0,2.852062600264261e-09,1.0
176222563,2.8373211210189925e-09,0.0,2.8373211210189925e-09,1.0
177138139,2.8226558256886735e-09,0.0,2.8226558256886735e-09,1.0
178058471,2.8080663458016554e-09,0.0,2.8080663458016554e-09,1.0
178983585,2.7935522690530533e-09,0.0,2.7935522690530533e-09,1.0
179913505,2.7791132188770376e-09,0.0,2.7791132188770376e-09,1.0
180848257,2.764748791579451e-09,0.0,2.764748791579451e-09,1.0
181787865,2.7504586183461695e-09,0.0,2.7504586183461695e-09,1.0
182732356,2.7362422886946198e-09,0.0,2.7362422886946198e-09,1.0
183681753,2.722099456444103e-09,0.0,2.722099456444103e-09,1.0
184636083,2.7080297191963285e-09,0.0,2.7080297191963285e-09,1.0
185595371,2.6940327083912023e-09,0.0,2.6940327083912023e-09,1.0
186559644,2.6801080302232993e-09,0.0,2.6801080302232993e-09,1.0
187528926,2.666255338123144e-09,0.0,2.666255338123144e-09,1.0
188503244,2.652474246013506e-09,0.0,2.652474246013506e-09,1.0
189482624,2.638764386121231e-09,0.0,2.638764386121231e-09,1.0
190467093,2.625125380582146e-09,0.0,2.625125380582146e-09,1.0
191456677,2.611556869338122e-09,0.0,2.611556869338122e-09,1.0
192451402,2.5980584958274296e-09,0.0,2.5980584958274296e-09,1.0
193451295,2.584629893534701e-09,0.0,2.584629893534701e-09,1.0
194456383,2.5712706998154955e-09,0.0,2.5712706998154955e-09,1.0
195466694,2.55798054271077e-09,0.0,2.55798054271077e-09,1.0
196482253,2.5447590933314473e-09,0.0,2.5447590933314473e-09,1.0
197503089,2.5316059740209938e-09,0.0,2.5316059740209938e-09,1.0
198529229,2.5185208370501454e-09,0.0,2.5185208370501454e-09,1.0
199560700,2.5055033380820975e-09,0.0,2.5055033380820975e-09,1.0
200597530,2.492553123660097e-09,0.0,2.492553123660097e-09,1.0
201639747,2.479669844061052e-09,0.0,2.479669844061052e-09,1.0
202687378,2.4668531653707613e-09,0.0,2.4668531653707613e-09,1.0
203740453,2.454102720582446e-09,0.0,2.454102720582446e-09,1.0
204799000,2.441418170987163e-09,0.0,2.441418170987163e-09,1.0
205863046,2.4287991930324396e-09,0.0,2.4287991930324396e-09,1.0
206932620,2.4162454425986584e-09,0.0,2.4162454425986584e-09,1.0
208007751,2.403756579244011e-09,0.0,2.403756579244011e-09,1.0
209088468,2.391332266110439e-09,0.0,2.391332266110439e-09,1.0
210174801,2.378972158512951e-09,0.0,2.378972158512951e-09,1.0
211266777,2.3666759492430746e-09,0.0,2.3666759492430746e-09,1.0
212364427,2.3544432891295868e-09,0.0,2.3544432891295868e-09,1.0
213467779,2.3422738660713757e-09,0.0,2.3422738660713757e-09,1.0
214576864,2.3301673380779765e-09,0.0,2.3301673380779765e-09,1.0
215691712,2.318123377869985e-09,0.0,2.318123377869985e-09,1.0
216812352,2.3061416722235457e-09,0.0,2.3061416722235457e-09,1.0
217938814,2.2942219002806907e-09,0.0,2.2942219002806907e-09,1.0
219071128,2.2823637444364646e-09,0.0,2.2823637444364646e-09,1.0
220209326,2.27056686963385e-09,0.0,2.27056686963385e-09,1.0
221353437,2.258830975369043e-09,0.0,2.258830975369043e-09,1.0
222503493,2.2471557334158346e-09,0.0,2.2471557334158346e-09,1.0
223659524,2.2355408392982182e-09,0.0,2.2355408392982182e-09,1.0
224821561,2.2239859814868912e-09,0.0,2.2239859814868912e-09,1.0
225989635,2.21249085162689e-09,0.0,2.21249085162689e-09,1.0
227163778,2.201055134767128e-09,0.0,2.201055134767128e-09,1.0
228344022,2.189678519370216e-09,0.0,2.189678519370216e-09,1.0
229530398,2.178360706715631e-09,0.0,2.178360706715631e-09,1.0
230722937,2.1671014009326694e-09,0.0,2.1671014009326694e-09,1.0
231921673,2.1559002810401424e-09,0.0,2.1559002810401424e-09,1.0
233126636,2.1447570667128743e-09,0.0,2.1447570667128743e-09,1.0
234337860,2.1336714434449475e-09,0.0,2.1336714434449475e-09,1.0
235555377,2.122643118437496e-09,0.0,2.122643118437496e-09,1.0
236779220,2.1116717928203326e-09,0.0,2.1116717928203326e-09,1.0
238009421,2.100757179691639e-09,0.0,2.100757179691639e-09,1.0
239246014,2.089898977376484e-09,0.0,2.089898977376484e-09,1.0
240489031,2.0790969048397054e-09,0.0,2.0790969048397054e-09,1.0
241738507,2.068350657928073e-09,0.0,2.068350657928073e-09,1.0
242994475,2.0576599529680664e-09,0.0,2.0576599529680664e-09,1.0
244256967,2.0470245174214416e-09,0.0,2.0470245174214416e-09,1.0
245526020,2.036444039617471e-09,0.0,2.036444039617471e-09,1.0
246801666,2.0259182529181144e-09,0.0,2.0259182529181144e-09,1.0
248083939,2.015446876631542e-09,0.0,2.015446876631542e-09,1.0
249372875,2.005029616793727e-09,0.0,2.005029616793727e-09,1.0
250668507,1.994666206712597e-09,0.0,1.994666206712597e-09,1.0
251970871,1.984356358398269e-09,0.0,1.984356358398269e-09,1.0
253280001,1.974099802692278e-09,0.0,1.974099802692278e-09,1.0
254595933,1.963896257525842e-09,0.0,1.963896257525842e-09,1.0
255918702,1.9537454515535953e-09,0.0,1.9537454515535953e-09,1.0
257248344,1.9436471085699194e-09,0.0,1.9436471085699194e-09,1.0
258584894,1.933600962784779e-09,0.0,1.933600962784779e-09,1.0
259928387,1.9236067509625255e-09,0.0,1.9236067509625255e-09,1.0
261278862,1.9136641830597074e-09,0.0,1.9136641830597074e-09,1.0
262636352,1.90377301615886e-09,0.0,1.90377301615886e-09,1.0
264000896,1.893932966045691e-09,0.0,1.893932966045691e-09,1.0
265372529,1.8841437803835375e-09,0.0,1.8841437803835375e-09,1.0
266751288,1.8744051949994708e-09,0.0,1.8744051949994708e-09,1.0
268137211,1.864716941506489e-09,0.0,1.864716941506489e-09,1.0
269530335,1.8550787613572328e-09,0.0,1.8550787613572328e-09,1.0
270930697,1.845490398601824e-09,0.0,1.845490398601824e-09,1.0
272338334,1.835951599821419e-09,0.0,1.835951599821419e-09,1.0
273753285,1.8264621007196316e-09,0.0,1.8264621007196316e-09,1.0
275175587,1.8170216531599512e-09,0.0,1.8170216531599512e-09,1.0
276605279,1.807629998269122e-09,0.0,1.807629998269122e-09,1.0
278042399,1.798286886454321e-09,0.0,1.798286886454321e-09,1.0
279486986,1.7889920641957904e-09,0.0,1.7889920641957904e-09,1.0
280939078,1.779745286983536e-09,0.0,1.779745286983536e-09,1.0
282398714,1.7705463063829674e-09,0.0,1.7705463063829674e-09,1.0
283865934,1.7613948702981738e-09,0.0,1.7613948702981738e-09,1.0
285340777,1.7522907355088615e-09,0.0,1.7522907355088615e-09,1.0
286823283,1.7432336551283392e-09,0.0,1.7432336551283392e-09,1.0
288313492,1.734223384870244e-09,0.0,1.734223384870244e-09,1.0
289811442,1.725259694888099e-09,0.0,1.725259694888099e-09,1.0
291317176,1.7163423278550524e-09,0.0,1.7163423278550524e-09,1.0
292830732,1.707471058741198e-09,0.0,1.707471058741198e-09,1.0
294352153,1.6986456355221563e-09,0.0,1.6986456355221563e-09,1.0
295881478,1.6898658320207525e-09,0.0,1.6898658320207525e-09,1.0
297418748,1.6811314127379757e-09,0.0,1.6811314127379757e-09,1.0
298964006,1.6724421333851139e-09,0.0,1.6724421333851139e-09,1.0
300517292,1.6637977690814544e-09,0.0,1.6637977690814544e-09,1.0
302078648,1.6551980860295695e-09,0.0,1.6551980860295695e-09,1.0
303648117,1.6466428474509527e-09,0.0,1.6466428474509527e-09,1.0
305225739,1.6381318352709434e-09,0.0,1.6381318352709434e-09,1.0
306811559,1.6296648067291362e-09,0.0,1.6296648067291362e-09,1.0
308405617,1.6212415482692068e-09,0.0,1.6212415482692068e-09,1.0
310007958,1.6128618220826447e-09,0.0,1.6128618220826447e-09,1.0
311618624,1.604525408596888e-09,0.0,1.604525408596888e-09,1.0
313237658,1.5962320852239292e-09,0.0,1.5962320852239292e-09,1.0
314865103,1.5879816316132054e-09,0.0,1.5879816316132054e-09,1.0
316501005,1.5797738146202728e-09,0.0,1.5797738146202728e-09,1.0
318145405,1.5716084285422887e-09,0.0,1.5716084285422887e-09,1.0
319798350,1.5634852399957661e-09,0.0,1.5634852399957661e-09,1.0
321459882,1.5554040426108288e-09,0.0,1.5554040426108288e-09,1.0
323130047,1.5473646126136949e-09,0.0,1.5473646126136949e-09,1.0
324808889,1.5393667382052466e-09,0.0,1.5393667382052466e-09,1.0
326496454,1.531410200246769e-09,0.0,1.531410200246769e-09,1.0
328192787,1.5234947866175986e-09,0.0,1.5234947866175986e-09,1.0
329897933,1.515620287320806e-09,0.0,1.515620287320806e-09,1.0
331611938,1.507786489882038e-09,0.0,1.507786489882038e-09,1.0
333334849,1.4999931795310126e-09,0.0,1.4999931795310126e-09,1.0
335066711,1.492240152737823e-09,0.0,1.492240152737823e-09,1.0
336807571,1.4845271990634675e-09,0.0,1.4845271990634675e-09,1.0
338557475,1.4768541146521724e-09,0.0,1.4768541146521724e-09,1.0
340316472,1.4692206846808167e-09,0.0,1.4692206846808167e-09,1.0
342084607,1.4616267138848489e-09,0.0,1.4616267138848489e-09,1.0
343861929,1.4540719917848189e-09,0.0,1.4540719917848189e-09,1.0
345648485,1.4465563186252647e-09,0.0,1.4465563186252647e-09,1.0
347444324,1.4390794883153712e-09,0.0,1.4390794883153712e-09,1.0
349249492,1.4316413093021765e-09,0.0,1.4316413093021765e-09,1.0
351064040,1.4242415714238349e-09,0.0,1.4242415714238349e-09,1.0
352888015,1.4168800830484423e-09,0.0,1.4168800830484423e-09,1.0
354721467,1.4095566423669533e-09,0.0,1.4095566423669533e-09,1.0
356564444,1.4022710576268227e-09,0.0,1.4022710576268227e-09,1.0
358416997,1.3950231272095615e-09,0.0,1.3950231272095615e-09,1.0
360279175,1.3878126594466638e-09,0.0,1.3878126594466638e-09,1.0
362151028,1.3806394607279702e-09,0.0,1.3806394607279702e-09,1.0
364032606,1.3735033394233923e-09,0.0,1.3735033394233923e-09,1.0
365923960,1.3664041020981517e-09,0.0,1.3664041020981517e-09,1.0
367825141,1.3593415573515678e-09,0.0,1.3593415573515678e-09,1.0
369736199,1.3523155194225384e-09,0.0,1.3523155194225384e-09,1.0
371657187,1.3453257934710678e-09,0.0,1.3453257934710678e-09,1.0
373588155,1.3383721975874743e-09,0.0,1.3383721975874743e-09,1.0
375529155,1.3314545444547441e-09,0.0,1.3314545444547441e-09,1.0
377480240,1.3245726451800497e-09,0.0,1.3245726451800497e-09,1.0
379441463,1.3177263128990202e-09,0.0,1.3177263128990202e-09,1.0
381412874,1.310915373034839e-09,0.0,1.310915373034839e-09,1.0
383394529,1.3041396321020533e-09,0.0,1.3041396321020533e-09,1.0
385386479,1.29739891575179e-09,0.0,1.29739891575179e-09,1.0
387388778,1.2906930411907802e-09,0.0,1.2906930411907802e-09,1.0
389401481,1.2840218242518702e-09,0.0,1.2840218242518702e-09,1.0
391424641,1.2773850893050956e-09,0.0,1.2773850893050956e-09,1.0
393458312,1.2707826591804217e-09,0.0,1.2707826591804217e-09,1.0
395502549,1.2642143552910451e-09,0.0,1.2642143552910451e-09,1.0
397557407,1.2576800009161947e-09,0.0,1.2576800009161947e-09,1.0
399622941,1.2511794211534017e-09,0.0,1.2511794211534017e-09,1.0
401699207,1.244712439773375e-09,0.0,1.244712439773375e-09,1.0
403786261,1.2382788824011028e-09,0.0,1.2382788824011028e-09,1.0
405884157,1.2318785825385147e-09,0.0,1.2318785825385147e-09,1.0
407992954,1.225511360179029e-09,0.0,1.225511360179029e-09,1.0
410112707,1.2191770492983041e-09,0.0,1.2191770492983041e-09,1.0
412243473,1.2128754795348815e-09,0.0,1.2128754795348815e-09,1.0
414385309,1.2066064822775848e-09,0.0,1.2066064822775848e-09,1.0
416538274,1.2003698848572076e-09,0.0,1.2003698848572076e-09,1.0
418702425,1.1941655222082843e-09,0.0,1.1941655222082843e-09,1.0
420877819,1.187993230881098e-09,0.0,1.187993230881098e-09,1.0
423064516,1.1818528406197035e-09,0.0,1.1818528406197035e-09,1.0
425262574,1.1757441885774786e-09,0.0,1.1757441885774786e-09,1.0
427472052,1.1696671107752325e-09,0.0,1.1696671107752325e-09,1.0
429693010,1.1636214422012589e-09,0.0,1.1636214422012589e-09,1.0
431925507,1.1576070222683098e-09,0.0,1.1576070222683098e-09,1.0
434169603,1.1516236893258508e-09,0.0,1.1516236893258508e-09,1.0
436425358,1.1456712833812924e-09,0.0,1.1456712833812924e-09,1.0
438692833,1.1397496434595274e-09,0.0,1.1397496434595274e-09,1.0
440972089,1.133858610266828e-09,0.0,1.133858610266828e-09,1.0
443263187,1.127998026147838e-09,0.0,1.127998026147838e-09,1.0
445566189,1.1221677325251445e-09,0.0,1.1221677325251445e-09,1.0
447881156,1.1163675749733931e-09,0.0,1.1163675749733931e-09,1.0
450208150,1.1105973981146276e-09,0.0,1.1105973981146276e-09,1.0
452547235,1.104857043265329e-09,0.0,1.104857043265329e-09,1.0
454898472,1.0991463607290375e-09,0.0,1.0991463607290375e-09,1.0
457261925,1.0934651950301788e-09,0.0,1.0934651950301788e-09,1.0
459637658,1.0878133923482832e-09,0.0,1.0878133923482832e-09,1.0
462025734,1.0821908028179227e-09,0.0,1.0821908028179227e-09,1.0
464426218,1.0765972734123291e-09,0.0,1.0765972734123291e-09,1.0
466839173,1.0710326573215826e-09,0.0,1.0710326573215826e-09,1.0
469264665,1.0654968023215642e-09,0.0,1.0654968023215642e-09,1.0
471702759,1.0599895600780237e-09,0.0,1.0599895600780237e-09,1.0
474153520,1.0545107837647182e-09,0.0,1.0545107837647182e-09,1.0
476617014,1.049060325823786e-09,0.0,1.049060325823786e-09,1.0
479093308,1.0436380380416417e-09,0.0,1.0436380380416417e-09,1.0
481582467,1.0382437780900358e-09,0.0,1.0382437780900358e-09,1.0
484084559,1.0328773985951492e-09,0.0,1.0328773985951492e-09,1.0
486599650,1.0275387579912974e-09,0.0,1.0275387579912974e-09,1.0
489127809,1.0222277098131625e-09,0.0,1.0222277098131625e-09,1.0
491669103,1.0169441133257462e-09,0.0,1.0169441133257462e-09,1.0
494223601,1.0116878250822343e-09,0.0,1.0116878250822343e-09,1.0
496791370,1.006458707203388e-09,0.0,1.006458707203388e-09,1.0
499372481,1.0012566150997016e-09,0.0,1.0012566150997016e-09,1.0
501967002,9.960814117418817e-10,0.0,9.960814117418817e-10,1.0
504575002,9.909329594572344e-10,0.0,9.909329594572344e-10,1.0
507196553,9.858111161098527e-10,0.0,9.858111161098527e-10,1.0
509831725,9.807157449842886e-10,0.0,9.807157449842886e-10,1.0
512480587,9.756467126431854e-10,0.0,9.756467126431854e-10,1.0
515143212,9.706038793732567e-10,0.0,9.706038793732567e-10,1.0
517819671,9.655871107299051e-10,0.0,9.655871107299051e-10,1.0
520510035,9.605962736145904e-10,0.0,9.605962736145904e-10,1.0
523214377,9.55631232587479e-10,0.0,9.55631232587479e-10,1.0
525932770,9.506918536374907e-10,0.0,9.506918536374907e-10,1.0
528665287,9.457780041457498e-10,0.0,9.457780041457498e-10,1.0
531412000,9.408895546205204e-10,0.0,9.408895546205204e-10,1.0
534172985,9.360263698097723e-10,0.0,9.360263698097723e-10,1.0
536948314,9.311883229043904e-10,0.0,9.311883229043904e-10,1.0
539738062,9.263752831276146e-10,0.0,9.263752831276146e-10,1.0
542542305,9.215871193675856e-10,0.0,9.215871193675856e-10,1.0
545361117,9.168237052734362e-10,0.0,9.168237052734362e-10,1.0
548194575,9.120849107271812e-10,0.0,9.120849107271812e-10,1.0
551042754,9.07370610302953e-10,0.0,9.07370610302953e-10,1.0
553905731,9.026806765427744e-10,0.0,9.026806765427744e-10,1.0
556783583,8.980149833189317e-10,0.0,8.980149833189317e-10,1.0
559676387,8.933734057999484e-10,0.0,8.933734057999484e-10,1.0
562584220,8.887558204174301e-10,0.0,8.887558204174301e-10,1.0
565507162,8.841621001433046e-10,0.0,8.841621001433046e-10,1.0
568445289,8.79592125531715e-10,0.0,8.79592125531715e-10,1.0
571398682,8.750457705815989e-10,0.0,8.750457705815989e-10,1.0
574367420,8.705229137126197e-10,0.0,8.705229137126197e-10,1.0
577351581,8.660234360733482e-10,0.0,8.660234360733482e-10,1.0
580351248,8.615472125253361e-10,0.0,8.615472125253361e-10,1.0
583366499,8.570941266889582e-10,0.0,8.570941266889582e-10,1.0
586397416,8.526640574418902e-10,0.0,8.526640574418902e-10,1.0
589444080,8.482568863869156e-10,0.0,8.482568863869156e-10,1.0
592506573,8.438724948963562e-10,0.0,8.438724948963562e-10,1.0
595584978,8.395107641549683e-10,0.0,8.395107641549683e-10,1.0
598679377,8.351715779914029e-10,0.0,8.351715779914029e-10,1.0
601789853,8.308548200130586e-10,0.0,8.308548200130586e-10,1.0
604916490,8.265603736476088e-10,0.0,8.265603736476088e-10,1.0
608059371,8.222881248877258e-10,0.0,8.222881248877258e-10,1.0
611218582,8.180379568368555e-10,0.0,8.180379568368555e-10,1.0
614394206,8.138097578348582e-10,0.0,8.138097578348582e-10,1.0
617586329,8.096034133553498e-10,0.0,8.096034133553498e-10,1.0
620795038,8.054188087759812e-10,0.0,8.054188087759812e-10,1.0
624020417,8.012558345506827e-10,0.0,8.012558345506827e-10,1.0
627262554,7.971143770842727e-10,0.0,7.971143770842727e-10,1.0
630521536,7.92994325256481e-10,0.0,7.92994325256481e-10,1.0
633797450,7.888955690812578e-10,0.0,7.888955690812578e-10,1.0
637090384,7.848179984458846e-10,0.0,7.848179984458846e-10,1.0
640400427,7.807615031462182e-10,0.0,7.807615031462182e-10,1.0
643727667,7.76725975333914e-10,0.0,7.76725975333914e-10,1.0
647072194,7.727113058423277e-10,0.0,7.727113058423277e-10,1.0
650434098,7.687173866459873e-10,0.0,7.687173866459873e-10,1.0
653813469,7.647441108314028e-10,0.0,7.647441108314028e-10,1.0
657210398,7.607913714110165e-10,0.0,7.607913714110165e-10,1.0
660624975,7.568590636465114e-10,0.0,7.568590636465114e-10,1.0
664057294,7.529470792922274e-10,0.0,7.529470792922274e-10,1.0
667507445,7.49055315780036e-10,0.0,7.49055315780036e-10,1.0
670975521,7.451836681833286e-10,0.0,7.451836681833286e-10,1.0
674461616,7.413320315621935e-10,0.0,7.413320315621935e-10,1.0
677965824,7.375003020801238e-10,0.0,7.375003020801238e-10,1.0
681488237,7.336883791289856e-10,0.0,7.336883791289856e-10,1.0
685028952,7.298961577320311e-10,0.0,7.298961577320311e-10,1.0
688588063,7.261235372301247e-10,0.0,7.261235372301247e-10,1.0
692165665,7.223704169145691e-10,0.0,7.223704169145691e-10,1.0
695761855,7.186366950226094e-10,0.0,7.186366950226094e-10,1.0
699376729,7.149222718847426e-10,0.0,7.149222718847426e-10,1.0
703010384,7.112270478212453e-10,0.0,7.112270478212453e-10,1.0
706662919,7.075509221674613e-10,0.0,7.075509221674613e-10,1.0
710334430,7.038937983056798e-10,0.0,7.038937983056798e-10,1.0
714025017,7.002555766193833e-10,0.0,7.002555766193833e-10,1.0
717734778,6.96636160495486e-10,0.0,6.96636160495486e-10,1.0
721463814,6.930354513941014e-10,0.0,6.930354513941014e-10,1.0
725212224,6.894533537261501e-10,0.0,6.894533537261501e-10,1.0
728980110,6.858897700240409e-10,0.0,6.858897700240409e-10,1.0
732767571,6.823446066501761e-10,0.0,6.823446066501761e-10,1.0
736574711,6.788177662537209e-10,0.0,6.788177662537209e-10,1.0
740401631,6.753091552819661e-10,0.0,6.753091552819661e-10,1.0
744248433,6.718186802013731e-10,0.0,6.718186802013731e-10,1.0
748115223,6.683462448404155e-10,0.0,6.683462448404155e-10,1.0
752002102,6.648917585073452e-10,0.0,6.648917585073452e-10,1.0
755909176,6.614551269847265e-10,0.0,6.614551269847265e-10,1.0
759836549,6.580362587954426e-10,0.0,6.580362587954426e-10,1.0
763784327,6.54635061659232e-10,0.0,6.54635061659232e-10,1.0
767752616,6.512514442542779e-10,0.0,6.512514442542779e-10,1.0
771741523,6.478853153531821e-10,0.0,6.478853153531821e-10,1.0
775751154,6.445365855040674e-10,0.0,6.445365855040674e-10,1.0
779781618,6.412051636744276e-10,0.0,6.412051636744276e-10,1.0
783833022,6.378909614246898e-10,0.0,6.378909614246898e-10,1.0
787905475,6.345938895779344e-10,0.0,6.345938895779344e-10,1.0
791999087,6.313138590777188e-10,0.0,6.313138590777188e-10,1.0
796113968,6.280507817945985e-10,0.0,6.280507817945985e-10,1.0
800250227,6.248045712831769e-10,0.0,6.248045712831769e-10,1.0
804407977,6.215751388551931e-10,0.0,6.215751388551931e-10,1.0
808587329,6.183623983056504e-10,0.0,6.183623983056504e-10,1.0
812788395,6.151662635389867e-10,0.0,6.151662635389867e-10,1.0
817011288,6.119866485859373e-10,0.0,6.119866485859373e-10,1.0
821256121,6.088234683610961e-10,0.0,6.088234683610961e-10,1.0
825523008,6.056766379066203e-10,0.0,6.056766379066203e-10,1.0
829812065,6.025460716819054e-10,0.0,6.025460716819054e-10,1.0
834123405,5.994316872094004e-10,0.0,5.994316872094004e-10,1.0
838457145,5.963333999616641e-10,0.0,5.963333999616641e-10,1.0
842813401,5.932511270071749e-10,0.0,5.932511270071749e-10,1.0
847192291,5.901847848613155e-10,0.0,5.901847848613155e-10,1.0
851593931,5.871342922945279e-10,0.0,5.871342922945279e-10,1.0
856018441,5.840995661447438e-10,0.0,5.840995661447438e-10,1.0
860465938,5.810805261648835e-10,0.0,5.810805261648835e-10,1.0
864936542,5.780770908855877e-10,0.0,5.780770908855877e-10,1.0
869430374,5.750891790214819e-10,0.0,5.750891790214819e-10,1.0
873947554,5.721167107929225e-10,0.0,5.721167107929225e-10,1.0
878488203,5.691596065747055e-10,0.0,5.691596065747055e-10,1.0
883052443,5.662177869089481e-10,0.0,5.662177869089481e-10,1.0
887640397,5.632911725174671e-10,0.0,5.632911725174671e-10,1.0
892252188,5.603796849417197e-10,0.0,5.603796849417197e-10,1.0
896887940,5.574832459002626e-10,0.0,5.574832459002626e-10,1.0
901547777,5.546017779155369e-10,0.0,5.546017779155369e-10,1.0
906231825,5.51735203075659e-10,0.0,5.51735203075659e-10,1.0
910940209,5.488834448848003e-10,0.0,5.488834448848003e-10,1.0
915673056,5.460464264223146e-10,0.0,5.460464264223146e-10,1.0
920430492,5.432240721551411e-10,0.0,5.432240721551411e-10,1.0
925212646,5.404163055505837e-10,0.0,5.404163055505837e-10,1.0
930019646,5.376230514597107e-10,0.0,5.376230514597107e-10,1.0
934851621,5.348442349227097e-10,0.0,5.348442349227097e-10,1.0
939708701,5.320797811789124e-10,0.0,5.320797811789124e-10,1.0
944591016,5.293296162367904e-10,0.0,5.293296162367904e-10,1.0
949498698,5.265936657450793e-10,0.0,5.265936657450793e-10,1.0
954431877,5.238718572263277e-10,0.0,5.238718572263277e-10,1.0
959390688,5.211641161978841e-10,0.0,5.211641161978841e-10,1.0
964375262,5.184703711323528e-10,0.0,5.184703711323528e-10,1.0
969385734,5.157905490694997e-10,0.0,5.157905490694997e-10,1.0
974422238,5.131245783411605e-10,0.0,5.131245783411605e-10,1.0
979484909,5.104723874821843e-10,0.0,5.104723874821843e-10,1.0
984573884,5.078339047229897e-10,0.0,5.078339047229897e-10,1.0
989689299,5.052090595555687e-10,0.0,5.052090595555687e-10,1.0
994831291,5.025977816775367e-10,0.0,5.025977816775367e-10,1.0
1000000000,5e-10,0.0,5e-10,1.0
