N,mayor_a_menor,menor_a_mayor,randomizada,kahan,referencia_N_sobre_N_mas_1,error_mayor_a_menor,error_menor_a_mayor,error_randomizada,error_kahan,semilla_barrido_aleatorio
10,0.9090909090909091,0.9090909090909091,0.9090909090909091,0.9090909090909091,0.9090909090909091,0.0,0.0,0.0,0.0,20260912
20,0.9523809523809522,0.9523809523809523,0.9523809523809522,0.9523809523809523,0.9523809523809523,1.1657341758564144e-16,0.0,1.1657341758564144e-16,0.0,20260912
30,0.9677419354838708,0.9677419354838709,0.9677419354838708,0.967741935483871,0.967741935483871,2.2944609175586566e-16,1.1472304587793283e-16,2.2944609175586566e-16,0.0,20260912
40,0.9756097560975606,0.975609756097561,0.9756097560975606,0.975609756097561,0.975609756097561,3.4139358007223566e-16,0.0,3.4139358007223566e-16,0.0,20260912
50,0.9803921568627446,0.9803921568627451,0.9803921568627446,0.9803921568627451,0.9803921568627451,4.529709940470639e-16,0.0,4.529709940470639e-16,0.0,20260912
60,0.9836065573770487,0.9836065573770492,0.9836065573770492,0.9836065573770492,0.9836065573770492,4.51490696680897e-16,0.0,0.0,0.0,20260912
70,0.9859154929577462,0.9859154929577464,0.985915492957746,0.9859154929577465,0.9859154929577465,3.378250060645119e-16,1.126083353548373e-16,4.504333414193492e-16,0.0,20260912
80,0.9876543209876542,0.9876543209876543,0.9876543209876545,0.9876543209876543,0.9876543209876543,1.124100812432971e-16,0.0,2.248201624865942e-16,0.0,20260912
90,0.9890109890109888,0.9890109890109889,0.9890109890109888,0.989010989010989,0.989010989010989,2.245117672019761e-16,1.1225588360098805e-16,2.245117672019761e-16,0.0,20260912
100,0.9900990099009898,0.9900990099009901,0.99009900990099,0.9900990099009901,0.9900990099009901,3.3639757646142246e-16,0.0,1.121325254871408e-16,0.0,20260912
110,0.9909909909909906,0.990990990990991,0.9909909909909907,0.990990990990991,0.990990990990991,3.360947883637974e-16,0.0,2.240631922425316e-16,0.0,20260912
120,0.9917355371900822,0.9917355371900826,0.9917355371900822,0.9917355371900827,0.9917355371900827,4.477899532654798e-16,1.1194748831636995e-16,4.477899532654798e-16,0.0,20260912
130,0.99236641221374,0.9923664122137404,0.99236641221374,0.9923664122137404,0.9923664122137404,4.475052806950631e-16,0.0,4.475052806950631e-16,0.0,20260912
140,0.9929078014184393,0.9929078014184397,0.9929078014184393,0.9929078014184397,0.9929078014184397,4.472612756347059e-16,0.0,4.472612756347059e-16,0.0,20260912
150,0.9933774834437081,0.9933774834437086,0.9933774834437085,0.9933774834437086,0.9933774834437086,4.470498045823963e-16,0.0,1.1176245114559908e-16,0.0,20260912
160,0.9937888198757759,0.9937888198757764,0.9937888198757762,0.9937888198757764,0.9937888198757764,4.468647674116255e-16,0.0,2.2343238370581277e-16,0.0,20260912
170,0.9941520467836251,0.9941520467836257,0.9941520467836252,0.9941520467836257,0.9941520467836257,5.583768741497111e-16,0.0,4.467014993197689e-16,0.0,20260912
180,0.9944751381215463,0.9944751381215469,0.9944751381215468,0.994475138121547,0.994475138121547,6.698345581905111e-16,1.1163909303175185e-16,2.232781860635037e-16,0.0,20260912
190,0.9947643979057583,0.9947643979057591,0.9947643979057592,0.9947643979057591,0.9947643979057592,8.928530429617049e-16,1.116066303702131e-16,0.0,1.116066303702131e-16,20260912
200,0.9950248756218899,0.9950248756218905,0.9950248756218906,0.9950248756218906,0.9950248756218906,6.694644838489694e-16,1.1157741397482822e-16,0.0,0.0,20260912
210,0.9952606635071084,0.995260663507109,0.9952606635071085,0.995260663507109,0.995260663507109,5.577549004664477e-16,0.0,4.462039203731581e-16,0.0,20260912
220,0.9954751131221713,0.9954751131221719,0.9954751131221717,0.995475113122172,0.995475113122172,6.691616957513444e-16,1.1152694929189073e-16,2.2305389858378147e-16,0.0,20260912
230,0.9956709956709952,0.9956709956709956,0.9956709956709955,0.9956709956709957,0.9956709956709957,5.575250406269807e-16,1.1150500812539615e-16,2.230100162507923e-16,0.0,20260912
240,0.9958506224066385,0.995850622406639,0.9958506224066389,0.995850622406639,0.995850622406639,5.57424476947214e-16,0.0,1.114848953894428e-16,0.0,20260912
250,0.9960159362549796,0.9960159362549801,0.9960159362549801,0.9960159362549801,0.9960159362549801,4.458655666894629e-16,0.0,0.0,0.0,20260912
260,0.9961685823754785,0.9961685823754789,0.9961685823754785,0.9961685823754789,0.9961685823754789,4.457972452725629e-16,0.0,4.457972452725629e-16,0.0,20260912
270,0.9963099630996306,0.9963099630996309,0.9963099630996306,0.9963099630996309,0.996309963099631,4.457339847013591e-16,1.1143349617533977e-16,4.457339847013591e-16,1.1143349617533977e-16,20260912
280,0.9964412811387897,0.9964412811387899,0.9964412811387898,0.99644128113879,0.99644128113879,3.342564320567882e-16,1.1141881068559607e-16,2.2283762137119213e-16,0.0,20260912
290,0.9965635738831613,0.9965635738831614,0.9965635738831613,0.9965635738831615,0.9965635738831615,2.228102759764969e-16,1.1140513798824846e-16,2.228102759764969e-16,0.0,20260912
300,0.9966777408637874,0.9966777408637874,0.9966777408637874,0.9966777408637874,0.9966777408637874,0.0,0.0,0.0,0.0,20260912
310,0.9967845659163985,0.9967845659163986,0.9967845659163986,0.9967845659163987,0.9967845659163987,2.227608778441443e-16,1.1138043892207215e-16,1.1138043892207215e-16,0.0,20260912
320,0.996884735202492,0.9968847352024922,0.9968847352024919,0.9968847352024922,0.9968847352024922,2.2273849431542204e-16,0.0,3.3410774147313304e-16,0.0,20260912
330,0.9969788519637461,0.9969788519637461,0.9969788519637466,0.9969788519637462,0.9969788519637462,1.1135873368209902e-16,1.1135873368209902e-16,3.3407620104629707e-16,0.0,20260912
340,0.9970674486803519,0.9970674486803519,0.9970674486803519,0.9970674486803519,0.9970674486803519,0.0,0.0,0.0,0.0,20260912
350,0.9971509971509971,0.9971509971509971,0.9971509971509978,0.9971509971509971,0.9971509971509972,1.1133950904098e-16,1.1133950904098e-16,5.566975452048999e-16,1.1133950904098e-16,20260912
360,0.9972299168975068,0.9972299168975068,0.997229916897507,0.997229916897507,0.997229916897507,1.1133069774713375e-16,1.1133069774713375e-16,0.0,0.0,20260912
370,0.9973045822102427,0.9973045822102425,0.9973045822102424,0.9973045822102425,0.9973045822102425,1.1132236273944137e-16,0.0,1.1132236273944137e-16,0.0,20260912
380,0.9973753280839897,0.9973753280839894,0.9973753280839894,0.9973753280839894,0.9973753280839895,1.1131446641636437e-16,1.1131446641636437e-16,1.1131446641636437e-16,1.1131446641636437e-16,20260912
390,0.9974424552429668,0.9974424552429667,0.9974424552429668,0.9974424552429667,0.9974424552429667,1.1130697503293236e-16,0.0,1.1130697503293236e-16,0.0,20260912
400,0.9975062344139652,0.997506234413965,0.9975062344139647,0.997506234413965,0.9975062344139651,1.1129985821867194e-16,1.1129985821867194e-16,4.451994328746877e-16,1.1129985821867194e-16,20260912
410,0.9975669099756693,0.9975669099756691,0.9975669099756689,0.9975669099756691,0.9975669099756691,2.2258617713216553e-16,0.0,2.2258617713216553e-16,0.0,20260912
420,0.9976247030878862,0.997624703087886,0.9976247030878863,0.997624703087886,0.997624703087886,2.225732825558052e-16,0.0,3.338599238337078e-16,0.0,20260912
430,0.997679814385151,0.9976798143851507,0.9976798143851509,0.9976798143851507,0.9976798143851509,1.1128049386359128e-16,1.1128049386359128e-16,0.0,1.1128049386359128e-16,20260912
440,0.9977324263038551,0.9977324263038548,0.9977324263038551,0.9977324263038548,0.9977324263038548,2.2254925175440636e-16,0.0,2.2254925175440636e-16,0.0,20260912
450,0.9977827050997784,0.9977827050997782,0.9977827050997782,0.9977827050997783,0.9977827050997783,1.1126901869021012e-16,1.1126901869021012e-16,1.1126901869021012e-16,0.0,20260912
460,0.9978308026030372,0.9978308026030368,0.9978308026030365,0.9978308026030369,0.9978308026030369,3.337909658818677e-16,1.112636552939559e-16,4.450546211758236e-16,0.0,20260912
470,0.9978768577494695,0.9978768577494692,0.9978768577494691,0.9978768577494692,0.9978768577494692,3.3377556038198857e-16,0.0,1.1125852012732952e-16,0.0,20260912
480,0.9979209979209982,0.9979209979209979,0.9979209979209976,0.9979209979209979,0.997920997920998,2.2250719785195843e-16,1.1125359892597922e-16,3.3376079677793765e-16,1.1125359892597922e-16,20260912
490,0.9979633401221997,0.9979633401221996,0.9979633401221998,0.9979633401221996,0.9979633401221996,1.1124887858999018e-16,0.0,2.2249775717998036e-16,0.0,20260912
500,0.998003992015968,0.998003992015968,0.9980039920159676,0.998003992015968,0.998003992015968,0.0,0.0,4.449773882697627e-16,0.0,20260912
510,0.9980430528375734,0.9980430528375733,0.9980430528375733,0.9980430528375733,0.9980430528375733,1.1123999325165784e-16,0.0,0.0,0.0,20260912
520,0.998080614203455,0.9980806142034548,0.9980806142034546,0.9980806142034548,0.9980806142034548,1.1123580689032818e-16,0.0,2.2247161378065637e-16,0.0,20260912
530,0.9981167608286254,0.9981167608286252,0.9981167608286255,0.9981167608286252,0.9981167608286252,2.2246355700979554e-16,0.0,3.3369533551469326e-16,0.0,20260912
540,0.9981515711645104,0.9981515711645101,0.9981515711645109,0.9981515711645101,0.9981515711645101,2.224557986378554e-16,0.0,7.785952952324941e-16,0.0,20260912
550,0.9981851179673324,0.9981851179673321,0.9981851179673308,0.9981851179673321,0.9981851179673321,3.3367248358279704e-16,0.0,1.3346899343311882e-15,0.0,20260912
560,0.9982174688057044,0.9982174688057041,0.9982174688057031,0.9982174688057041,0.9982174688057041,3.336616697221676e-16,0.0,1.0009850091665028e-15,0.0,20260912
570,0.9982486865148863,0.9982486865148861,0.998248686514886,0.9982486865148862,0.9982486865148862,1.1121707843174814e-16,1.1121707843174814e-16,2.224341568634963e-16,0.0,20260912
580,0.9982788296041308,0.9982788296041307,0.9982788296041305,0.9982788296041308,0.9982788296041308,0.0,1.1121372022538205e-16,3.3364116067614616e-16,0.0,20260912
590,0.9983079526226735,0.9983079526226734,0.9983079526226738,0.9983079526226735,0.9983079526226735,0.0,1.112104758565199e-16,3.3363142756955973e-16,0.0,20260912
600,0.9983361064891848,0.9983361064891847,0.9983361064891846,0.9983361064891847,0.9983361064891847,1.1120733963328652e-16,0.0,1.1120733963328652e-16,0.0,20260912
610,0.998363338788871,0.9983633387888706,0.9983633387888702,0.9983633387888707,0.9983633387888707,2.2240861247408873e-16,1.1120430623704437e-16,5.560215311852218e-16,0.0,20260912
620,0.9983896940418681,0.998389694041868,0.9983896940418674,0.998389694041868,0.998389694041868,1.1120137069229391e-16,0.0,5.560068534614695e-16,0.0,20260912
630,0.9984152139461174,0.9984152139461172,0.9984152139461174,0.9984152139461172,0.9984152139461173,1.1119852833944028e-16,1.1119852833944028e-16,1.1119852833944028e-16,1.1119852833944028e-16,20260912
640,0.9984399375975038,0.9984399375975038,0.9984399375975038,0.9984399375975039,0.9984399375975039,1.1119577481011332e-16,1.1119577481011332e-16,1.1119577481011332e-16,0.0,20260912
650,0.9984639016897081,0.9984639016897081,0.9984639016897077,0.9984639016897081,0.9984639016897081,0.0,0.0,4.447724240190627e-16,0.0,20260912
660,0.9984871406959155,0.9984871406959153,0.9984871406959154,0.9984871406959153,0.9984871406959153,2.223810361446147e-16,0.0,1.1119051807230734e-16,0.0,20260912
670,0.9985096870342774,0.9985096870342771,0.9985096870342771,0.9985096870342772,0.9985096870342772,2.223760147831284e-16,1.111880073915642e-16,1.111880073915642e-16,0.0,20260912
680,0.998531571218796,0.9985315712187959,0.9985315712187963,0.9985315712187959,0.9985315712187959,1.111855705543723e-16,0.0,4.447422822174892e-16,0.0,20260912
690,0.9985528219971058,0.9985528219971056,0.9985528219971055,0.9985528219971056,0.9985528219971056,2.22366408700285e-16,0.0,1.111832043501425e-16,0.0,20260912
700,0.9985734664764625,0.9985734664764622,0.9985734664764626,0.9985734664764622,0.9985734664764622,3.335427172552435e-16,0.0,4.447236230069913e-16,0.0,20260912
710,0.9985935302391002,0.9985935302390998,0.9985935302390991,0.9985935302390998,0.9985935302390999,3.335360157078111e-16,1.111786719026037e-16,7.782507033182259e-16,1.111786719026037e-16,20260912
720,0.9986130374479892,0.9986130374479889,0.9986130374479883,0.9986130374479889,0.9986130374479889,3.3352950031447413e-16,0.0,5.558825005241235e-16,0.0,20260912
730,0.9986320109439129,0.9986320109439124,0.998632010943913,0.9986320109439124,0.9986320109439124,4.446975512334189e-16,0.0,5.558719390417736e-16,0.0,20260912
740,0.9986504723346832,0.9986504723346828,0.9986504723346831,0.9986504723346828,0.9986504723346828,3.3351699780293555e-16,0.0,2.2234466520195705e-16,0.0,20260912
750,0.9986684420772307,0.9986684420772303,0.9986684420772308,0.9986684420772304,0.9986684420772304,3.3351099659739703e-16,1.1117033219913235e-16,4.446813287965294e-16,0.0,20260912
760,0.9986859395532198,0.9986859395532194,0.9986859395532198,0.9986859395532194,0.9986859395532195,3.3350515331832003e-16,1.1116838443944e-16,3.3350515331832003e-16,1.1116838443944e-16,20260912
770,0.9987029831387813,0.9987029831387808,0.998702983138781,0.9987029831387808,0.9987029831387808,4.446659490836342e-16,0.0,2.223329745418171e-16,0.0,20260912
780,0.9987195902688863,0.998719590268886,0.9987195902688863,0.998719590268886,0.998719590268886,3.33493916243172e-16,0.0,3.33493916243172e-16,0.0,20260912
790,0.9987357774968397,0.9987357774968394,0.9987357774968392,0.9987357774968394,0.9987357774968394,3.3348851106778437e-16,0.0,2.223256740451896e-16,0.0,20260912
800,0.9987515605493137,0.9987515605493134,0.9987515605493129,0.9987515605493134,0.9987515605493134,3.334832410217814e-16,0.0,4.446443213623752e-16,0.0,20260912
810,0.9987669543773122,0.9987669543773119,0.9987669543773119,0.998766954377312,0.998766954377312,2.2231873406691403e-16,1.1115936703345702e-16,1.1115936703345702e-16,0.0,20260912
820,0.9987819732034109,0.9987819732034104,0.9987819732034099,0.9987819732034104,0.9987819732034104,4.446307820571968e-16,0.0,5.55788477571496e-16,0.0,20260912
830,0.998796630565584,0.9987966305655835,0.9987966305655832,0.9987966305655837,0.9987966305655837,3.3346819281813434e-16,1.1115606427271145e-16,4.446242570908458e-16,0.0,20260912
840,0.9988109393579075,0.9988109393579072,0.9988109393579062,0.9988109393579072,0.9988109393579072,3.3346341561062737e-16,0.0,1.0003902468318822e-15,0.0,20260912
850,0.9988249118683903,0.9988249118683901,0.9988249118683904,0.9988249118683901,0.9988249118683902,1.1115291693600097e-16,1.1115291693600097e-16,2.2230583387200194e-16,1.1115291693600097e-16,20260912
860,0.9988385598141697,0.9988385598141696,0.9988385598141698,0.9988385598141696,0.9988385598141696,1.1115139816305345e-16,0.0,2.223027963261069e-16,0.0,20260912
870,0.9988518943742826,0.9988518943742823,0.9988518943742821,0.9988518943742825,0.9988518943742825,1.111499143044266e-16,1.111499143044266e-16,3.3344974291327976e-16,0.0,20260912
880,0.9988649262202045,0.9988649262202043,0.9988649262202042,0.9988649262202043,0.9988649262202043,2.2229692833971886e-16,0.0,1.1114846416985943e-16,0.0,20260912
890,0.9988776655443325,0.9988776655443322,0.9988776655443321,0.9988776655443322,0.9988776655443322,3.3344113986775767e-16,0.0,1.111470466225859e-16,0.0,20260912
900,0.9988901220865709,0.9988901220865705,0.9988901220865701,0.9988901220865705,0.9988901220865705,4.445826423054516e-16,0.0,3.334369817290887e-16,0.0,20260912
910,0.9989023051591662,0.9989023051591657,0.9989023051591653,0.9989023051591658,0.9989023051591658,4.44577219970777e-16,1.1114430499269424e-16,4.44577219970777e-16,0.0,20260912
920,0.9989142236699247,0.998914223669924,0.9989142236699239,0.998914223669924,0.998914223669924,6.668578732694146e-16,0.0,1.1114297887823577e-16,0.0,20260912
930,0.9989258861439319,0.9989258861439312,0.9989258861439314,0.9989258861439313,0.9989258861439313,5.557084064118391e-16,1.111416812823678e-16,1.111416812823678e-16,0.0,20260912
940,0.9989373007438902,0.9989373007438894,0.9989373007438892,0.9989373007438894,0.9989373007438895,6.668424677695355e-16,1.111404112949226e-16,3.3342123388476774e-16,1.111404112949226e-16,20260912
950,0.9989484752891702,0.9989484752891693,0.9989484752891703,0.9989484752891693,0.9989484752891693,8.891133443524412e-16,0.0,1.0002525123964963e-15,0.0,20260912
960,0.9989594172736741,0.9989594172736732,0.9989594172736734,0.9989594172736732,0.9989594172736732,8.891036055539795e-16,0.0,2.2227590138849487e-16,0.0,20260912
970,0.9989701338825961,0.9989701338825953,0.998970133882596,0.9989701338825953,0.9989701338825953,8.890940675554862e-16,0.0,7.779573091110504e-16,0.0,20260912
980,0.9989806320081558,0.9989806320081549,0.9989806320081553,0.9989806320081549,0.9989806320081549,8.890847242100234e-16,0.0,4.445423621050117e-16,0.0,20260912
990,0.9989909182643801,0.9989909182643794,0.9989909182643796,0.9989909182643794,0.9989909182643795,6.668066772142607e-16,1.1113444620237677e-16,1.1113444620237677e-16,1.1113444620237677e-16,20260912
1000,0.9990009990009997,0.9990009990009989,0.9990009990009997,0.999000999000999,0.999000999000999,6.66799948589869e-16,1.1113332476497816e-16,6.66799948589869e-16,0.0,20260912
1010,0.9990108803165191,0.9990108803165183,0.9990108803165184,0.9990108803165183,0.9990108803165183,7.77925578739825e-16,0.0,1.1113222553426072e-16,0.0,20260912
1020,0.99902056807052,0.9990205680705191,0.9990205680705191,0.9990205680705191,0.9990205680705191,8.89049182856694e-16,0.0,0.0,0.0,20260912
1030,0.9990300678952482,0.9990300678952473,0.9990300678952475,0.9990300678952473,0.9990300678952473,8.890407288454652e-16,0.0,2.222601822113663e-16,0.0,20260912
1040,0.9990393852065331,0.9990393852065321,0.9990393852065335,0.9990393852065321,0.9990393852065321,1.0001614920877973e-15,0.0,1.3335486561170631e-15,0.0,20260912
1050,0.9990485252140827,0.9990485252140818,0.9990485252140816,0.9990485252140818,0.9990485252140818,8.890243039093635e-16,0.0,2.222560759773409e-16,0.0,20260912
1060,0.9990574929311979,0.9990574929311969,0.999057492931197,0.9990574929311969,0.9990574929311969,1.0001433643533604e-15,0.0,1.1112704048370671e-16,0.0,20260912
1070,0.9990662931839415,0.9990662931839402,0.9990662931839415,0.9990662931839402,0.9990662931839402,1.2223866778606514e-15,0.0,1.2223866778606514e-15,0.0,20260912
1080,0.9990749306197976,0.9990749306197965,0.9990749306197975,0.9990749306197965,0.9990749306197965,1.1112510089072169e-15,0.0,1.0001259080164951e-15,0.0,20260912
1090,0.9990834097158581,0.999083409715857,0.999083409715857,0.999083409715857,0.999083409715857,1.1112415778587576e-15,0.0,0.0,0.0,20260912
1100,0.9990917347865589,0.9990917347865577,0.9990917347865574,0.9990917347865577,0.9990917347865577,1.2223555501122973e-15,0.0,2.2224646365678135e-16,0.0,20260912
1110,0.9990999099910002,0.9990999099909991,0.9990999099909995,0.9990999099909991,0.9990999099909991,1.1112232255482423e-15,0.0,4.444892902192969e-16,0.0,20260912
1120,0.9991079393398763,0.9991079393398751,0.9991079393398762,0.9991079393398751,0.9991079393398751,1.2223357247011434e-15,0.0,1.1112142951828575e-15,0.0,20260912
1130,0.9991158267020346,0.9991158267020336,0.9991158267020347,0.9991158267020336,0.9991158267020336,1.0000849705893335e-15,0.0,1.1112055228770372e-15,0.0,20260912
1140,0.9991235758106933,0.9991235758106923,0.9991235758106927,0.9991235758106923,0.9991235758106923,1.0000772140241871e-15,0.0,3.3335907134139573e-16,0.0,20260912
1150,0.9991311902693318,0.999131190269331,0.999131190269332,0.999131190269331,0.9991311902693311,7.778319051656423e-16,1.1111884359509176e-16,8.88950748760734e-16,1.1111884359509176e-16,20260912
1160,0.9991386735572789,0.9991386735572781,0.9991386735572784,0.9991386735572781,0.9991386735572783,6.667080680636931e-16,1.1111801134394885e-16,1.1111801134394885e-16,1.1111801134394885e-16,20260912
1170,0.9991460290350136,0.9991460290350128,0.9991460290350134,0.9991460290350128,0.9991460290350128,7.778203532352486e-16,0.0,5.555859665966061e-16,0.0,20260912
1180,0.9991532599491965,0.9991532599491956,0.9991532599491965,0.9991532599491956,0.9991532599491956,8.889311132761423e-16,0.0,8.889311132761423e-16,0.0,20260912
1190,0.9991603694374483,0.9991603694374475,0.9991603694374467,0.9991603694374475,0.9991603694374476,7.778091896050361e-16,1.1111559851500516e-16,8.889247881200413e-16,1.1111559851500516e-16,20260912
1200,0.99916736053289,0.9991673605328892,0.99916736053289,0.9991673605328892,0.9991673605328892,7.778037473353076e-16,0.0,7.778037473353076e-16,0.0,20260912
1210,0.9991742361684565,0.9991742361684558,0.9991742361684557,0.9991742361684558,0.9991742361684558,6.666843385889576e-16,0.0,1.1111405643149294e-16,0.0,20260912
1220,0.999180999181,0.9991809991809991,0.9991809991809993,0.9991809991809991,0.9991809991809992,7.7779313044846e-16,1.1111330434978e-16,1.1111330434978e-16,1.1111330434978e-16,20260912
1230,0.9991876523151916,0.9991876523151909,0.9991876523151915,0.9991876523151909,0.9991876523151909,6.666753869822281e-16,0.0,5.555628224851901e-16,0.0,20260912
1240,0.9991941982272369,0.9991941982272361,0.999194198227237,0.9991941982272361,0.9991941982272361,7.777828560418335e-16,0.0,8.888946926192382e-16,0.0,20260912
1250,0.9992006394884099,0.9992006394884092,0.9992006394884089,0.9992006394884092,0.9992006394884093,5.555556015224283e-16,1.1111112030448566e-16,4.444444812179426e-16,1.1111112030448566e-16,20260912
1260,0.9992069785884224,0.9992069785884219,0.9992069785884217,0.9992069785884219,0.9992069785884219,5.555520770048898e-16,0.0,2.2222083080195594e-16,0.0,20260912
1270,0.9992132179386316,0.9992132179386309,0.9992132179386317,0.9992132179386309,0.999213217938631,5.555486079915646e-16,1.111097215983129e-16,6.666583295898774e-16,1.111097215983129e-16,20260912
1280,0.999219359875098,0.9992193598750976,0.9992193598750982,0.9992193598750976,0.9992193598750976,4.44436154545258e-16,0.0,6.66654231817887e-16,0.0,20260912
1290,0.9992254066615031,0.9992254066615027,0.9992254066615031,0.9992254066615027,0.9992254066615027,3.3332509878862256e-16,0.0,3.3332509878862256e-16,0.0,20260912
1300,0.9992313604919294,0.9992313604919293,0.9992313604919296,0.9992313604919293,0.9992313604919293,1.1110770423364068e-16,0.0,3.33323112700922e-16,0.0,20260912
1310,0.9992372234935164,0.9992372234935164,0.9992372234935158,0.9992372234935164,0.9992372234935164,0.0,0.0,5.555352615586184e-16,0.0,20260912
1320,0.9992429977289933,0.9992429977289932,0.9992429977289932,0.9992429977289932,0.9992429977289932,1.111064102674115e-16,0.0,0.0,0.0,20260912
1330,0.9992486851990986,0.9992486851990984,0.9992486851990987,0.9992486851990984,0.9992486851990984,2.22211555755802e-16,0.0,3.33317333633703e-16,0.0,20260912
1340,0.999254287844892,0.9992542878448918,0.9992542878448913,0.9992542878448919,0.9992542878448919,1.111051549270399e-16,1.111051549270399e-16,5.555257746351996e-16,0.0,20260912
1350,0.9992598075499631,0.9992598075499629,0.9992598075499632,0.999259807549963,0.999259807549963,1.1110454120508048e-16,1.1110454120508048e-16,2.2220908241016095e-16,0.0,20260912
1360,0.9992652461425424,0.9992652461425422,0.9992652461425423,0.9992652461425422,0.9992652461425422,2.2220787301688795e-16,0.0,1.1110393650844397e-16,0.0,20260912
1370,0.9992706053975204,0.99927060539752,0.9992706053975199,0.99927060539752,0.9992706053975201,3.333100219184868e-16,1.1110334063949558e-16,2.2220668127899115e-16,1.1110334063949558e-16,20260912
1380,0.9992758870383784,0.999275887038378,0.9992758870383792,0.999275887038378,0.999275887038378,4.444110136253163e-16,0.0,1.2221302874696197e-15,0.0,20260912
1390,0.9992810927390372,0.9992810927390366,0.9992810927390371,0.9992810927390366,0.9992810927390366,5.555108731128032e-16,0.0,4.444086984902425e-16,0.0,20260912
1400,0.9992862241256252,0.9992862241256245,0.9992862241256236,0.9992862241256245,0.9992862241256245,6.666096246427904e-16,0.0,8.888128328570539e-16,0.0,20260912
1410,0.999291282778172,0.9992912827781715,0.999291282778171,0.9992912827781715,0.9992912827781715,5.555052084206014e-16,0.0,4.444041667364811e-16,0.0,20260912
1420,0.9992962702322312,0.9992962702322308,0.9992962702322311,0.9992962702322308,0.9992962702322308,4.444019487302388e-16,0.0,3.3330146154767907e-16,0.0,20260912
1430,0.9993011879804337,0.9993011879804332,0.9993011879804328,0.9993011879804332,0.9993011879804332,4.443997617450627e-16,0.0,4.443997617450627e-16,0.0,20260912
1440,0.999306037473977,0.9993060374739764,0.9993060374739764,0.9993060374739764,0.9993060374739764,5.554970064183509e-16,0.0,0.0,0.0,20260912
1450,0.999310820124053,0.9993108201240524,0.9993108201240531,0.9993108201240524,0.9993108201240524,6.665932174059733e-16,0.0,7.776920869736356e-16,0.0,20260912
1460,0.9993155373032178,0.999315537303217,0.9993155373032179,0.999315537303217,0.999315537303217,7.776884159480462e-16,0.0,8.887867610834815e-16,0.0,20260912
1470,0.9993201903467035,0.9993201903467028,0.9993201903467025,0.9993201903467029,0.9993201903467029,5.554891391917025e-16,1.1109782783834049e-16,4.443913113533619e-16,0.0,20260912
1480,0.9993247805536805,0.9993247805536799,0.9993247805536799,0.9993247805536799,0.9993247805536799,5.554865876587355e-16,0.0,0.0,0.0,20260912
1490,0.9993293091884646,0.9993293091884641,0.999329309188464,0.9993293091884641,0.9993293091884641,5.554840703745331e-16,0.0,1.1109681407490662e-16,0.0,20260912
1500,0.9993337774816793,0.9993337774816788,0.99933377748168,0.9993337774816788,0.9993337774816788,4.443852693232961e-16,0.0,1.11096317330824e-15,0.0,20260912
1510,0.9993381866313704,0.9993381866313699,0.9993381866313699,0.99933818663137,0.99933818663137,4.443833086645329e-16,1.1109582716613322e-16,1.1109582716613322e-16,0.0,20260912
1520,0.9993425378040767,0.9993425378040762,0.9993425378040769,0.9993425378040762,0.9993425378040762,4.443813738039113e-16,0.0,6.66572060705867e-16,0.0,20260912
1530,0.9993468321358593,0.9993468321358588,0.9993468321358587,0.999346832135859,0.999346832135859,3.3328459817668915e-16,1.1109486605889638e-16,2.2218973211779277e-16,0.0,20260912
1540,0.9993510707332904,0.99935107073329,0.9993510707332893,0.9993510707332901,0.9993510707332901,3.3328318460013625e-16,1.1109439486671208e-16,7.776607640669846e-16,0.0,20260912
1550,0.999355254674404,0.9993552546744036,0.999355254674404,0.9993552546744036,0.9993552546744036,4.443757190177079e-16,0.0,4.443757190177079e-16,0.0,20260912
1560,0.9993593850096096,0.9993593850096092,0.9993593850096095,0.9993593850096092,0.9993593850096092,4.443738824204793e-16,0.0,3.332804118153595e-16,0.0,20260912
1570,0.999363462762572,0.9993634627625716,0.9993634627625716,0.9993634627625716,0.9993634627625716,4.443720692193939e-16,0.0,0.0,0.0,20260912
1580,0.9993674889310569,0.9993674889310562,0.9993674889310578,0.9993674889310563,0.9993674889310563,5.554628487127761e-16,1.1109256974255522e-16,1.4442034066532178e-15,0.0,20260912
1590,0.9993714644877443,0.9993714644877435,0.9993714644877449,0.9993714644877435,0.9993714644877436,6.665527668598581e-16,1.1109212780997634e-16,1.3331055337197161e-15,1.1109212780997634e-16,20260912
1600,0.9993753903810125,0.9993753903810119,0.9993753903810123,0.9993753903810119,0.9993753903810119,6.665501484093284e-16,0.0,4.443667656062189e-16,0.0,20260912
1610,0.9993792675356928,0.9993792675356921,0.9993792675356924,0.9993792675356921,0.9993792675356921,7.776388229004902e-16,0.0,3.332737812430672e-16,0.0,20260912
1620,0.9993830968537947,0.9993830968537939,0.9993830968537932,0.9993830968537939,0.999383096853794,6.66545008487918e-16,1.1109083474798635e-16,7.776358432359044e-16,1.1109083474798635e-16,20260912
1630,0.9993868792152062,0.9993868792152053,0.9993868792152046,0.9993868792152054,0.9993868792152054,7.776329001316204e-16,1.110904143045172e-16,7.776329001316204e-16,0.0,20260912
1640,0.9993906154783676,0.9993906154783668,0.9993906154783666,0.9993906154783668,0.9993906154783668,7.776299929188521e-16,0.0,2.221799979768149e-16,0.0,20260912
1650,0.9993943064809213,0.9993943064809206,0.9993943064809208,0.9993943064809206,0.9993943064809206,6.66537532238594e-16,0.0,1.1108958870643234e-16,0.0,20260912
1660,0.9993979530403377,0.9993979530403371,0.9993979530403382,0.9993979530403372,0.9993979530403372,5.554459168380677e-16,1.1108918336761355e-16,9.99802650308522e-16,0.0,20260912
1670,0.9994015559545188,0.9994015559545182,0.9994015559545171,0.9994015559545182,0.9994015559545183,5.554439144157595e-16,1.1108878288315188e-16,1.2219766117146708e-15,1.1108878288315188e-16,20260912
1680,0.9994051160023804,0.9994051160023795,0.9994051160023796,0.9994051160023795,0.9994051160023796,7.776187101645367e-16,1.110883871663624e-16,0.0,1.110883871663624e-16,20260912
1690,0.9994086339444124,0.9994086339444116,0.9994086339444122,0.9994086339444116,0.9994086339444116,7.776159729282827e-16,0.0,5.554399806630591e-16,0.0,20260912
1700,0.9994121105232223,0.9994121105232215,0.9994121105232219,0.9994121105232217,0.9994121105232217,6.665256581955498e-16,1.110876096992583e-16,2.221752193985166e-16,0.0,20260912
1710,0.9994155464640567,0.9994155464640561,0.9994155464640563,0.9994155464640561,0.9994155464640561,6.665233667135589e-16,0.0,2.2217445557118633e-16,0.0,20260912
1720,0.9994189424753056,0.999418942475305,0.9994189424753059,0.999418942475305,0.999418942475305,5.554342515639228e-16,0.0,8.886948025022764e-16,0.0,20260912
1730,0.9994222992489895,0.999422299248989,0.9994222992489885,0.999422299248989,0.9994222992489891,4.443459088152939e-16,1.1108647720382347e-16,5.554323860191173e-16,1.1108647720382347e-16,20260912
1740,0.9994256174612296,0.9994256174612292,0.9994256174612292,0.9994256174612292,0.9994256174612292,4.443444335338845e-16,0.0,0.0,0.0,20260912
1750,0.9994288977727017,0.9994288977727013,0.9994288977727013,0.9994288977727013,0.9994288977727013,4.443429751128341e-16,0.0,0.0,0.0,20260912
1760,0.9994321408290748,0.9994321408290744,0.9994321408290755,0.9994321408290744,0.9994321408290744,4.443415332647501e-16,0.0,1.1108538331618754e-15,0.0,20260912
1770,0.9994353472614347,0.9994353472614341,0.9994353472614349,0.9994353472614342,0.9994353472614342,4.44340107708735e-16,1.1108502692718375e-16,6.665101615631025e-16,0.0,20260912
1780,0.9994385176866933,0.9994385176866928,0.9994385176866935,0.9994385176866929,0.9994385176866929,4.443386981702031e-16,1.1108467454255077e-16,5.554233727127539e-16,0.0,20260912
1790,0.9994416527079849,0.9994416527079844,0.9994416527079855,0.9994416527079844,0.9994416527079844,5.554216304758814e-16,0.0,1.1108432609517628e-15,0.0,20260912
1800,0.9994447529150478,0.9994447529150472,0.9994447529150456,0.9994447529150472,0.9994447529150472,5.554199075971964e-16,0.0,1.5551757412721498e-15,0.0,20260912
1810,0.9994478188845947,0.9994478188845941,0.9994478188845939,0.9994478188845941,0.9994478188845941,5.55418203755845e-16,0.0,2.22167281502338e-16,0.0,20260912
1820,0.9994508511806707,0.9994508511806699,0.9994508511806702,0.9994508511806699,0.99945085118067,6.664998223656297e-16,1.1108330372760495e-16,2.221666074552099e-16,1.1108330372760495e-16,20260912
1830,0.9994538503549979,0.9994538503549972,0.9994538503549977,0.9994538503549972,0.9994538503549972,6.664978223241513e-16,0.0,4.443318815494343e-16,0.0,20260912
1840,0.9994568169473119,0.9994568169473113,0.9994568169473115,0.9994568169473113,0.9994568169473113,6.664958440222543e-16,0.0,2.2216528134075143e-16,0.0,20260912
1850,0.999459751485684,0.9994597514856833,0.9994597514856834,0.9994597514856834,0.9994597514856834,5.55411572589504e-16,1.110823145179008e-16,0.0,0.0,20260912
1860,0.9994626544868357,0.999462654486835,0.999462654486835,0.999462654486835,0.999462654486835,6.664919512346504e-16,0.0,0.0,0.0,20260912
1870,0.9994655264564409,0.9994655264564404,0.9994655264564415,0.9994655264564404,0.9994655264564404,5.554083633886813e-16,0.0,1.1108167267773626e-15,0.0,20260912
1880,0.9994683678894212,0.9994683678894205,0.9994683678894202,0.9994683678894205,0.9994683678894205,6.664881412723148e-16,0.0,3.332440706361574e-16,0.0,20260912
1890,0.9994711792702282,0.9994711792702273,0.9994711792702287,0.9994711792702273,0.9994711792702274,7.775673109504336e-16,1.1108104442149051e-16,1.2218914886363957e-15,1.1108104442149051e-16,20260912
1900,0.9994739610731201,0.9994739610731194,0.99947396107312,0.9994739610731194,0.9994739610731194,7.775651467729978e-16,0.0,6.664844115197125e-16,0.0,20260912
1910,0.9994767137624289,0.999476713762428,0.9994767137624296,0.9994767137624281,0.9994767137624281,7.775630052571057e-16,1.1108042932244366e-16,1.5551260105142113e-15,0.0,20260912
1920,0.9994794377928169,0.9994794377928162,0.9994794377928164,0.9994794377928162,0.9994794377928162,6.664807594702893e-16,0.0,2.221602531567631e-16,0.0,20260912
1930,0.9994821336095295,0.9994821336095286,0.9994821336095284,0.9994821336095288,0.9994821336095288,7.775587888009451e-16,1.1107982697156358e-16,3.3323948091469074e-16,0.0,20260912
1940,0.9994848016486357,0.9994848016486347,0.9994848016486348,0.9994848016486347,0.9994848016486347,9.997157740812813e-16,0.0,1.1107953045347571e-16,0.0,20260912
1950,0.9994874423372642,0.9994874423372629,0.9994874423372642,0.9994874423372629,0.9994874423372629,1.221871606742589e-15,0.0,1.221871606742589e-15,0.0,20260912
1960,0.9994900560938308,0.9994900560938297,0.9994900560938297,0.9994900560938297,0.9994900560938297,1.110789464943843e-15,0.0,0.0,0.0,20260912
1970,0.9994926433282608,0.9994926433282597,0.9994926433282596,0.9994926433282597,0.9994926433282597,1.110786589612276e-15,0.0,1.110786589612276e-16,0.0,20260912
1980,0.999495204442202,0.9994952044422009,0.9994952044422006,0.9994952044422009,0.9994952044422009,1.1107837433244622e-15,0.0,2.2215674866489245e-16,0.0,20260912
1990,0.9994977398292325,0.9994977398292315,0.9994977398292314,0.9994977398292315,0.9994977398292315,9.997028330783005e-16,0.0,1.1107809256425563e-16,0.0,20260912
2000,0.9995002498750635,0.9995002498750625,0.999500249875063,0.9995002498750625,0.9995002498750625,9.997003225237222e-16,0.0,5.553890680687346e-16,0.0,20260912
2010,0.9995027349577335,0.9995027349577325,0.9995027349577328,0.9995027349577325,0.9995027349577325,9.996978369497865e-16,0.0,3.332326123165955e-16,0.0,20260912
2020,0.999505195447799,0.999505195447798,0.9995051954477976,0.9995051954477981,0.9995051954477981,8.886181119871055e-16,1.1107726399838819e-16,5.553863199919409e-16,0.0,20260912
2030,0.999507631708519,0.999507631708518,0.9995076317085174,0.999507631708518,0.999507631708518,9.996929392671545e-16,0.0,5.553849662595303e-16,0.0,20260912
2040,0.9995100440960324,0.9995100440960313,0.9995100440960322,0.9995100440960314,0.9995100440960314,9.996905264382108e-16,1.110767251598012e-16,7.775370761186084e-16,0.0,20260912
2050,0.999512432959533,0.9995124329595318,0.9995124329595325,0.999512432959532,0.999512432959532,9.996881371490616e-16,1.1107645968322908e-16,5.553822984161453e-16,0.0,20260912
2060,0.9995147986414372,0.9995147986414361,0.9995147986414372,0.9995147986414362,0.9995147986414362,9.996857710568946e-16,1.110761967840994e-16,9.996857710568946e-16,0.0,20260912
2070,0.9995171414775481,0.999517141477547,0.9995171414775484,0.9995171414775471,0.9995171414775471,9.996834278255214e-16,1.1107593642505794e-16,1.3329112371006951e-15,0.0,20260912
2080,0.999519461797214,0.9995194617972128,0.9995194617972136,0.9995194617972128,0.9995194617972128,1.110756785694688e-15,0.0,7.775297499862815e-16,0.0,20260912
2090,0.9995217599234827,0.9995217599234816,0.9995217599234816,0.9995217599234816,0.9995217599234816,1.1107542318139724e-15,0.0,0.0,0.0,20260912
2100,0.999524036173252,0.9995240361732508,0.999524036173252,0.9995240361732508,0.9995240361732508,1.2218268724815234e-15,0.0,1.2218268724815234e-15,0.0,20260912
2110,0.9995262908574148,0.9995262908574135,0.9995262908574128,0.9995262908574135,0.9995262908574135,1.3328990360096903e-15,0.0,6.664495180048451e-16,0.0,20260912
2120,0.9995285242810008,0.9995285242809995,0.9995285242809999,0.9995285242809995,0.9995285242809995,1.3328960576773343e-15,0.0,4.442986858924447e-16,0.0,20260912
2130,0.9995307367433143,0.9995307367433129,0.9995307367433144,0.9995307367433129,0.999530736743313,1.2218186817013283e-15,1.1107442560921165e-16,1.33289310731054e-15,1.1107442560921165e-16,20260912
2140,0.9995329285380675,0.9995329285380663,0.999532928538066,0.9995329285380663,0.9995329285380663,1.2218160024741618e-15,0.0,3.3322254612931686e-16,0.0,20260912
2150,0.9995350999535112,0.99953509995351,0.9995350999535104,0.99953509995351,0.99953509995351,1.2218133481700386e-15,0.0,4.442957629709232e-16,0.0,20260912
2160,0.99953725127256,0.999537251272559,0.9995372512725591,0.999537251272559,0.999537251272559,9.99663315089568e-16,0.0,1.1107370167661866e-16,0.0,20260912
2170,0.9995393827729165,0.9995393827729157,0.9995393827729162,0.9995393827729157,0.9995393827729157,8.88587718511047e-16,0.0,5.553673240694043e-16,0.0,20260912
2180,0.9995414947271902,0.9995414947271893,0.9995414947271903,0.9995414947271893,0.9995414947271893,8.885858409935656e-16,0.0,9.996590711177614e-16,0.0,20260912
2190,0.9995435874030131,0.9995435874030123,0.9995435874030139,0.9995435874030123,0.9995435874030123,7.775109830445675e-16,0.0,1.555021966089135e-15,0.0,20260912
2200,0.9995456610631539,0.9995456610631531,0.9995456610631543,0.9995456610631531,0.9995456610631531,7.775093700181721e-16,0.0,1.2218004385999847e-15,0.0,20260912
2210,0.9995477159656272,0.9995477159656264,0.999547715965627,0.9995477159656264,0.9995477159656264,7.775077715893008e-16,0.0,5.553626939923577e-16,0.0,20260912
2220,0.9995497523638008,0.9995497523638001,0.9995497523637997,0.9995497523638001,0.9995497523638001,7.775061875606896e-16,0.0,3.332169375260098e-16,0.0,20260912
2230,0.9995517705064999,0.9995517705064992,0.9995517705064997,0.9995517705064993,0.9995517705064993,5.553604412418664e-16,1.1107208824837328e-16,3.3321626474511983e-16,0.0,20260912
2240,0.9995537706381086,0.9995537706381079,0.9995537706381082,0.999553770638108,0.999553770638108,5.553593299520035e-16,1.110718659904007e-16,2.221437319808014e-16,0.0,20260912
2250,0.999555752998668,0.9995557529986672,0.9995557529986677,0.9995557529986673,0.9995557529986673,6.664298742483273e-16,1.1107164570805455e-16,4.442865828322182e-16,0.0,20260912
2260,0.9995577178239724,0.9995577178239716,0.9995577178239718,0.9995577178239716,0.9995577178239717,6.664285642506581e-16,1.1107142737510967e-16,1.1107142737510967e-16,1.1107142737510967e-16,20260912
2270,0.9995596653456633,0.9995596653456627,0.9995596653456642,0.9995596653456627,0.9995596653456627,6.664272657948186e-16,0.0,1.5549969535212435e-15,0.0,20260912
2280,0.9995615957913203,0.9995615957913195,0.9995615957913191,0.9995615957913195,0.9995615957913196,6.664259787289426e-16,1.1107099645482378e-16,5.553549822741189e-16,1.1107099645482378e-16,20260912
2290,0.9995635093845491,0.9995635093845482,0.9995635093845483,0.9995635093845482,0.9995635093845482,8.885662705384223e-16,0.0,1.1107078381730278e-16,0.0,20260912
2300,0.9995654063450682,0.9995654063450673,0.999565406345068,0.9995654063450673,0.9995654063450674,7.774940112016259e-16,1.110705730288037e-16,5.553528651440185e-16,1.110705730288037e-16,20260912
2310,0.9995672868887935,0.9995672868887927,0.9995672868887919,0.9995672868887927,0.9995672868887927,7.774925484571929e-16,0.0,7.774925484571929e-16,0.0,20260912
2320,0.9995691512279198,0.999569151227919,0.9995691512279185,0.999569151227919,0.999569151227919,7.774910983226258e-16,0.0,5.553507845161612e-16,0.0,20260912
2330,0.9995709995710003,0.9995709995709995,0.9995709995709985,0.9995709995709996,0.9995709995709996,6.664197091161991e-16,1.1106995151936652e-16,1.1106995151936651e-15,0.0,20260912
2340,0.9995728321230251,0.9995728321230243,0.9995728321230246,0.9995728321230243,0.9995728321230244,6.664184873455106e-16,1.1106974789091844e-16,2.221394957818369e-16,1.1106974789091844e-16,20260912
2350,0.9995746490854963,0.9995746490854955,0.9995746490854954,0.9995746490854955,0.9995746490854955,7.77486821968349e-16,0.0,1.1106954599547842e-16,0.0,20260912
2360,0.9995764506565022,0.9995764506565015,0.9995764506565019,0.9995764506565015,0.9995764506565015,7.774854206771171e-16,0.0,4.442773832440669e-16,0.0,20260912
2370,0.9995782370307894,0.9995782370307886,0.9995782370307885,0.9995782370307886,0.9995782370307887,6.664148838952522e-16,1.1106914731587536e-16,2.221382946317507e-16,1.1106914731587536e-16,20260912
2380,0.9995800083998327,0.999580008399832,0.9995800083998329,0.999580008399832,0.999580008399832,7.774826534213229e-16,0.0,8.885516039100833e-16,0.0,20260912
2390,0.9995817649519037,0.9995817649519029,0.9995817649519034,0.999581764951903,0.999581764951903,6.664125318524057e-16,1.1106875530873427e-16,4.442750212349371e-16,0.0,20260912
2400,0.9995835068721373,0.9995835068721366,0.9995835068721376,0.9995835068721366,0.9995835068721366,6.664113705312503e-16,0.0,9.996170557968753e-16,0.0,20260912
2410,0.9995852343425972,0.9995852343425964,0.9995852343425952,0.9995852343425964,0.9995852343425964,7.774785886555505e-16,0.0,1.2217520678872936e-15,0.0,20260912
2420,0.9995869475423387,0.9995869475423378,0.999586947542339,0.9995869475423379,0.9995869475423379,7.7747725612903e-16,1.110681794470043e-16,1.1106817944700429e-15,0.0,20260912
2430,0.9995886466474712,0.9995886466474702,0.9995886466474703,0.9995886466474702,0.9995886466474702,9.99611915875465e-16,0.0,1.1106799065282945e-16,0.0,20260912
2440,0.9995903318312177,0.9995903318312167,0.9995903318312179,0.9995903318312167,0.9995903318312167,9.996102306553305e-16,0.0,1.221745837467626e-15,0.0,20260912
2450,0.9995920032639749,0.9995920032639738,0.9995920032639735,0.9995920032639739,0.9995920032639739,9.99608559192095e-16,1.1106761768801056e-16,4.442704707520422e-16,0.0,20260912
2460,0.9995936611133693,0.9995936611133686,0.9995936611133682,0.9995936611133686,0.9995936611133686,7.774720343584379e-16,0.0,3.332023004393305e-16,0.0,20260912
2470,0.9995953055443149,0.999595305544314,0.9995953055443154,0.9995953055443141,0.9995953055443141,7.774707553417543e-16,1.1106725076310775e-16,1.3328070091572932e-15,0.0,20260912
2480,0.9995969367190656,0.9995969367190648,0.9995969367190657,0.9995969367190649,0.9995969367190649,6.664024171197613e-16,1.1106706951996023e-16,7.774694866397215e-16,0.0,20260912
2490,0.9995985547972708,0.9995985547972701,0.9995985547972716,0.9995985547972701,0.9995985547972702,5.553344486629046e-16,1.1106688973258093e-16,1.332802676790971e-15,1.1106688973258093e-16,20260912
2500,0.9996001599360261,0.9996001599360256,0.9996001599360271,0.9996001599360256,0.9996001599360256,5.553335569175033e-16,0.0,1.5549339593690092e-15,0.0,20260912
2510,0.9996017522899249,0.9996017522899243,0.9996017522899252,0.9996017522899243,0.9996017522899243,5.553326722776431e-16,0.0,8.885322756442288e-16,0.0,20260912
2520,0.9996033320111073,0.9996033320111066,0.9996033320111066,0.9996033320111067,0.9996033320111067,5.55331794658734e-16,1.110663589317468e-16,1.110663589317468e-16,0.0,20260912
2530,0.9996048992493093,0.9996048992493085,0.9996048992493086,0.9996048992493085,0.9996048992493086,6.663971087730287e-16,1.110661847955048e-16,0.0,1.110661847955048e-16,20260912
2540,0.9996064541519095,0.9996064541519086,0.9996064541519077,0.9996064541519086,0.9996064541519087,7.774620842129e-16,1.1106601203041428e-16,9.995941082737286e-16,1.1106601203041428e-16,20260912
2550,0.9996079968639757,0.9996079968639748,0.9996079968639735,0.999607996863975,0.999607996863975,7.774608843424087e-16,1.1106584062034408e-16,1.443855928064473e-15,0.0,20260912
2560,0.99960952752831,0.9996095275283092,0.9996095275283106,0.9996095275283092,0.9996095275283092,7.774596938459055e-16,0.0,1.332788046592981e-15,0.0,20260912
2570,0.9996110462854927,0.999611046285492,0.9996110462854921,0.999611046285492,0.999611046285492,6.663930108119714e-16,0.0,1.1106550180199523e-16,0.0,20260912
2580,0.9996125532739254,0.9996125532739248,0.9996125532739264,0.9996125532739248,0.9996125532739248,5.553266718134746e-16,0.0,1.554914681077729e-15,0.0,20260912
2590,0.9996140486298731,0.9996140486298726,0.999614048629872,0.9996140486298726,0.9996140486298727,4.442606728654487e-16,1.1106516821636218e-16,6.663910092981731e-16,1.1106516821636218e-16,20260912
2600,0.9996155324875053,0.9996155324875048,0.9996155324875039,0.9996155324875048,0.9996155324875048,5.553250167403908e-16,0.0,8.885200267846253e-16,0.0,20260912
2610,0.9996170049789356,0.9996170049789352,0.9996170049789354,0.9996170049789352,0.9996170049789352,3.331945192294579e-16,0.0,1.1106483974315265e-16,0.0,20260912
2620,0.999618466234262,0.9996184662342616,0.9996184662342608,0.9996184662342618,0.9996184662342618,2.2212935477423934e-16,1.1106467738711967e-16,9.99582096484077e-16,0.0,20260912
2630,0.9996199163816042,0.9996199163816039,0.9996199163816043,0.999619916381604,0.999619916381604,2.2212903253146667e-16,1.1106451626573334e-16,3.331935487972e-16,0.0,20260912
2640,0.9996213555471416,0.9996213555471412,0.9996213555471409,0.9996213555471413,0.9996213555471413,3.331930690948907e-16,1.1106435636496356e-16,3.331930690948907e-16,0.0,20260912
2650,0.9996227838551494,0.9996227838551489,0.9996227838551505,0.999622783855149,0.999622783855149,3.331925930129762e-16,1.1106419767099207e-16,1.443834569722897e-15,0.0,20260912
2660,0.9996242014280348,0.9996242014280345,0.9996242014280337,0.9996242014280345,0.9996242014280345,2.221280803404167e-16,0.0,8.885123213616667e-16,0.0,20260912
2670,0.9996256083863723,0.9996256083863722,0.9996256083863728,0.9996256083863722,0.9996256083863722,1.1106388384920573e-16,0.0,6.663833030952344e-16,0.0,20260912
2680,0.999627004848937,0.999627004848937,0.9996270048489364,0.999627004848937,0.999627004848937,0.0,0.0,5.553186434738889e-16,0.0,20260912
2690,0.9996283909327388,0.9996283909327387,0.9996283909327387,0.9996283909327387,0.9996283909327388,0.0,1.1106357469391435e-16,1.1106357469391435e-16,1.1106357469391435e-16,20260912
2700,0.9996297667530543,0.9996297667530544,0.9996297667530546,0.9996297667530544,0.9996297667530544,1.1106342183379807e-16,0.0,2.2212684366759613e-16,0.0,20260912
2710,0.9996311324234599,0.9996311324234599,0.9996311324234592,0.9996311324234599,0.99963113242346,1.110632701018007e-16,1.110632701018007e-16,7.77442890712605e-16,1.110632701018007e-16,20260912
2720,0.9996324880558619,0.9996324880558618,0.999632488055862,0.9996324880558618,0.9996324880558618,1.1106311948547983e-16,0.0,2.2212623897095965e-16,0.0,20260912
2730,0.9996338337605273,0.9996338337605273,0.9996338337605268,0.9996338337605273,0.9996338337605273,0.0,0.0,4.442518798903007e-16,0.0,20260912
2740,0.9996351696461145,0.9996351696461145,0.9996351696461147,0.9996351696461145,0.9996351696461145,0.0,0.0,1.1106282155100562e-16,0.0,20260912
2750,0.9996364958197019,0.9996364958197019,0.9996364958197014,0.9996364958197019,0.9996364958197019,0.0,0.0,5.553133710443283e-16,0.0,20260912
2760,0.9996378123868163,0.9996378123868164,0.9996378123868157,0.9996378123868164,0.9996378123868164,1.1106252793442236e-16,0.0,6.663751676065342e-16,0.0,20260912
2770,0.9996391194514616,0.9996391194514616,0.9996391194514608,0.9996391194514616,0.9996391194514616,0.0,0.0,7.774366790127856e-16,0.0,20260912
2780,0.9996404171161453,0.9996404171161453,0.9996404171161447,0.9996404171161453,0.9996404171161453,0.0,0.0,5.553111927126907e-16,0.0,20260912
2790,0.9996417054819062,0.9996417054819061,0.9996417054819052,0.9996417054819061,0.9996417054819061,1.1106209540246637e-16,0.0,8.88496763219731e-16,0.0,20260912
2800,0.9996429846483401,0.9996429846483398,0.9996429846483417,0.9996429846483399,0.9996429846483399,2.221239065696474e-16,1.110619532848237e-16,1.7769912525571793e-15,0.0,20260912
2810,0.9996442547136252,0.999644254713625,0.9996442547136246,0.9996442547136251,0.9996442547136251,1.1106181217869448e-16,1.1106181217869448e-16,4.442472487147779e-16,0.0,20260912
2820,0.9996455157745483,0.999645515774548,0.9996455157745475,0.999645515774548,0.9996455157745481,2.221233441466359e-16,1.1106167207331795e-16,5.553083603665898e-16,1.1106167207331795e-16,20260912
2830,0.999646767926528,0.9996467679265277,0.9996467679265273,0.9996467679265277,0.9996467679265277,2.221230659161709e-16,0.0,4.442461318323418e-16,0.0,20260912
2840,0.9996480112636397,0.9996480112636396,0.9996480112636409,0.9996480112636396,0.9996480112636396,1.1106139482253767e-16,0.0,1.332736737870452e-15,0.0,20260912
2850,0.9996492458786392,0.999649245878639,0.9996492458786389,0.999649245878639,0.9996492458786391,1.1106125765636214e-16,1.1106125765636214e-16,2.2212251531272427e-16,1.1106125765636214e-16,20260912
2860,0.9996504718629853,0.999650471862985,0.9996504718629848,0.999650471862985,0.999650471862985,3.33183364348172e-16,0.0,1.1106112144939065e-16,0.0,20260912
2870,0.9996516893068621,0.9996516893068617,0.9996516893068613,0.9996516893068617,0.9996516893068618,3.3318295857479e-16,1.1106098619159665e-16,4.442439447663866e-16,1.1106098619159665e-16,20260912
2880,0.9996528982992021,0.9996528982992017,0.9996528982992001,0.9996528982992017,0.9996528982992017,4.442434074923717e-16,0.0,1.5548519262233009e-15,0.0,20260912
2890,0.9996540989277071,0.9996540989277066,0.9996540989277072,0.9996540989277066,0.9996540989277066,4.44242873936516e-16,0.0,5.553035924206449e-16,0.0,20260912
2900,0.9996552912788698,0.9996552912788693,0.9996552912788699,0.9996552912788693,0.9996552912788693,4.442423440603558e-16,0.0,5.553029300754447e-16,0.0,20260912
2910,0.9996564754379943,0.9996564754379937,0.9996564754379939,0.9996564754379939,0.9996564754379939,4.442418178259561e-16,1.1106045445648903e-16,0.0,0.0,20260912
2920,0.9996576514892165,0.9996576514892159,0.9996576514892161,0.999657651489216,0.999657651489216,4.442412951959016e-16,1.110603237989754e-16,1.110603237989754e-16,0.0,20260912
2930,0.9996588195155242,0.9996588195155237,0.999658819515524,0.9996588195155237,0.9996588195155237,4.442407761332879e-16,0.0,3.3318058209996594e-16,0.0,20260912
2940,0.9996599795987765,0.9996599795987758,0.9996599795987745,0.999659979598776,0.999659979598776,5.553003257521403e-16,1.1106006515042807e-16,1.4437808469555649e-15,0.0,20260912
2950,0.9996611318197227,0.999661131819722,0.9996611318197235,0.9996611318197222,0.9996611318197222,5.552996857065825e-16,1.110599371413165e-16,1.332719245695798e-15,0.0,20260912
2960,0.9996622762580214,0.9996622762580208,0.9996622762580206,0.999662276258021,0.999662276258021,4.442392399885255e-16,1.1105980999713137e-16,3.331794299913941e-16,0.0,20260912
2970,0.9996634129922591,0.9996634129922585,0.9996634129922585,0.9996634129922585,0.9996634129922585,6.663581022548162e-16,0.0,0.0,0.0,20260912
2980,0.999664542099967,0.9996645420999664,0.9996645420999659,0.9996645420999665,0.9996645420999665,5.552977913435556e-16,1.1105955826871113e-16,5.552977913435556e-16,0.0,20260912
2990,0.9996656636576402,0.9996656636576395,0.9996656636576402,0.9996656636576395,0.9996656636576395,6.663566020041157e-16,0.0,6.663566020041157e-16,0.0,20260912
3000,0.9996667777407536,0.9996667777407531,0.9996667777407541,0.9996667777407531,0.9996667777407531,5.552965494833492e-16,0.0,9.995337890700284e-16,0.0,20260912
3010,0.9996678844237801,0.9996678844237794,0.9996678844237801,0.9996678844237794,0.9996678844237795,5.55295934741918e-16,1.1105918694838359e-16,5.55295934741918e-16,1.1105918694838359e-16,20260912
3020,0.9996689837802055,0.9996689837802052,0.9996689837802047,0.9996689837802052,0.9996689837802052,3.331771944429733e-16,0.0,4.442362592572978e-16,0.0,20260912
3030,0.9996700758825473,0.999670075882547,0.9996700758825458,0.999670075882547,0.999670075882547,3.3317683045929203e-16,0.0,1.2216483783507375e-15,0.0,20260912
3040,0.9996711608023681,0.9996711608023676,0.9996711608023678,0.9996711608023676,0.9996711608023676,4.44235291826987e-16,0.0,2.221176459134935e-16,0.0,20260912
3050,0.9996722386102921,0.9996722386102916,0.9996722386102909,0.9996722386102916,0.9996722386102918,3.331761096522642e-16,1.110587032174214e-16,8.884696257393712e-16,1.110587032174214e-16,20260912
3060,0.9996733093760213,0.9996733093760208,0.9996733093760216,0.999673309376021,0.999673309376021,3.3317575278211806e-16,1.1105858426070602e-16,6.663515055642361e-16,0.0,20260912
3070,0.9996743731683495,0.9996743731683491,0.99967437316835,0.9996743731683491,0.9996743731683491,4.442338643158118e-16,0.0,8.884677286316236e-16,0.0,20260912
3080,0.9996754300551771,0.9996754300551769,0.999675430055178,0.9996754300551769,0.9996754300551769,2.2211669732922774e-16,0.0,1.1105834866461387e-15,0.0,20260912
3090,0.9996764801035267,0.9996764801035263,0.9996764801035265,0.9996764801035264,0.9996764801035264,3.3317469603071446e-16,1.1105823201023814e-16,1.1105823201023814e-16,0.0,20260912
3100,0.9996775233795554,0.999677523379555,0.9996775233795547,0.999677523379555,0.999677523379555,4.442324644338852e-16,0.0,2.221162322169426e-16,0.0,20260912
3110,0.9996785599485699,0.9996785599485696,0.9996785599485692,0.9996785599485696,0.9996785599485696,3.331740028561603e-16,0.0,3.331740028561603e-16,0.0,20260912
3120,0.9996795898750404,0.99967958987504,0.9996795898750394,0.99967958987504,0.99967958987504,3.3317365960145325e-16,0.0,6.663473192029065e-16,0.0,20260912
3130,0.999680613222613,0.9996806132226126,0.9996806132226118,0.9996806132226126,0.9996806132226126,4.44231091386756e-16,0.0,7.774044099268229e-16,0.0,20260912
3140,0.9996816300541234,0.9996816300541228,0.9996816300541237,0.9996816300541229,0.9996816300541229,4.442306395347283e-16,1.1105765988368207e-16,7.774036191857744e-16,0.0,20260912
3150,0.9996826404316094,0.9996826404316089,0.9996826404316097,0.999682640431609,0.999682640431609,3.3317264291370175e-16,1.1105754763790057e-16,6.663452858274035e-16,0.0,20260912
3160,0.9996836444163242,0.999683644416324,0.999683644416324,0.999683644416324,0.999683644416324,2.2211487220507088e-16,0.0,0.0,0.0,20260912
3170,0.9996846420687481,0.999684642068748,0.9996846420687491,0.999684642068748,0.9996846420687481,0.0,1.1105732527086344e-16,9.99515927437771e-16,1.1105732527086344e-16,20260912
3180,0.9996856334486012,0.9996856334486011,0.9996856334486005,0.9996856334486011,0.9996856334486011,1.11057215136246e-16,0.0,5.5528607568123e-16,0.0,20260912
3190,0.9996866186148544,0.9996866186148542,0.9996866186148543,0.9996866186148543,0.9996866186148543,1.1105710569212773e-16,1.1105710569212773e-16,0.0,0.0,20260912
3200,0.9996875976257421,0.9996875976257419,0.9996875976257414,0.999687597625742,0.999687597625742,1.1105699693203518e-16,1.1105699693203518e-16,5.552849846601759e-16,0.0,20260912
3210,0.999688570538773,0.9996885705387729,0.9996885705387731,0.9996885705387729,0.9996885705387729,1.1105688884957564e-16,0.0,2.2211377769915127e-16,0.0,20260912
3220,0.9996895374107422,0.999689537410742,0.9996895374107426,0.999689537410742,0.999689537410742,2.2211356287687137e-16,0.0,6.663406886306142e-16,0.0,20260912
3230,0.9996904982977409,0.9996904982977406,0.9996904982977419,0.9996904982977406,0.9996904982977406,3.3317002407714066e-16,0.0,1.3326800963085626e-15,0.0,20260912
3240,0.9996914532551685,0.9996914532551681,0.9996914532551675,0.9996914532551682,0.9996914532551682,3.33169705815753e-16,1.11056568605251e-16,6.66339411631506e-16,0.0,20260912
3250,0.9996924023377426,0.9996924023377421,0.9996924023377426,0.9996924023377423,0.9996924023377423,3.33169389512897e-16,1.1105646317096566e-16,3.33169389512897e-16,0.0,20260912
3260,0.9996933455995097,0.9996933455995093,0.9996933455995092,0.9996933455995093,0.9996933455995094,3.3316907515054924e-16,1.1105635838351641e-16,2.2211271676703283e-16,1.1105635838351641e-16,20260912
3270,0.9996942830938556,0.999694283093855,0.9996942830938544,0.9996942830938551,0.9996942830938551,4.442250169478761e-16,1.1105625423696902e-16,6.663375254218141e-16,0.0,20260912
3280,0.9996952148735145,0.9996952148735141,0.9996952148735149,0.9996952148735142,0.9996952148735142,3.3316845217638464e-16,1.1105615072546154e-16,6.663369043527693e-16,0.0,20260912
3290,0.9996961409905809,0.9996961409905804,0.9996961409905807,0.9996961409905804,0.9996961409905804,5.552802392160168e-16,0.0,3.3316814352961005e-16,0.0,20260912
3300,0.9996970614965166,0.9996970614965162,0.999697061496517,0.9996970614965162,0.9996970614965162,4.442237823378959e-16,0.0,8.884475646757919e-16,0.0,20260912
3310,0.9996979764421627,0.9996979764421624,0.9996979764421632,0.9996979764421625,0.9996979764421625,2.221116878872443e-16,1.1105584394362215e-16,6.663350636617329e-16,0.0,20260912
3320,0.9996988858777479,0.9996988858777476,0.9996988858777468,0.9996988858777477,0.9996988858777477,2.221114858301292e-16,1.110557429150646e-16,8.884459433205167e-16,0.0,20260912
3330,0.9996997898528972,0.999699789852897,0.9996997898528971,0.999699789852897,0.999699789852897,2.2211128498657037e-16,0.0,1.1105564249328519e-16,0.0,20260912
3340,0.9997006884166417,0.9997006884166417,0.9997006884166405,0.9997006884166417,0.9997006884166417,0.0,0.0,1.2216109694011715e-15,0.0,20260912
3350,0.9997015816174277,0.9997015816174276,0.9997015816174287,0.9997015816174276,0.9997015816174276,1.1105544344832537e-16,0.0,1.1105544344832536e-15,0.0,20260912
3360,0.999702469503124,0.999702469503124,0.9997024695031255,0.999702469503124,0.999702469503124,0.0,0.0,1.4437194825877073e-15,0.0,20260912
3370,0.9997033521210322,0.9997033521210323,0.9997033521210329,0.9997033521210323,0.9997033521210323,1.11055246765917e-16,0.0,5.552762338295849e-16,0.0,20260912
3380,0.9997042295178941,0.9997042295178941,0.9997042295178932,0.9997042295178941,0.9997042295178941,0.0,0.0,8.8844119438051e-16,0.0,20260912
3390,0.9997051017398997,0.9997051017398997,0.9997051017399003,0.9997051017398997,0.9997051017398997,0.0,0.0,6.663303144254701e-16,0.0,20260912
3400,0.9997059688326962,0.9997059688326962,0.9997059688326964,0.9997059688326962,0.9997059688326962,0.0,0.0,1.1105495608088698e-16,0.0,20260912
3410,0.9997068308413956,0.9997068308413954,0.9997068308413967,0.9997068308413954,0.9997068308413954,1.1105486032247533e-16,0.0,1.2216034635472288e-15,0.0,20260912
3420,0.9997076878105817,0.9997076878105816,0.9997076878105821,0.9997076878105817,0.9997076878105817,0.0,1.110547651240544e-16,3.331642953721632e-16,0.0,20260912
3430,0.9997085397843195,0.9997085397843194,0.9997085397843213,0.9997085397843194,0.9997085397843194,1.110546704807263e-16,0.0,1.8879293981723473e-15,0.0,20260912
3440,0.9997093868061611,0.999709386806161,0.9997093868061596,0.999709386806161,0.999709386806161,1.110545763876501e-16,0.0,1.3326549166518013e-15,0.0,20260912
3450,0.9997102289191541,0.9997102289191538,0.9997102289191537,0.9997102289191538,0.9997102289191538,2.2210896568008203e-16,0.0,1.1105448284004101e-16,0.0,20260912
3460,0.9997110661658483,0.9997110661658479,0.9997110661658477,0.999711066165848,0.999711066165848,2.221087796663391e-16,1.1105438983316955e-16,3.3316316949950867e-16,0.0,20260912
3470,0.9997118985883034,0.999711898588303,0.9997118985883026,0.9997118985883031,0.9997118985883031,3.3316289208708224e-16,1.1105429736236075e-16,5.552714868118037e-16,0.0,20260912
3480,0.9997127262280956,0.9997127262280954,0.9997127262280948,0.9997127262280954,0.9997127262280954,2.2210841084598677e-16,0.0,5.552710271149669e-16,0.0,20260912
3490,0.9997135491263252,0.9997135491263248,0.9997135491263238,0.9997135491263248,0.9997135491263248,3.331623420314976e-16,0.0,9.994870260944926e-16,0.0,20260912
3500,0.9997143673236223,0.9997143673236217,0.9997143673236203,0.9997143673236218,0.9997143673236218,4.442160924814483e-16,1.1105402312036208e-16,1.5547563236850692e-15,0.0,20260912
3510,0.9997151808601543,0.9997151808601538,0.9997151808601543,0.9997151808601538,0.9997151808601538,5.552696637405876e-16,0.0,5.552696637405876e-16,0.0,20260912
3520,0.9997159897756325,0.9997159897756319,0.9997159897756319,0.9997159897756319,0.9997159897756319,5.552692144467579e-16,0.0,0.0,0.0,20260912
3530,0.999716794109318,0.9997167941093175,0.9997167941093161,0.9997167941093175,0.9997167941093175,5.552687676985025e-16,0.0,1.3326450424764061e-15,0.0,20260912
3540,0.9997175939000288,0.9997175939000282,0.9997175939000297,0.9997175939000282,0.9997175939000282,5.552683234742485e-16,0.0,1.443697641033046e-15,0.0,20260912
3550,0.9997183891861452,0.9997183891861448,0.9997183891861439,0.9997183891861448,0.9997183891861448,4.442143054021331e-16,0.0,8.884286108042662e-16,0.0,20260912
3560,0.9997191800056169,0.9997191800056163,0.9997191800056168,0.9997191800056164,0.9997191800056164,4.442139540101329e-16,1.1105348850253321e-16,3.3316046550759964e-16,0.0,20260912
3570,0.9997199663959678,0.9997199663959675,0.9997199663959677,0.9997199663959675,0.9997199663959675,3.3316020344003647e-16,0.0,2.2210680229335765e-16,0.0,20260912
3580,0.9997207483943037,0.9997207483943032,0.9997207483943027,0.9997207483943032,0.9997207483943032,4.442132571153838e-16,0.0,5.552665713942299e-16,0.0,20260912
3590,0.999721526037316,0.9997215260373155,0.9997215260373148,0.9997215260373155,0.9997215260373155,5.552661394747824e-16,0.0,6.663193673697388e-16,0.0,20260912
3600,0.9997222993612891,0.9997222993612885,0.999722299361288,0.9997222993612885,0.9997222993612885,5.552657099548873e-16,0.0,5.552657099548873e-16,0.0,20260912
3610,0.9997230684021053,0.9997230684021047,0.9997230684021045,0.9997230684021047,0.9997230684021047,6.663183393775247e-16,0.0,2.2210611312584155e-16,0.0,20260912
3620,0.9997238331952506,0.9997238331952499,0.9997238331952483,0.9997238331952499,0.9997238331952499,6.663178296410539e-16,0.0,1.6657945741026348e-15,0.0,20260912
3630,0.99972459377582,0.9997245937758192,0.9997245937758183,0.9997245937758193,0.9997245937758193,6.663173227130485e-16,1.1105288711884142e-16,9.994759840695726e-16,0.0,20260912
3640,0.999725350178523,0.9997253501785224,0.9997253501785238,0.9997253501785224,0.9997253501785224,6.663168185703618e-16,0.0,1.4436864402357839e-15,0.0,20260912
3650,0.9997261024376888,0.9997261024376882,0.9997261024376899,0.9997261024376883,0.9997261024376883,4.442108781267338e-16,1.1105271953168346e-16,1.5547380734435684e-15,0.0,20260912
3660,0.9997268505872716,0.9997268505872712,0.9997268505872698,0.9997268505872712,0.9997268505872713,3.331579092748113e-16,1.110526364249371e-16,1.4436842735241823e-15,1.110526364249371e-16,20260912
3670,0.9997275946608559,0.9997275946608553,0.9997275946608556,0.9997275946608554,0.9997275946608554,5.552627688554428e-16,1.1105255377108855e-16,2.221051075421771e-16,0.0,20260912
3680,0.9997283346916606,0.9997283346916598,0.9997283346916601,0.9997283346916599,0.9997283346916599,6.663148293986741e-16,1.1105247156644568e-16,2.2210494313289137e-16,0.0,20260912
3690,0.9997290707125446,0.999729070712544,0.999729070712543,0.999729070712544,0.999729070712544,5.552619490367822e-16,0.0,9.99471508266208e-16,0.0,20260912
3700,0.9997298027560125,0.9997298027560119,0.9997298027560128,0.9997298027560119,0.9997298027560119,6.663138509412494e-16,0.0,8.88418467921666e-16,0.0,20260912
3710,0.9997305308542177,0.9997305308542171,0.9997305308542175,0.9997305308542171,0.9997305308542171,5.552611380571369e-16,0.0,3.3315668283428216e-16,0.0,20260912
3720,0.9997312550389686,0.999731255038968,0.9997312550389676,0.999731255038968,0.999731255038968,6.663128830048722e-16,0.0,3.331564415024361e-16,0.0,20260912
3730,0.9997319753417322,0.9997319753417314,0.9997319753417295,0.9997319753417314,0.9997319753417314,7.77364470084054e-16,0.0,1.8878851416327027e-15,0.0,20260912
3740,0.999732691793639,0.999732691793638,0.9997326917936369,0.9997326917936381,0.9997326917936381,8.884159005610076e-16,1.1105198757012595e-16,1.2215718632713854e-15,0.0,20260912
3750,0.9997334044254875,0.9997334044254865,0.9997334044254862,0.9997334044254865,0.9997334044254865,9.994671756885509e-16,0.0,3.3315572522951696e-16,0.0,20260912
3760,0.999734113267749,0.9997341132677479,0.9997341132677477,0.999734113267748,0.999734113267748,9.994664670355565e-16,1.1105182967061738e-16,2.2210365934123476e-16,0.0,20260912
3770,0.9997348183505711,0.9997348183505701,0.9997348183505712,0.9997348183505701,0.9997348183505701,9.994657621419944e-16,0.0,1.110517513491105e-15,0.0,20260912
3780,0.9997355197037832,0.999735519703782,0.9997355197037827,0.999735519703782,0.999735519703782,1.110516734420031e-15,0.0,6.663100406520186e-16,0.0,20260912
3790,0.9997362173568989,0.9997362173568979,0.9997362173568988,0.9997362173568979,0.9997362173568979,9.99464363514135e-16,0.0,8.8841276756812e-16,0.0,20260912
3800,0.9997369113391222,0.9997369113391212,0.9997369113391197,0.9997369113391212,0.9997369113391212,9.994636697211047e-16,0.0,1.5547212640106074e-15,0.0,20260912
3810,0.9997376016793503,0.9997376016793492,0.9997376016793493,0.9997376016793492,0.9997376016793492,1.1105144217444809e-15,0.0,1.1105144217444809e-16,0.0,20260912
3820,0.9997382884061773,0.9997382884061764,0.9997382884061773,0.9997382884061764,0.9997382884061764,8.884109271398373e-16,0.0,8.884109271398373e-16,0.0,20260912
3830,0.9997389715478996,0.9997389715478987,0.9997389715478998,0.9997389715478987,0.9997389715478987,8.884103200708041e-16,0.0,1.1105129000885051e-15,0.0,20260912
3840,0.9997396511325185,0.9997396511325175,0.9997396511325173,0.9997396511325176,0.9997396511325176,8.884097161635888e-16,1.110512145204486e-16,3.3315364356134577e-16,0.0,20260912
3850,0.9997403271877442,0.9997403271877434,0.9997403271877439,0.9997403271877434,0.9997403271877434,7.773579759693596e-16,0.0,4.442045576967769e-16,0.0,20260912
3860,0.9997409997410006,0.9997409997409997,0.9997409997410004,0.9997409997409997,0.9997409997409997,8.88408517736317e-16,0.0,6.663063883022378e-16,0.0,20260912
3870,0.9997416688194274,0.9997416688194265,0.9997416688194266,0.9997416688194265,0.9997416688194265,8.88407923167748e-16,0.0,1.110509903959685e-16,0.0,20260912
3880,0.9997423344498849,0.999742334449884,0.9997423344498843,0.999742334449884,0.999742334449884,8.884073316639655e-16,0.0,2.2210183291599137e-16,0.0,20260912
3890,0.9997429966589574,0.9997429966589565,0.9997429966589574,0.9997429966589566,0.9997429966589566,7.773559003011668e-16,1.1105084290016668e-16,7.773559003011668e-16,0.0,20260912
3900,0.9997436554729563,0.9997436554729556,0.9997436554729558,0.9997436554729556,0.9997436554729556,6.66304618317344e-16,0.0,2.2210153943911464e-16,0.0,20260912
3910,0.9997443109179244,0.9997443109179237,0.9997443109179249,0.9997443109179238,0.9997443109179238,5.552534845663667e-16,1.1105069691327333e-16,1.1105069691327333e-15,0.0,20260912
3920,0.9997449630196383,0.9997449630196378,0.9997449630196381,0.9997449630196379,0.9997449630196379,4.442024979137999e-16,1.1105062447844997e-16,2.2210124895689995e-16,0.0,20260912
3930,0.9997456118036129,0.9997456118036123,0.9997456118036123,0.9997456118036123,0.9997456118036123,5.552527620612583e-16,0.0,0.0,0.0,20260912
3940,0.9997462572951032,0.9997462572951027,0.999746257295105,0.9997462572951028,0.9997462572951028,4.442019228474865e-16,1.1105048071187162e-16,2.2210096142374325e-15,0.0,20260912
3950,0.9997468995191097,0.999746899519109,0.9997468995191064,0.9997468995191091,0.9997468995191091,5.552520468726574e-16,1.1105040937453147e-16,2.6652098249887554e-15,0.0,20260912
3960,0.9997475385003793,0.9997475385003787,0.9997475385003798,0.9997475385003787,0.9997475385003787,6.663020303848857e-16,0.0,1.1105033839748094e-15,0.0,20260912
3970,0.9997481742634104,0.9997481742634097,0.9997481742634101,0.9997481742634097,0.9997481742634097,7.773518744459818e-16,0.0,4.442010711119896e-16,0.0,20260912
3980,0.9997488068324547,0.9997488068324542,0.9997488068324547,0.9997488068324542,0.9997488068324542,5.552509875669282e-16,0.0,5.552509875669282e-16,0.0,20260912
3990,0.9997494362315216,0.9997494362315209,0.9997494362315219,0.9997494362315209,0.9997494362315209,6.663007656058647e-16,0.0,9.99451148408797e-16,0.0,20260912
4000,0.9997500624843794,0.9997500624843788,0.9997500624843796,0.9997500624843789,0.9997500624843789,4.442002321525252e-16,1.110500580381313e-16,6.663003482287877e-16,0.0,20260912
4010,0.9997506856145605,0.9997506856145599,0.9997506856145607,0.9997506856145599,0.9997506856145599,5.5524994411116e-16,0.0,7.77349921755624e-16,0.0,20260912
4020,0.9997513056453625,0.9997513056453619,0.999751305645362,0.9997513056453619,0.9997513056453619,6.662995197041424e-16,0.0,1.1104991995069041e-16,0.0,20260912
4030,0.9997519225998517,0.9997519225998511,0.9997519225998502,0.9997519225998511,0.9997519225998511,5.552492571047154e-16,0.0,8.883988113675446e-16,0.0,20260912
4040,0.9997525365008666,0.999752536500866,0.9997525365008665,0.9997525365008662,0.9997525365008662,4.441991329218076e-16,1.110497832304519e-16,3.3314934969135577e-16,0.0,20260912
4050,0.9997531473710201,0.9997531473710195,0.9997531473710185,0.9997531473710195,0.9997531473710195,5.552485768835197e-16,0.0,9.994474383903354e-16,0.0,20260912
4060,0.9997537552327019,0.9997537552327013,0.9997537552327009,0.9997537552327013,0.9997537552327013,6.662978871432652e-16,0.0,3.331489435716326e-16,0.0,20260912
4070,0.9997543601080822,0.9997543601080815,0.9997543601080813,0.9997543601080815,0.9997543601080816,5.552479033475444e-16,1.110495806695089e-16,3.3314874200852667e-16,1.110495806695089e-16,20260912
4080,0.9997549620191136,0.999754962019113,0.9997549620191112,0.999754962019113,0.999754962019113,6.662970828669506e-16,0.0,1.776792220978535e-15,0.0,20260912
4090,0.9997555609875342,0.9997555609875336,0.9997555609875342,0.9997555609875336,0.9997555609875336,5.552472363987182e-16,0.0,5.552472363987182e-16,0.0,20260912
4100,0.9997561570348701,0.9997561570348695,0.9997561570348703,0.9997561570348695,0.9997561570348695,5.552469053643618e-16,0.0,7.773456675101066e-16,0.0,20260912
4110,0.9997567501824379,0.9997567501824374,0.9997567501824366,0.9997567501824374,0.9997567501824374,5.552465759408782e-16,0.0,7.773452063172295e-16,0.0,20260912
4120,0.9997573404513472,0.9997573404513467,0.9997573404513466,0.9997573404513468,0.9997573404513468,4.441969984932301e-16,1.1104924962330752e-16,2.2209849924661503e-16,0.0,20260912
4130,0.9997579278625036,0.999757927862503,0.9997579278625027,0.9997579278625031,0.9997579278625031,5.552459218797241e-16,1.1104918437594483e-16,3.3314755312783447e-16,0.0,20260912
4140,0.9997585124366101,0.9997585124366095,0.9997585124366073,0.9997585124366095,0.9997585124366095,5.55245597218934e-16,0.0,2.220982388875736e-15,0.0,20260912
4150,0.9997590941941706,0.9997590941941701,0.9997590941941702,0.9997590941941701,0.9997590941941701,5.552452741227741e-16,0.0,1.1104905482455482e-16,0.0,20260912
4160,0.999759673155492,0.9997596731554914,0.9997596731554911,0.9997596731554914,0.9997596731554914,5.552449525799611e-16,0.0,3.331469715479767e-16,0.0,20260912
4170,0.9997602493406862,0.9997602493406856,0.9997602493406855,0.9997602493406856,0.9997602493406856,5.552446325793199e-16,0.0,1.11048926515864e-16,0.0,20260912
4180,0.9997608227696728,0.9997608227696723,0.9997608227696735,0.9997608227696723,0.9997608227696724,4.441954512878258e-16,1.1104886282195645e-16,1.1104886282195645e-15,1.1104886282195645e-16,20260912
4190,0.9997613934621813,0.9997613934621808,0.9997613934621813,0.9997613934621808,0.9997613934621808,4.441951977283085e-16,0.0,4.441951977283085e-16,0.0,20260912
4200,0.9997619614377533,0.9997619614377529,0.9997619614377541,0.9997619614377529,0.9997619614377529,4.441949453762175e-16,0.0,1.2215360997845978e-15,0.0,20260912
4210,0.9997625267157448,0.9997625267157444,0.999762526715745,0.9997625267157445,0.9997625267157445,3.3314602066721143e-16,1.1104867355573715e-16,4.441946942229486e-16,0.0,20260912
4220,0.9997630893153283,0.9997630893153281,0.9997630893153279,0.9997630893153281,0.9997630893153281,2.220972221299899e-16,0.0,2.220972221299899e-16,0.0,20260912
4230,0.9997636492554954,0.9997636492554951,0.999763649255495,0.9997636492554951,0.9997636492554951,3.331456466091516e-16,0.0,1.110485488697172e-16,0.0,20260912
4240,0.9997642065550579,0.9997642065550577,0.9997642065550576,0.9997642065550577,0.9997642065550578,1.110484869678134e-16,1.110484869678134e-16,2.220969739356268e-16,1.110484869678134e-16,20260912
4250,0.9997647612326513,0.9997647612326511,0.9997647612326521,0.9997647612326511,0.9997647612326511,2.2209685071442544e-16,0.0,9.994358282149146e-16,0.0,20260912
4260,0.9997653133067357,0.9997653133067355,0.9997653133067348,0.9997653133067355,0.9997653133067355,2.2209672807172733e-16,0.0,6.66290184215182e-16,0.0,20260912
4270,0.9997658627955982,0.9997658627955982,0.9997658627955971,0.9997658627955982,0.9997658627955982,0.0,0.0,1.1104830300173404e-15,0.0,20260912
4280,0.9997664097173559,0.9997664097173558,0.9997664097173556,0.9997664097173558,0.9997664097173558,1.1104824225281063e-16,0.0,1.1104824225281063e-16,0.0,20260912
4290,0.9997669540899558,0.9997669540899556,0.999766954089956,0.9997669540899558,0.9997669540899558,0.0,1.1104818178709899e-16,2.2209636357419797e-16,0.0,20260912
4300,0.9997674959311789,0.9997674959311788,0.9997674959311785,0.9997674959311788,0.9997674959311788,1.110481216026232e-16,0.0,2.220962432052464e-16,0.0,20260912
4310,0.9997680352586408,0.9997680352586407,0.9997680352586398,0.9997680352586407,0.9997680352586407,1.1104806169742576e-16,0.0,8.883844935794061e-16,0.0,20260912
4320,0.9997685720897941,0.999768572089794,0.9997685720897932,0.999768572089794,0.9997685720897941,0.0,1.1104800206956716e-16,8.883840165565373e-16,1.1104800206956716e-16,20260912
4330,0.9997691064419303,0.9997691064419302,0.9997691064419304,0.9997691064419303,0.9997691064419303,0.0,1.1104794271712593e-16,1.1104794271712593e-16,0.0,20260912
4340,0.9997696383321815,0.9997696383321815,0.9997696383321816,0.9997696383321815,0.9997696383321816,1.1104788363819826e-16,1.1104788363819826e-16,0.0,1.1104788363819826e-16,20260912
4350,0.9997701677775224,0.9997701677775224,0.9997701677775224,0.9997701677775224,0.9997701677775224,0.0,0.0,0.0,0.0,20260912
4360,0.9997706947947719,0.9997706947947718,0.9997706947947712,0.9997706947947719,0.9997706947947719,0.0,1.1104776629335568e-16,6.66286597760134e-16,0.0,20260912
4370,0.9997712194005948,0.9997712194005948,0.9997712194005927,0.9997712194005948,0.9997712194005949,1.110477080237199e-16,1.110477080237199e-16,2.2209541604743976e-15,1.110477080237199e-16,20260912
4380,0.9997717416115041,0.9997717416115042,0.9997717416115032,0.9997717416115042,0.9997717416115042,1.110476500201555e-16,0.0,9.994288501813995e-16,0.0,20260912
4390,0.9997722614438626,0.9997722614438624,0.999772261443863,0.9997722614438624,0.9997722614438624,1.1104759228084425e-16,0.0,5.552379614042212e-16,0.0,20260912
4400,0.9997727789138833,0.9997727789138832,0.9997727789138838,0.9997727789138832,0.9997727789138832,1.110475348039844e-16,0.0,6.662852088239065e-16,0.0,20260912
4410,0.9997732940376332,0.9997732940376332,0.9997732940376334,0.9997732940376332,0.9997732940376332,0.0,0.0,2.2209495517558123e-16,0.0,20260912
4420,0.9997738068310337,0.9997738068310337,0.9997738068310337,0.9997738068310337,0.9997738068310337,0.0,0.0,0.0,0.0,20260912
4430,0.9997743173098624,0.9997743173098623,0.9997743173098622,0.9997743173098623,0.9997743173098623,1.1104736393034014e-16,0.0,1.1104736393034014e-16,0.0,20260912
4440,0.9997748254897546,0.9997748254897545,0.9997748254897538,0.9997748254897545,0.9997748254897546,0.0,1.110473074855928e-16,7.773311523991495e-16,1.110473074855928e-16,20260912
4450,0.9997753313862054,0.9997753313862053,0.999775331386206,0.9997753313862053,0.9997753313862053,1.110472512945297e-16,0.0,6.662835077671782e-16,0.0,20260912
4460,0.9997758350145709,0.9997758350145707,0.9997758350145709,0.9997758350145707,0.9997758350145707,2.2209439071088893e-16,0.0,2.2209439071088893e-16,0.0,20260912
4470,0.9997763363900697,0.9997763363900692,0.9997763363900682,0.9997763363900694,0.9997763363900694,3.331414189999379e-16,1.1104713966664597e-16,1.1104713966664596e-15,0.0,20260912
4480,0.9997768355277844,0.999776835527784,0.9997768355277838,0.999776835527784,0.999776835527784,4.441883369058328e-16,0.0,1.110470842264582e-16,0.0,20260912
4490,0.9997773324426635,0.9997773324426631,0.9997773324426628,0.9997773324426631,0.9997773324426631,4.4418811613288e-16,0.0,3.3314108709966e-16,0.0,20260912
4500,0.9997778271495228,0.9997778271495222,0.9997778271495221,0.9997778271495223,0.9997778271495223,4.441878963411404e-16,1.110469740852851e-16,2.220939481705702e-16,0.0,20260912
4510,0.9997783196630464,0.9997783196630459,0.9997783196630464,0.9997783196630459,0.9997783196630459,5.552345969051088e-16,0.0,5.552345969051088e-16,0.0,20260912
4520,0.9997788099977886,0.999778809997788,0.9997788099977885,0.9997788099977881,0.9997788099977881,4.441874596752507e-16,1.1104686491881268e-16,3.3314059475643803e-16,0.0,20260912
4530,0.9997792981681753,0.9997792981681748,0.9997792981681753,0.9997792981681748,0.9997792981681748,5.552340534852742e-16,0.0,5.552340534852742e-16,0.0,20260912
4540,0.9997797841885051,0.9997797841885047,0.9997797841885048,0.9997797841885048,0.9997797841885048,3.331402701424781e-16,1.1104675671415936e-16,0.0,0.0,20260912
4550,0.9997802680729514,0.999780268072951,0.999780268072951,0.999780268072951,0.999780268072951,4.441868118742055e-16,0.0,0.0,0.0,20260912
4560,0.9997807498355628,0.9997807498355623,0.9997807498355624,0.9997807498355623,0.9997807498355624,3.331399483760091e-16,1.110466494586697e-16,0.0,1.110466494586697e-16,20260912
4570,0.9997812294902652,0.9997812294902647,0.9997812294902656,0.9997812294902647,0.9997812294902647,4.441863847318678e-16,0.0,8.883727694637357e-16,0.0,20260912
4580,0.9997817070508628,0.9997817070508622,0.9997817070508638,0.9997817070508622,0.9997817070508622,5.552327156995461e-16,0.0,1.554651603958729e-15,0.0,20260912
4590,0.9997821825310395,0.9997821825310389,0.9997821825310378,0.999782182531039,0.999782182531039,4.441859613119036e-16,1.110464903279759e-16,1.2215113936077348e-15,0.0,20260912
4600,0.9997826559443606,0.9997826559443599,0.9997826559443607,0.9997826559443599,0.9997826559443599,6.662786264739581e-16,0.0,7.773250642196178e-16,0.0,20260912
4610,0.999783127304273,0.9997831273042723,0.9997831273042737,0.9997831273042723,0.9997831273042724,5.552319269573315e-16,1.110463853914663e-16,1.2215102393061293e-15,1.110463853914663e-16,20260912
4620,0.9997835966241078,0.9997835966241073,0.9997835966241071,0.9997835966241073,0.9997835966241073,4.441853330556579e-16,0.0,2.2209266652782896e-16,0.0,20260912
4630,0.999784063917081,0.9997840639170805,0.9997840639170807,0.9997840639170805,0.9997840639170805,4.441851254461426e-16,0.0,2.220925627230713e-16,0.0,20260912
4640,0.9997845291962943,0.9997845291962939,0.999784529196293,0.9997845291962939,0.9997845291962939,4.441849187314958e-16,0.0,8.883698374629917e-16,0.0,20260912
4650,0.9997849924747372,0.9997849924747366,0.9997849924747378,0.9997849924747366,0.9997849924747366,5.552308911324304e-16,0.0,1.221507960491347e-15,0.0,20260912
4660,0.9997854537652868,0.9997854537652864,0.9997854537652845,0.9997854537652864,0.9997854537652864,4.441845079637644e-16,0.0,1.8877841588459984e-15,0.0,20260912
4670,0.9997859130807111,0.9997859130807107,0.9997859130807093,0.9997859130807107,0.9997859130807107,3.331382279244608e-16,0.0,1.4435989876726635e-15,0.0,20260912
4680,0.9997863704336684,0.999786370433668,0.9997863704336669,0.999786370433668,0.999786370433668,3.3313807553015114e-16,0.0,1.1104602517671704e-15,0.0,20260912
4690,0.999786825836709,0.9997868258367085,0.999786825836709,0.9997868258367085,0.9997868258367086,3.331379237857106e-16,1.1104597459523686e-16,3.331379237857106e-16,1.1104597459523686e-16,20260912
4700,0.9997872793022765,0.9997872793022761,0.9997872793022734,0.9997872793022761,0.9997872793022761,4.441836969159882e-16,0.0,2.665102181495929e-15,0.0,20260912
4710,0.999787730842709,0.9997877308427086,0.9997877308427089,0.9997877308427086,0.9997877308427086,4.441834963065063e-16,0.0,3.331376222298798e-16,0.0,20260912
4720,0.9997881804702398,0.9997881804702393,0.9997881804702392,0.9997881804702393,0.9997881804702393,4.441832965470648e-16,0.0,1.110458241367662e-16,0.0,20260912
4730,0.999788628196999,0.9997886281969984,0.9997886281969969,0.9997886281969985,0.9997886281969985,4.441830976322719e-16,1.1104577440806799e-16,1.6656866161210197e-15,0.0,20260912
4740,0.9997890740350139,0.9997890740350137,0.9997890740350148,0.9997890740350137,0.9997890740350137,2.2209144977839104e-16,0.0,1.1104572488919551e-15,0.0,20260912
4750,0.9997895179962116,0.9997895179962113,0.9997895179962115,0.9997895179962113,0.9997895179962113,3.3313702673647067e-16,0.0,2.220913511576471e-16,0.0,20260912
4760,0.9997899600924178,0.9997899600924175,0.9997899600924166,0.9997899600924175,0.9997899600924176,2.2209125295127606e-16,1.1104562647563803e-16,9.994106382807422e-16,1.1104562647563803e-16,20260912
4770,0.9997904003353597,0.9997904003353594,0.9997904003353579,0.9997904003353595,0.9997904003353595,2.220911551566718e-16,1.110455775783359e-16,1.5546380860967023e-15,0.0,20260912
4780,0.9997908387366661,0.999790838736666,0.9997908387366662,0.999790838736666,0.999790838736666,1.1104552888562498e-16,0.0,2.2209105777124995e-16,0.0,20260912
4790,0.9997912753078692,0.9997912753078688,0.9997912753078689,0.9997912753078689,0.9997912753078689,2.220909607924478e-16,1.110454803962239e-16,0.0,0.0,20260912
4800,0.9997917100604042,0.999791710060404,0.999791710060403,0.999791710060404,0.9997917100604041,1.1104543210886202e-16,1.1104543210886202e-16,1.1104543210886201e-15,1.1104543210886202e-16,20260912
4810,0.9997921430056124,0.9997921430056121,0.9997921430056103,0.9997921430056121,0.9997921430056121,2.2209076804455836e-16,0.0,1.8877715283787457e-15,0.0,20260912
4820,0.9997925741547398,0.9997925741547397,0.9997925741547392,0.9997925741547397,0.9997925741547397,1.1104533613522572e-16,0.0,4.441813445409029e-16,0.0,20260912
4830,0.9997930035189403,0.9997930035189402,0.9997930035189382,0.9997930035189402,0.9997930035189402,1.1104528844646233e-16,0.0,1.9988151920363222e-15,0.0,20260912
4840,0.9997934311092751,0.9997934311092749,0.9997934311092742,0.9997934311092749,0.999793431109275,1.1104524095475997e-16,1.1104524095475997e-16,7.773166866833198e-16,1.1104524095475997e-16,20260912
4850,0.9997938569367141,0.9997938569367141,0.9997938569367151,0.9997938569367141,0.9997938569367141,0.0,0.0,9.99406742930097e-16,0.0,20260912
4860,0.9997942810121374,0.9997942810121374,0.9997942810121371,0.9997942810121374,0.9997942810121374,0.0,0.0,3.3313543967301766e-16,0.0,20260912
4870,0.9997947033463356,0.9997947033463354,0.999794703346335,0.9997947033463355,0.9997947033463355,1.1104509964987961e-16,1.1104509964987961e-16,4.4418039859951845e-16,0.0,20260912
4880,0.9997951239500102,0.9997951239500102,0.999795123950011,0.9997951239500102,0.9997951239500102,0.0,0.0,7.773153705403222e-16,0.0,20260912
4890,0.9997955428337763,0.9997955428337763,0.9997955428337759,0.9997955428337764,0.9997955428337764,1.1104500640984949e-16,1.1104500640984949e-16,4.441800256393979e-16,0.0,20260912
4900,0.9997959600081615,0.9997959600081615,0.9997959600081626,0.9997959600081616,0.9997959600081616,1.110449600752631e-16,1.110449600752631e-16,9.99404640677368e-16,0.0,20260912
4910,0.9997963754836082,0.9997963754836082,0.9997963754836086,0.9997963754836082,0.9997963754836082,0.0,0.0,3.3313474178823687e-16,0.0,20260912
4920,0.9997967892704733,0.9997967892704734,0.9997967892704744,0.9997967892704734,0.9997967892704734,1.1104486797114625e-16,0.0,9.994038117403162e-16,0.0,20260912
4930,0.9997972013790305,0.9997972013790306,0.9997972013790306,0.9997972013790306,0.9997972013790306,1.1104482219932347e-16,0.0,0.0,0.0,20260912
4940,0.9997976118194698,0.9997976118194697,0.9997976118194695,0.9997976118194697,0.9997976118194697,1.1104477661281173e-16,0.0,2.2208955322562346e-16,0.0,20260912
4950,0.9997980206018986,0.9997980206018986,0.9997980206018985,0.9997980206018986,0.9997980206018986,0.0,0.0,1.110447312104879e-16,0.0,20260912
4960,0.9997984277363434,0.9997984277363434,0.9997984277363442,0.9997984277363434,0.9997984277363435,1.1104468599123794e-16,1.1104468599123794e-16,6.662681159474276e-16,1.1104468599123794e-16,20260912
4970,0.9997988332327499,0.9997988332327499,0.9997988332327493,0.99979883323275,0.99979883323275,1.110446409539568e-16,1.110446409539568e-16,6.662678457237408e-16,0.0,20260912
4980,0.9997992371009837,0.9997992371009837,0.9997992371009825,0.9997992371009837,0.9997992371009837,0.0,0.0,1.2214905570730312e-15,0.0,20260912
4990,0.9997996393508314,0.9997996393508315,0.99979963935083,0.9997996393508315,0.9997996393508315,1.1104455142092498e-16,0.0,1.4435791684720248e-15,0.0,20260912
5000,0.9998000399920015,0.9998000399920015,0.9998000399920015,0.9998000399920016,0.9998000399920016,1.1104450692300815e-16,1.1104450692300815e-16,1.1104450692300815e-16,0.0,20260912
5010,0.999800439034125,0.9998004390341249,0.9998004390341266,0.999800439034125,0.999800439034125,0.0,1.1104446260272772e-16,1.665666939040916e-15,0.0,20260912
5020,0.9998008364867557,0.9998008364867556,0.9998008364867564,0.9998008364867557,0.9998008364867557,0.0,1.1104441845902212e-16,7.773109292131549e-16,0.0,20260912
5030,0.999801232359372,0.9998012323593718,0.9998012323593712,0.9998012323593719,0.9998012323593719,1.110443744908382e-16,1.110443744908382e-16,6.662662469450293e-16,0.0,20260912
5040,0.9998016266613768,0.9998016266613766,0.9998016266613765,0.9998016266613767,0.9998016266613767,1.1104433069713123e-16,1.1104433069713123e-16,2.2208866139426246e-16,0.0,20260912
5050,0.9998020194020987,0.9998020194020986,0.9998020194020978,0.9998020194020986,0.9998020194020986,1.1104428707686467e-16,0.0,7.773100095380527e-16,0.0,20260912
5060,0.9998024105907926,0.9998024105907923,0.9998024105907923,0.9998024105907923,0.9998024105907923,2.2208848725802047e-16,0.0,0.0,0.0,20260912
5070,0.99980280023664,0.9998028002366397,0.999802800236641,0.9998028002366397,0.9998028002366397,3.3313260105764315e-16,0.0,1.3325304042305726e-15,0.0,20260912
5080,0.9998031883487505,0.9998031883487501,0.9998031883487503,0.9998031883487503,0.9998031883487503,2.2208831449292996e-16,1.1104415724646498e-16,0.0,0.0,20260912
5090,0.9998035749361621,0.9998035749361618,0.9998035749361616,0.9998035749361618,0.9998035749361619,2.220882286195156e-16,1.110441143097578e-16,3.331323429292734e-16,1.110441143097578e-16,20260912
5100,0.999803960007842,0.9998039600078416,0.9998039600078423,0.9998039600078416,0.9998039600078416,4.441762861657195e-16,0.0,7.773085007900092e-16,0.0,20260912
5110,0.9998043435726869,0.9998043435726863,0.9998043435726873,0.9998043435726863,0.9998043435726863,5.552201447024633e-16,0.0,9.99396260464434e-16,0.0,20260912
5120,0.999804725639524,0.9998047256395235,0.9998047256395234,0.9998047256395235,0.9998047256395235,5.552199325298268e-16,0.0,1.1104398650596537e-16,0.0,20260912
5130,0.9998051062171122,0.9998051062171116,0.9998051062171113,0.9998051062171116,0.9998051062171117,4.441757769474993e-16,1.1104394423687482e-16,4.441757769474993e-16,1.1104394423687482e-16,20260912
5140,0.9998054853141417,0.9998054853141412,0.9998054853141419,0.9998054853141412,0.9998054853141413,4.441756085290218e-16,1.1104390213225544e-16,6.662634127935327e-16,1.1104390213225544e-16,20260912
5150,0.9998058629392358,0.999805862939235,0.9998058629392353,0.9998058629392351,0.9998058629392351,6.662631611468949e-16,1.1104386019114915e-16,2.220877203822983e-16,0.0,20260912
5160,0.9998062391009501,0.9998062391009493,0.9998062391009489,0.9998062391009495,0.9998062391009495,6.662629104756317e-16,1.1104381841260528e-16,5.552190920630264e-16,0.0,20260912
5170,0.9998066138077749,0.999806613807774,0.9998066138077724,0.9998066138077741,0.9998066138077741,7.773064375697639e-16,1.1104377679568054e-16,1.7767004287308886e-15,0.0,20260912
5180,0.9998069870681344,0.9998069870681335,0.9998069870681341,0.9998069870681335,0.9998069870681335,8.883498827155114e-16,0.0,5.552186766971946e-16,0.0,20260912
5190,0.9998073588903882,0.9998073588903872,0.9998073588903882,0.9998073588903872,0.9998073588903872,9.993932463865643e-16,0.0,9.993932463865643e-16,0.0,20260912
5200,0.9998077292828311,0.9998077292828301,0.9998077292828301,0.9998077292828302,0.9998077292828302,8.883492232423752e-16,1.110436529052969e-16,1.110436529052969e-16,0.0,20260912
5210,0.999808098253695,0.9998080982536941,0.9998080982536945,0.9998080982536941,0.9998080982536941,8.883488954044822e-16,0.0,4.441744477022411e-16,0.0,20260912
5220,0.9998084658111482,0.9998084658111472,0.9998084658111488,0.9998084658111472,0.9998084658111472,9.993921399255073e-16,0.0,1.5546099954396782e-15,0.0,20260912
5230,0.9998088319632965,0.9998088319632957,0.9998088319632957,0.9998088319632957,0.9998088319632957,7.77304713053525e-16,0.0,0.0,0.0,20260912
5240,0.9998091967181844,0.9998091967181835,0.9998091967181847,0.9998091967181836,0.9998091967181836,7.773044294737236e-16,1.1104348992481765e-16,1.1104348992481766e-15,0.0,20260912
5250,0.9998095600837943,0.9998095600837935,0.9998095600837944,0.9998095600837935,0.9998095600837935,7.773041469742263e-16,0.0,8.88347596541973e-16,0.0,20260912
5260,0.9998099220680486,0.9998099220680479,0.9998099220680465,0.9998099220680479,0.9998099220680479,7.773038655488715e-16,0.0,1.332520912369494e-15,0.0,20260912
5270,0.9998102826788093,0.9998102826788086,0.9998102826788083,0.9998102826788086,0.9998102826788086,7.773035851915446e-16,0.0,2.220867386261556e-16,0.0,20260912
5280,0.999810641923879,0.999810641923878,0.9998106419238794,0.999810641923878,0.999810641923878,9.993899647236566e-16,0.0,1.3325199529648754e-15,0.0,20260912
5290,0.9998109998110009,0.9998109998109997,0.9998109998110006,0.9998109998109997,0.9998109998109999,9.993896069872463e-16,1.1104328966524959e-16,7.773030276567471e-16,1.1104328966524959e-16,20260912
5300,0.9998113563478598,0.9998113563478589,0.9998113563478594,0.9998113563478589,0.9998113563478589,8.883460005340309e-16,0.0,5.552162503337693e-16,0.0,20260912
5310,0.9998117115420834,0.9998117115420824,0.9998117115420827,0.9998117115420825,0.9998117115420825,8.8834568493924e-16,1.11043210617405e-16,2.2208642123481e-16,0.0,20260912
5320,0.9998120654012411,0.9998120654012403,0.999812065401241,0.9998120654012403,0.9998120654012403,7.77302199214534e-16,0.0,6.66259027898172e-16,0.0,20260912
5330,0.9998124179328463,0.9998124179328456,0.9998124179328481,0.9998124179328456,0.9998124179328456,6.662587929767403e-16,0.0,2.553992039744171e-15,0.0,20260912
5340,0.9998127691443557,0.9998127691443549,0.9998127691443575,0.999812769144355,0.999812769144355,6.662585589351642e-16,1.110430931558607e-16,2.4429480494289353e-15,0.0,20260912
5350,0.9998131190431702,0.9998131190431695,0.9998131190431696,0.9998131190431695,0.9998131190431695,6.662583257685099e-16,0.0,1.1104305429475164e-16,0.0,20260912
5360,0.9998134676366356,0.9998134676366349,0.999813467636636,0.9998134676366349,0.9998134676366349,6.662580934718803e-16,0.0,1.1104301557864673e-15,0.0,20260912
5370,0.999813814932043,0.9998138149320424,0.9998138149320448,0.9998138149320425,0.9998138149320425,5.552148850336793e-16,1.1104297700673586e-16,2.331902517141453e-15,0.0,20260912
5380,0.9998141609366296,0.9998141609366288,0.9998141609366279,0.9998141609366289,0.9998141609366289,6.662576314692901e-16,1.11042938578215e-16,9.99386447203935e-16,0.0,20260912
5390,0.999814505657578,0.9998145056575773,0.9998145056575783,0.9998145056575775,0.9998145056575775,5.552145014614303e-16,1.1104290029228605e-16,8.883432023382884e-16,0.0,20260912
5400,0.9998148491020187,0.9998148491020181,0.999814849102018,0.9998148491020181,0.9998148491020181,5.552143107407843e-16,0.0,1.1104286214815687e-16,0.0,20260912
5410,0.9998151912770288,0.9998151912770282,0.9998151912770291,0.9998151912770282,0.9998151912770282,5.552141207252054e-16,0.0,8.883425931603287e-16,0.0,20260912
5420,0.9998155321896334,0.9998155321896328,0.9998155321896327,0.9998155321896329,0.9998155321896329,4.441711451286327e-16,1.1104278628215818e-16,2.2208557256431636e-16,0.0,20260912
5430,0.9998158718468056,0.9998158718468053,0.9998158718468058,0.9998158718468053,0.9998158718468054,2.2208549711746685e-16,1.1104274855873342e-16,3.3312824567620025e-16,1.1104274855873342e-16,20260912
5440,0.9998162102554681,0.9998162102554677,0.9998162102554697,0.9998162102554677,0.9998162102554677,3.331281329219932e-16,0.0,1.9987687975319593e-15,0.0,20260912
5450,0.9998165474224916,0.9998165474224913,0.9998165474224908,0.9998165474224913,0.9998165474224913,3.33128020581563e-16,0.0,4.441706941087507e-16,0.0,20260912
5460,0.9998168833546974,0.9998168833546969,0.9998168833546975,0.999816883354697,0.999816883354697,4.441705448701817e-16,1.1104263621754542e-16,5.552131810877271e-16,0.0,20260912
5470,0.9998172180588561,0.9998172180588557,0.9998172180588577,0.9998172180588558,0.9998172180588558,3.33127797132956e-16,1.1104259904431868e-16,1.8877241837534174e-15,0.0,20260912
5480,0.9998175515416898,0.9998175515416894,0.9998175515416897,0.9998175515416895,0.9998175515416895,3.331276860202819e-16,1.1104256200676063e-16,2.2208512401352127e-16,0.0,20260912
5490,0.9998178838098709,0.9998178838098707,0.9998178838098706,0.9998178838098707,0.9998178838098707,2.220850502082599e-16,0.0,1.1104252510412995e-16,0.0,20260912
5500,0.9998182148700239,0.9998182148700235,0.999818214870024,0.9998182148700236,0.9998182148700236,2.220849766713813e-16,1.1104248833569064e-16,3.3312746500707196e-16,0.0,20260912
5510,0.9998185447287244,0.9998185447287243,0.9998185447287232,0.9998185447287243,0.9998185447287243,1.1104245170071213e-16,0.0,1.1104245170071213e-15,0.0,20260912
5520,0.9998188733925013,0.9998188733925013,0.999818873392502,0.9998188733925013,0.9998188733925013,0.0,0.0,6.66254491190814e-16,0.0,20260912
5530,0.9998192008678359,0.9998192008678358,0.9998192008678338,0.9998192008678358,0.9998192008678358,1.1104237882824124e-16,0.0,1.9987628189083424e-15,0.0,20260912
5540,0.9998195271611623,0.9998195271611622,0.9998195271611606,0.9998195271611622,0.9998195271611623,0.0,1.1104234258931394e-16,1.6656351388397091e-15,1.1104234258931394e-16,20260912
5550,0.9998198522788687,0.9998198522788686,0.9998198522788682,0.9998198522788686,0.9998198522788687,0.0,1.1104230648097737e-16,5.552115324048869e-16,1.1104230648097737e-16,20260912
5560,0.9998201762272974,0.9998201762272972,0.9998201762272968,0.9998201762272972,0.9998201762272972,1.110422705025269e-16,0.0,4.441690820101076e-16,0.0,20260912
5570,0.999820499012745,0.9998204990127445,0.9998204990127458,0.9998204990127445,0.9998204990127446,3.331267039597889e-16,1.1104223465326296e-16,1.2214645811858925e-15,1.1104223465326296e-16,20260912
5580,0.9998208206414626,0.999820820641462,0.9998208206414605,0.999820820641462,0.999820820641462,5.552109946624551e-16,0.0,1.5545907850548743e-15,0.0,20260912
5590,0.9998211411196571,0.9998211411196566,0.9998211411196564,0.9998211411196566,0.9998211411196566,5.552108166976073e-16,0.0,2.220843266790429e-16,0.0,20260912
5600,0.9998214604534909,0.9998214604534904,0.9998214604534907,0.9998214604534904,0.9998214604534904,4.441685114946787e-16,0.0,3.3312638362100903e-16,0.0,20260912
5610,0.9998217786490824,0.9998217786490821,0.9998217786490825,0.9998217786490822,0.9998217786490822,2.220841850685117e-16,1.1104209253425586e-16,3.3312627760276755e-16,0.0,20260912
5620,0.9998220957125068,0.9998220957125066,0.9998220957125071,0.9998220957125067,0.9998220957125067,1.1104205732060507e-16,1.1104205732060507e-16,4.441682292824203e-16,0.0,20260912
5630,0.999822411649796,0.9998224116497957,0.9998224116497973,0.9998224116497958,0.9998224116497958,2.2208404446409436e-16,1.1104202223204718e-16,1.5545883112486605e-15,0.0,20260912
5640,0.9998227264669388,0.9998227264669385,0.9998227264669394,0.9998227264669385,0.9998227264669385,3.331259618037504e-16,0.0,8.883358981433345e-16,0.0,20260912
5650,0.9998230401698817,0.9998230401698814,0.9998230401698806,0.9998230401698814,0.9998230401698814,2.2208390485510655e-16,0.0,8.883356194204262e-16,0.0,20260912
5660,0.9998233527645294,0.9998233527645292,0.9998233527645315,0.9998233527645293,0.9998233527645293,1.1104191771030056e-16,1.1104191771030056e-16,2.220838354206011e-15,0.0,20260912
5670,0.9998236642567448,0.9998236642567448,0.9998236642567461,0.9998236642567448,0.9998236642567448,0.0,0.0,1.2214607142705802e-15,0.0,20260912
5680,0.9998239746523498,0.9998239746523498,0.9998239746523494,0.99982397465235,0.99982397465235,1.1104184864252666e-16,1.1104184864252666e-16,5.552092432126333e-16,0.0,20260912
5690,0.9998242839571252,0.9998242839571252,0.9998242839571253,0.9998242839571253,0.9998242839571253,1.1104181429071644e-16,1.1104181429071644e-16,0.0,0.0,20260912
5700,0.999824592176811,0.9998245921768111,0.9998245921768109,0.9998245921768111,0.9998245921768111,1.110417800594389e-16,0.0,2.220835601188778e-16,0.0,20260912
5710,0.9998248993171072,0.9998248993171073,0.9998248993171069,0.9998248993171073,0.9998248993171074,2.220834918961215e-16,1.1104174594806076e-16,4.44166983792243e-16,1.1104174594806076e-16,20260912
5720,0.999825205383674,0.9998252053836741,0.9998252053836748,0.9998252053836741,0.9998252053836741,1.1104171195595317e-16,0.0,6.66250271735719e-16,0.0,20260912
5730,0.9998255103821323,0.9998255103821322,0.999825510382131,0.9998255103821323,0.9998255103821323,0.0,1.1104167808249166e-16,1.3325001369898999e-15,0.0,20260912
5740,0.9998258143180632,0.999825814318063,0.999825814318061,0.999825814318063,0.999825814318063,1.1104164432705617e-16,0.0,2.109791242214067e-15,0.0,20260912
5750,0.9998261171970093,0.9998261171970092,0.999826117197009,0.9998261171970092,0.9998261171970092,1.1104161068903088e-16,0.0,2.2208322137806177e-16,0.0,20260912
5760,0.999826419024475,0.9998264190244749,0.9998264190244744,0.9998264190244749,0.9998264190244749,1.110415771678043e-16,0.0,4.441663086712172e-16,0.0,20260912
5770,0.9998267198059264,0.9998267198059262,0.9998267198059257,0.9998267198059262,0.9998267198059262,2.2208308752553823e-16,0.0,4.441661750510765e-16,0.0,20260912
5780,0.9998270195467914,0.9998270195467912,0.9998270195467935,0.9998270195467912,0.9998270195467912,2.220830209466446e-16,0.0,2.3318717199397687e-15,0.0,20260912
5790,0.9998273182524609,0.9998273182524606,0.9998273182524628,0.9998273182524607,0.9998273182524607,1.1104147729886495e-16,1.1104147729886495e-16,2.1097880686784342e-15,0.0,20260912
5800,0.9998276159282884,0.9998276159282882,0.9998276159282887,0.9998276159282882,0.9998276159282882,2.220828884776046e-16,0.0,5.552072211940115e-16,0.0,20260912
5810,0.9998279125795906,0.9998279125795904,0.9998279125795887,0.9998279125795905,0.9998279125795905,1.1104141129254363e-16,1.1104141129254363e-16,1.776662580680698e-15,0.0,20260912
5820,0.9998282082116479,0.9998282082116474,0.999828208211647,0.9998282082116474,0.9998282082116475,3.33124135378507e-16,1.1104137845950234e-16,5.552068922975117e-16,1.1104137845950234e-16,20260912
5830,0.9998285028297038,0.9998285028297033,0.9998285028297038,0.9998285028297033,0.9998285028297033,5.552067286954793e-16,0.0,5.552067286954793e-16,0.0,20260912
5840,0.9998287964389665,0.9998287964389659,0.9998287964389655,0.9998287964389659,0.9998287964389659,5.552065656537277e-16,0.0,4.441652525229821e-16,0.0,20260912
5850,0.9998290890446084,0.9998290890446078,0.9998290890446079,0.9998290890446078,0.9998290890446078,6.662476838032606e-16,0.0,1.1104128063387677e-16,0.0,20260912
5860,0.9998293806517663,0.9998293806517659,0.9998293806517674,0.9998293806517659,0.999829380651766,3.3312374474375643e-16,1.110412482479188e-16,1.4435362272229444e-15,1.110412482479188e-16,20260912
5870,0.9998296712655429,0.9998296712655425,0.9998296712655419,0.9998296712655425,0.9998296712655425,4.441648638892194e-16,0.0,5.552060798615243e-16,0.0,20260912
5880,0.9998299608910054,0.9998299608910048,0.9998299608910052,0.999829960891005,0.999829960891005,4.441647352258874e-16,1.1104118380647185e-16,2.220823676129437e-16,0.0,20260912
5890,0.9998302495331866,0.9998302495331862,0.9998302495331873,0.9998302495331862,0.9998302495331862,3.331234552495822e-16,0.0,1.1104115174986074e-15,0.0,20260912
5900,0.9998305371970856,0.9998305371970851,0.9998305371970837,0.9998305371970853,0.9998305371970853,3.3312335940574823e-16,1.1104111980191609e-16,1.554575677226825e-15,0.0,20260912
5910,0.9998308238876673,0.999830823887667,0.9998308238876666,0.9998308238876671,0.9998308238876671,2.220821759241726e-16,1.110410879620863e-16,4.441643518483452e-16,0.0,20260912
5920,0.9998311096098634,0.9998311096098631,0.9998311096098642,0.9998311096098632,0.9998311096098632,2.22082112459647e-16,1.110410562298235e-16,9.993695060684115e-16,0.0,20260912
5930,0.9998313943685722,0.9998313943685718,0.9998313943685715,0.9998313943685719,0.9998313943685719,2.2208204920916707e-16,1.1104102460458353e-16,4.441640984183341e-16,0.0,20260912
5940,0.9998316781686586,0.9998316781686585,0.9998316781686598,0.9998316781686585,0.9998316781686585,1.1104099308582585e-16,0.0,1.33249191702991e-15,0.0,20260912
5950,0.9998319610149556,0.9998319610149554,0.9998319610149555,0.9998319610149554,0.9998319610149554,2.2208192334602714e-16,0.0,1.1104096167301357e-16,0.0,20260912
5960,0.9998322429122631,0.999832242912263,0.9998322429122642,0.999832242912263,0.999832242912263,1.110409303656134e-16,0.0,1.2214502340217473e-15,0.0,20260912
5970,0.9998325238653492,0.9998325238653492,0.999832523865348,0.9998325238653492,0.9998325238653492,0.0,0.0,1.1104089916309565e-15,0.0,20260912
5980,0.99983280387895,0.99983280387895,0.999832803878948,0.99983280387895,0.99983280387895,0.0,0.0,1.9987356251688145e-15,0.0,20260912
5990,0.9998330829577698,0.99983308295777,0.9998330829577695,0.99983308295777,0.99983308295777,1.1104083707060622e-16,0.0,4.441633482824249e-16,0.0,20260912
6000,0.999833361106482,0.9998333611064822,0.9998333611064789,0.9998333611064822,0.9998333611064822,2.220816123591855e-16,0.0,3.331224185387782e-15,0.0,20260912
6010,0.9998336383297286,0.9998336383297288,0.9998336383297284,0.9998336383297288,0.9998336383297288,2.2208155078275593e-16,0.0,4.441631015655119e-16,0.0,20260912
6020,0.9998339146321208,0.9998339146321209,0.9998339146321207,0.9998339146321209,0.9998339146321209,1.1104074470544963e-16,0.0,2.2208148941089926e-16,0.0,20260912
6030,0.9998341900182389,0.999834190018239,0.9998341900182399,0.999834190018239,0.9998341900182391,2.2208142824259766e-16,1.1104071412129883e-16,7.772849988490917e-16,1.1104071412129883e-16,20260912
6040,0.9998344644926335,0.9998344644926336,0.999834464492633,0.9998344644926337,0.9998344644926337,2.220813672768401e-16,1.1104068363842004e-16,6.662441018305203e-16,0.0,20260912
6050,0.9998347380598247,0.9998347380598248,0.9998347380598255,0.9998347380598248,0.9998347380598248,1.110406532563111e-16,0.0,6.662439195378667e-16,0.0,20260912
6060,0.9998350107243029,0.9998350107243029,0.9998350107243019,0.9998350107243029,0.9998350107243029,0.0,0.0,9.993656067702584e-16,0.0,20260912
6070,0.9998352824905288,0.9998352824905287,0.9998352824905307,0.9998352824905288,0.9998352824905288,0.0,1.1104059279241064e-16,1.8876900774709807e-15,0.0,20260912
6080,0.9998355533629338,0.9998355533629337,0.999835553362933,0.9998355533629337,0.9998355533629337,1.110405627096312e-16,0.0,7.772839389674184e-16,0.0,20260912
6090,0.9998358233459205,0.9998358233459201,0.9998358233459196,0.9998358233459202,0.9998358233459202,2.2208106545129155e-16,1.1104053272564578e-16,6.662431963538747e-16,0.0,20260912
6100,0.999836092443862,0.9998360924438616,0.9998360924438634,0.9998360924438616,0.9998360924438616,3.331215085199056e-16,0.0,1.7766480454394966e-15,0.0,20260912
6110,0.9998363606611033,0.9998363606611029,0.9998363606611028,0.9998363606611029,0.9998363606611029,3.3312141915635016e-16,0.0,1.110404730521167e-16,0.0,20260912
6120,0.9998366280019608,0.9998366280019604,0.999836628001961,0.9998366280019605,0.9998366280019605,3.331213300848325e-16,1.1104044336161084e-16,5.552022168080541e-16,0.0,20260912
6130,0.9998368944707232,0.9998368944707225,0.9998368944707244,0.9998368944707225,0.9998368944707225,6.662424826078468e-16,0.0,1.887687034055566e-15,0.0,20260912
6140,0.9998371600716502,0.9998371600716495,0.9998371600716489,0.9998371600716496,0.9998371600716496,6.662423056244058e-16,1.110403842707343e-16,6.662423056244058e-16,0.0,20260912
6150,0.9998374248089749,0.9998374248089741,0.9998374248089731,0.9998374248089741,0.9998374248089742,6.662421292165208e-16,1.110403548694201e-16,1.1104035486942013e-15,1.110403548694201e-16,20260912
6160,0.9998376886869024,0.9998376886869015,0.9998376886869027,0.9998376886869015,0.9998376886869015,8.88322604508518e-16,0.0,1.2214435811992125e-15,0.0,20260912
6170,0.9998379517096102,0.9998379517096094,0.9998379517096101,0.9998379517096094,0.9998379517096094,7.772820744689285e-16,0.0,6.662417781162244e-16,0.0,20260912
6180,0.9998382138812497,0.9998382138812489,0.9998382138812512,0.9998382138812489,0.9998382138812489,7.772818706546383e-16,0.0,2.220805344727538e-15,0.0,20260912
6190,0.9998384752059449,0.999838475205944,0.9998384752059456,0.999838475205944,0.9998384752059442,7.772816674988758e-16,1.110402382141251e-16,1.4435230967836264e-15,1.110402382141251e-16,20260912
6200,0.999838735687793,0.9998387356877922,0.9998387356877927,0.9998387356877922,0.9998387356877922,7.772814649984544e-16,0.0,4.4416083714197395e-16,0.0,20260912
6210,0.9998389953308653,0.9998389953308645,0.9998389953308661,0.9998389953308646,0.9998389953308646,6.662410827001784e-16,1.1104018045002973e-16,1.4435223458503867e-15,0.0,20260912
6220,0.9998392541392067,0.9998392541392058,0.9998392541392069,0.9998392541392059,0.9998392541392059,7.772810619509918e-16,1.1104015170728455e-16,9.99361365365561e-16,0.0,20260912
6230,0.9998395121168359,0.9998395121168351,0.9998395121168367,0.9998395121168352,0.9998395121168352,6.662407383408685e-16,1.110401230568114e-16,1.5545617227953596e-15,0.0,20260912
6240,0.999839769267746,0.9998397692677455,0.9998397692677451,0.9998397692677455,0.9998397692677455,4.441603779926668e-16,0.0,4.441603779926668e-16,0.0,20260912
6250,0.999840025595905,0.9998400255959046,0.9998400255959022,0.9998400255959047,0.9998400255959047,3.3312019809272897e-16,1.1104006603090965e-16,2.4428814526800122e-15,0.0,20260912
6260,0.9998402811052551,0.9998402811052547,0.9998402811052551,0.9998402811052547,0.9998402811052548,3.3312011296380693e-16,1.110400376546023e-16,3.3312011296380693e-16,1.110400376546023e-16,20260912
6270,0.9998405357997132,0.9998405357997129,0.9998405357997124,0.999840535799713,0.999840535799713,2.22080018737619e-16,1.110400093688095e-16,5.552000468440476e-16,0.0,20260912
6280,0.9998407896831718,0.9998407896831715,0.9998407896831727,0.9998407896831715,0.9998407896831715,3.331199435192966e-16,0.0,1.2214397929040875e-15,0.0,20260912
6290,0.999841042759498,0.9998410427594977,0.9998410427594959,0.9998410427594977,0.9998410427594977,3.331198592011221e-16,0.0,1.776639249072651e-15,0.0,20260912
6300,0.9998412950325348,0.9998412950325345,0.9998412950325342,0.9998412950325345,0.9998412950325345,3.331197751506244e-16,0.0,3.331197751506244e-16,0.0,20260912
6310,0.9998415465061009,0.9998415465061005,0.9998415465060991,0.9998415465061005,0.9998415465061005,4.441595884887077e-16,0.0,1.3324787654661229e-15,0.0,20260912
6320,0.9998417971839905,0.9998417971839898,0.999841797183989,0.9998417971839899,0.9998417971839899,5.551993464126277e-16,1.1103986928252553e-16,8.883189542602043e-16,0.0,20260912
6330,0.9998420470699738,0.9998420470699731,0.9998420470699731,0.9998420470699731,0.9998420470699731,6.66239049185011e-16,0.0,0.0,0.0,20260912
6340,0.9998422961677976,0.9998422961677969,0.9998422961677973,0.9998422961677969,0.9998422961677969,7.772786970668269e-16,0.0,4.441592554667582e-16,0.0,20260912
6350,0.9998425444811849,0.999842544481184,0.9998425444811856,0.999842544481184,0.999842544481184,8.883182903174009e-16,0.0,1.5545570080554515e-15,0.0,20260912
6360,0.9998427920138353,0.9998427920138343,0.9998427920138361,0.9998427920138343,0.9998427920138343,9.993578291944274e-16,0.0,1.7766361407900934e-15,0.0,20260912
6370,0.9998430387694248,0.9998430387694239,0.9998430387694252,0.9998430387694239,0.9998430387694239,8.883178511631864e-16,0.0,1.2214370453493815e-15,0.0,20260912
6380,0.9998432847516071,0.9998432847516063,0.9998432847516071,0.9998432847516063,0.9998432847516063,7.772779285412519e-16,0.0,7.772779285412519e-16,0.0,20260912
6390,0.9998435299640126,0.9998435299640118,0.9998435299640145,0.9998435299640118,0.9998435299640119,6.66238061068486e-16,1.1103967684474766e-16,2.5539125674291962e-15,1.1103967684474766e-16,20260912
6400,0.9998437744102491,0.9998437744102483,0.9998437744102481,0.9998437744102484,0.9998437744102484,6.662378981836525e-16,1.1103964969727543e-16,3.3311894909182627e-16,0.0,20260912
6410,0.9998440180939018,0.9998440180939011,0.9998440180939017,0.9998440180939011,0.9998440180939011,6.662377358070401e-16,0.0,5.551981131725335e-16,0.0,20260912
6420,0.9998442610185336,0.9998442610185329,0.9998442610185341,0.999844261018533,0.999844261018533,6.662375739362738e-16,1.1103959565604565e-16,1.1103959565604564e-15,0.0,20260912
6430,0.9998445031876853,0.9998445031876846,0.9998445031876825,0.9998445031876846,0.9998445031876847,5.551978438074947e-16,1.1103956876149893e-16,2.2207913752299787e-15,1.1103956876149893e-16,20260912
6440,0.9998447446048755,0.9998447446048749,0.9998447446048743,0.999844744604875,0.999844744604875,4.441581678019026e-16,1.1103954195047566e-16,7.772767936533297e-16,0.0,20260912
6450,0.9998449852736014,0.999844985273601,0.999844985273599,0.999844985273601,0.999844985273601,4.441580608903495e-16,0.0,1.9987112740065723e-15,0.0,20260912
6460,0.9998452251973383,0.9998452251973379,0.9998452251973383,0.9998452251973379,0.9998452251973379,4.441579543097917e-16,0.0,4.441579543097917e-16,0.0,20260912
6470,0.9998454643795397,0.9998454643795395,0.999845464379537,0.9998454643795395,0.9998454643795395,2.220789240293474e-16,0.0,2.4428681643228214e-15,0.0,20260912
6480,0.9998457028236384,0.9998457028236383,0.9998457028236342,0.9998457028236383,0.9998457028236384,0.0,1.1103943553388332e-16,4.219498550287566e-15,1.1103943553388332e-16,20260912
6490,0.9998459405330459,0.9998459405330458,0.9998459405330475,0.9998459405330458,0.9998459405330458,1.1103940913469787e-16,0.0,1.776630546155166e-15,0.0,20260912
6500,0.9998461775111523,0.9998461775111521,0.9998461775111501,0.9998461775111521,0.9998461775111521,2.220787656334813e-16,0.0,1.998708890701332e-15,0.0,20260912
6510,0.9998464137613272,0.999846413761327,0.9998464137613288,0.999846413761327,0.999846413761327,2.2207871315927476e-16,0.0,1.776629705274198e-15,0.0,20260912
6520,0.9998466492869194,0.9998466492869191,0.9998466492869207,0.9998466492869191,0.9998466492869191,2.2207866084603207e-16,0.0,1.5545506259222246e-15,0.0,20260912
6530,0.9998468840912573,0.999846884091257,0.9998468840912577,0.9998468840912571,0.9998468840912571,2.220786086930137e-16,1.1103930434650684e-16,5.551965217325342e-16,0.0,20260912
6540,0.9998471181776492,0.9998471181776486,0.9998471181776499,0.9998471181776487,0.9998471181776487,4.441571133989694e-16,1.1103927834974234e-16,1.2214320618471658e-15,0.0,20260912
6550,0.9998473515493824,0.9998473515493818,0.9998473515493828,0.9998473515493818,0.9998473515493818,6.662355145941436e-16,0.0,9.993532718912153e-16,0.0,20260912
6560,0.9998475842097249,0.9998475842097241,0.9998475842097244,0.9998475842097241,0.9998475842097241,7.772745861579202e-16,0.0,3.331176797819658e-16,0.0,20260912
6570,0.9998478161619243,0.9998478161619235,0.9998478161619254,0.9998478161619236,0.9998478161619236,6.662352050056533e-16,1.1103920083427555e-16,1.776627213348409e-15,0.0,20260912
6580,0.9998480474092092,0.9998480474092083,0.9998480474092096,0.9998480474092083,0.9998480474092083,8.88313401222876e-16,0.0,1.3324701018343141e-15,0.0,20260912
6590,0.9998482779547875,0.9998482779547868,0.9998482779547881,0.9998482779547868,0.9998482779547868,6.662348972963041e-16,0.0,1.3324697945926081e-15,0.0,20260912
6600,0.9998485078018489,0.9998485078018482,0.999848507801848,0.9998485078018482,0.9998485078018482,6.662347441409689e-16,0.0,2.2207824804698966e-16,0.0,20260912
6610,0.9998487369535629,0.9998487369535622,0.9998487369535622,0.9998487369535622,0.9998487369535622,6.662345914490387e-16,0.0,0.0,0.0,20260912
6620,0.9998489654130804,0.9998489654130795,0.9998489654130781,0.9998489654130795,0.9998489654130795,8.883125856245512e-16,0.0,1.443507951639896e-15,0.0,20260912
6630,0.9998491931835326,0.9998491931835318,0.9998491931835314,0.9998491931835319,0.9998491931835319,6.662342874470057e-16,1.1103904790783428e-16,5.551952395391714e-16,0.0,20260912
6640,0.9998494202680328,0.9998494202680319,0.9998494202680321,0.9998494202680319,0.9998494202680319,8.88312181510321e-16,0.0,2.2207804537758024e-16,0.0,20260912
6650,0.9998496466696746,0.9998496466696737,0.9998496466696736,0.9998496466696737,0.9998496466696737,8.883119803647417e-16,0.0,1.1103899754559272e-16,0.0,20260912
6660,0.9998498723915337,0.9998498723915328,0.9998498723915347,0.9998498723915328,0.9998498723915328,8.883117798232034e-16,0.0,1.8876625321243073e-15,0.0,20260912
6670,0.9998500974366671,0.9998500974366661,0.999850097436665,0.9998500974366662,0.9998500974366662,8.883115798829888e-16,1.110389474853736e-16,1.2214284223391095e-15,0.0,20260912
6680,0.9998503218081136,0.9998503218081125,0.9998503218081121,0.9998503218081125,0.9998503218081125,1.1103892256767472e-15,0.0,4.441556902706989e-16,0.0,20260912
6690,0.9998505455088937,0.9998505455088925,0.9998505455088939,0.9998505455088925,0.9998505455088925,1.2214278749691502e-15,0.0,1.3324667726936183e-15,0.0,20260912
6700,0.9998507685420099,0.9998507685420086,0.9998507685420078,0.9998507685420086,0.9998507685420086,1.3324664754650461e-15,0.0,7.772721106879436e-16,0.0,20260912
6710,0.9998509909104468,0.9998509909104455,0.9998509909104447,0.9998509909104455,0.9998509909104455,1.3324661791224012e-15,0.0,7.772719378214006e-16,0.0,20260912
6720,0.9998512126171714,0.99985121261717,0.9998512126171706,0.99985121261717,0.99985121261717,1.3324658836617281e-15,0.0,5.551941181923867e-16,0.0,20260912
6730,0.9998514336651328,0.9998514336651314,0.9998514336651326,0.9998514336651315,0.9998514336651315,1.3324655890790958e-15,1.1103879908992465e-16,1.1103879908992465e-15,0.0,20260912
6740,0.9998516540572631,0.9998516540572615,0.9998516540572626,0.9998516540572615,0.9998516540572615,1.5545428445990286e-15,0.0,1.1103877461421632e-15,0.0,20260912
6750,0.9998518737964761,0.9998518737964746,0.9998518737964754,0.9998518737964746,0.9998518737964746,1.5545425029544008e-15,0.0,8.88310001688229e-16,0.0,20260912
6760,0.9998520928856693,0.9998520928856678,0.9998520928856662,0.9998520928856678,0.9998520928856678,1.5545421623205557e-15,0.0,1.5545421623205557e-15,0.0,20260912
6770,0.9998523113277228,0.9998523113277211,0.9998523113277223,0.9998523113277211,0.9998523113277211,1.6655805243139443e-15,0.0,1.2214257178302258e-15,0.0,20260912
6780,0.9998525291254992,0.9998525291254977,0.9998525291254982,0.9998525291254977,0.9998525291254977,1.4435028066339443e-15,0.0,4.441547097335214e-16,0.0,20260912
6790,0.9998527462818448,0.9998527462818436,0.9998527462818444,0.9998527462818436,0.9998527462818436,1.2214251864878324e-15,0.0,7.772705732195297e-16,0.0,20260912
6800,0.9998529627995895,0.9998529627995882,0.9998529627995896,0.9998529627995882,0.9998529627995882,1.2214249219887145e-15,0.0,1.3324635512604158e-15,0.0,20260912
6810,0.9998531786815458,0.9998531786815446,0.9998531786815453,0.9998531786815446,0.9998531786815446,1.221424658266393e-15,0.0,7.772702370786136e-16,0.0,20260912
6820,0.9998533939305099,0.9998533939305086,0.99985339393051,0.9998533939305088,0.9998533939305088,1.110385813924955e-15,1.1103858139249548e-16,1.2214243953174505e-15,0.0,20260912
6830,0.999853608549262,0.9998536085492606,0.9998536085492592,0.9998536085492608,0.9998536085492608,1.2214241331384903e-15,1.1103855755804457e-16,1.554539805812624e-15,0.0,20260912
6840,0.9998538225405653,0.9998538225405642,0.9998538225405652,0.9998538225405642,0.9998538225405642,1.1103853379328503e-15,0.0,9.993468041395653e-16,0.0,20260912
6850,0.9998540359071679,0.9998540359071668,0.9998540359071664,0.9998540359071668,0.9998540359071668,1.1103851009791164e-15,0.0,4.441540403916466e-16,0.0,20260912
6860,0.9998542486518012,0.9998542486518,0.9998542486518011,0.9998542486518001,0.9998542486518001,1.1103848647162097e-15,1.1103848647162098e-16,9.993463782445887e-16,0.0,20260912
6870,0.9998544607771807,0.9998544607771794,0.9998544607771787,0.9998544607771794,0.9998544607771794,1.221423092055225e-15,0.0,7.772692403987796e-16,0.0,20260912
6880,0.9998546722860062,0.9998546722860049,0.9998546722860068,0.9998546722860049,0.9998546722860049,1.3324612731009946e-15,0.0,1.887653470226409e-15,0.0,20260912
6890,0.9998548831809622,0.9998548831809606,0.9998548831809598,0.9998548831809606,0.9998548831809607,1.4434994080550855e-15,1.1103841600423735e-16,8.883073280338988e-16,1.1103841600423735e-16,20260912
6900,0.9998550934647168,0.9998550934647152,0.9998550934647177,0.9998550934647152,0.9998550934647152,1.5545374971178968e-15,0.0,2.4428446383281233e-15,0.0,20260912
6910,0.9998553031399233,0.9998553031399218,0.9998553031399224,0.9998553031399219,0.9998553031399219,1.4434988017568442e-15,1.110383693659111e-16,5.551918468295555e-16,0.0,20260912
6920,0.9998555122092198,0.9998555122092183,0.9998555122092179,0.9998555122092183,0.9998555122092183,1.4434984999219538e-15,0.0,4.441533845913705e-16,0.0,20260912
6930,0.9998557206752288,0.9998557206752272,0.999855720675229,0.9998557206752272,0.9998557206752272,1.5545365219549415e-15,0.0,1.7766131679485046e-15,0.0,20260912
6940,0.9998559285405576,0.999855928540556,0.9998559285405559,0.999855928540556,0.9998559285405562,1.4434978988616967e-15,1.110382999124382e-16,2.220765998248764e-16,1.110382999124382e-16,20260912
6950,0.9998561358077989,0.9998561358077974,0.9998561358077989,0.9998561358077974,0.9998561358077974,1.4434975996288206e-15,0.0,1.4434975996288206e-15,0.0,20260912
6960,0.9998563424795304,0.9998563424795287,0.999856342479527,0.9998563424795288,0.9998563424795288,1.5545355551985632e-15,1.110382539427545e-16,1.776612063084072e-15,0.0,20260912
6970,0.9998565485583146,0.999856548558313,0.9998565485583163,0.999856548558313,0.999856548558313,1.6655734658526471e-15,0.0,3.3311469317052943e-15,0.0,20260912
6980,0.9998567540466997,0.9998567540466982,0.9998567540466995,0.9998567540466982,0.9998567540466982,1.5545349153111038e-15,0.0,1.332458498838089e-15,0.0,20260912
6990,0.9998569589472193,0.9998569589472178,0.9998569589472195,0.9998569589472178,0.9998569589472178,1.4434964112590572e-15,0.0,1.6655727822219891e-15,0.0,20260912
7000,0.9998571632623925,0.999857163262391,0.9998571632623926,0.999857163262391,0.999857163262391,1.4434961162887055e-15,0.0,1.5545342790801443e-15,0.0,20260912
7010,0.9998573669947239,0.9998573669947225,0.999857366994722,0.9998573669947226,0.9998573669947226,1.3324576819937755e-15,1.1103814016614798e-16,5.551907008307398e-16,0.0,20260912
7020,0.9998575701467041,0.9998575701467027,0.9998575701467058,0.9998575701467027,0.9998575701467027,1.332457411263799e-15,0.0,3.109067292948864e-15,0.0,20260912
7030,0.9998577727208093,0.9998577727208078,0.9998577727208091,0.9998577727208079,0.9998577727208079,1.4434952364127053e-15,1.1103809510866963e-16,1.221419046195366e-15,0.0,20260912
7040,0.9998579747195017,0.9998579747195,0.9998579747195006,0.9998579747195001,0.9998579747195001,1.5545330174630707e-15,1.110380726759336e-16,4.441522907037344e-16,0.0,20260912
7050,0.9998581761452293,0.9998581761452275,0.9998581761452262,0.9998581761452277,0.9998581761452277,1.6655707546025486e-15,1.1103805030683658e-16,1.4434946539888754e-15,0.0,20260912
7060,0.9998583770004265,0.9998583770004248,0.9998583770004233,0.9998583770004249,0.9998583770004249,1.554532392015513e-15,1.1103802800110807e-16,1.554532392015513e-15,0.0,20260912
7070,0.9998585772875139,0.9998585772875124,0.9998585772875113,0.9998585772875124,0.9998585772875124,1.5545320806187094e-15,0.0,1.1103800575847924e-15,0.0,20260912
7080,0.9998587770088986,0.999858777008897,0.9998587770088978,0.999858777008897,0.999858777008897,1.5545317701015575e-15,0.0,7.772658850507787e-16,0.0,20260912
7090,0.9998589761669738,0.9998589761669722,0.9998589761669757,0.9998589761669722,0.9998589761669722,1.6655694219217881e-15,0.0,3.553214766766481e-15,0.0,20260912
7100,0.9998591747641192,0.9998591747641177,0.9998591747641137,0.9998591747641177,0.9998591747641177,1.5545311516913425e-15,0.0,3.997365818634881e-15,0.0,20260912
7110,0.9998593728027015,0.9998593728027,0.9998593728027025,0.9998593728027,0.9998593728027001,1.4434929263772622e-15,1.1103791741363556e-16,2.4428341830999823e-15,1.1103791741363556e-16,20260912
7120,0.9998595702850737,0.9998595702850722,0.9998595702850721,0.9998595702850723,0.9998595702850723,1.3324547457902932e-15,1.1103789548252443e-16,2.2207579096504887e-16,0.0,20260912
7130,0.999859767213576,0.9998597672135745,0.9998597672135778,0.9998597672135745,0.9998597672135745,1.443492356968105e-15,0.0,3.3311362083879346e-15,0.0,20260912
7140,0.999859963590535,0.9998599635905335,0.999859963590534,0.9998599635905335,0.9998599635905335,1.4434920734597642e-15,0.0,4.44151407218389e-16,0.0,20260912
7150,0.9998601594182644,0.9998601594182631,0.9998601594182647,0.9998601594182631,0.9998601594182632,1.2214161306299221e-15,1.1103783005726565e-16,1.4434917907444535e-15,1.1103783005726565e-16,20260912
7160,0.9998603546990655,0.9998603546990643,0.9998603546990634,0.9998603546990643,0.9998603546990644,1.110378083706808e-15,1.110378083706808e-16,9.993402753361273e-16,1.110378083706808e-16,20260912
7170,0.9998605494352263,0.9998605494352252,0.9998605494352277,0.9998605494352252,0.9998605494352252,1.1103778674458854e-15,0.0,2.553869095125536e-15,0.0,20260912
7180,0.9998607436290221,0.999860743629021,0.9998607436290238,0.999860743629021,0.999860743629021,1.1103776517873605e-15,0.0,2.7759441294684016e-15,0.0,20260912
7190,0.9998609372827155,0.9998609372827144,0.999860937282716,0.9998609372827145,0.9998609372827145,9.993396930558484e-16,1.1103774367287205e-16,1.4434906677473367e-15,0.0,20260912
7200,0.9998611303985567,0.9998611303985557,0.9998611303985562,0.9998611303985557,0.9998611303985557,9.993395000407191e-16,0.0,4.441508889069862e-16,0.0,20260912
7210,0.9998613229787834,0.9998613229787824,0.9998613229787826,0.9998613229787824,0.9998613229787824,9.993393075609992e-16,0.0,2.2207540168022205e-16,0.0,20260912
7220,0.9998615150256206,0.9998615150256197,0.9998615150256202,0.9998615150256197,0.9998615150256197,8.883014361017458e-16,0.0,4.441507180508729e-16,0.0,20260912
7230,0.9998617065412815,0.9998617065412806,0.999861706541282,0.9998617065412806,0.9998617065412806,8.88301265954579e-16,0.0,1.4434895571761907e-15,0.0,20260912
7240,0.9998618975279665,0.9998618975279657,0.9998618975279672,0.9998618975279657,0.9998618975279657,7.772634592427529e-16,0.0,1.4434892814508269e-15,0.0,20260912
7250,0.9998620879878644,0.9998620879878637,0.9998620879878644,0.9998620879878637,0.9998620879878637,6.662256953012698e-16,0.0,6.662256953012698e-16,0.0,20260912
7260,0.9998622779231517,0.9998622779231511,0.9998622779231517,0.9998622779231511,0.9998622779231511,6.662255687440712e-16,0.0,6.662255687440712e-16,0.0,20260912
7270,0.9998624673359928,0.9998624673359923,0.9998624673359934,0.9998624673359923,0.9998624673359923,5.551878687791963e-16,0.0,1.1103757375583926e-15,0.0,20260912
7280,0.9998626562285405,0.99986265622854,0.9998626562285426,0.99986265622854,0.99986265622854,5.5518776389394e-16,0.0,2.6649012666909117e-15,0.0,20260912
7290,0.9998628446029357,0.9998628446029351,0.9998628446029352,0.9998628446029351,0.9998628446029352,5.551876592964346e-16,1.110375318592869e-16,0.0,1.110375318592869e-16,20260912
7300,0.9998630324613075,0.9998630324613066,0.999863032461304,0.9998630324613067,0.9998630324613067,7.772625769796969e-16,1.1103751099709956e-16,2.6649002639303893e-15,0.0,20260912
7310,0.999863219805773,0.9998632198057721,0.999863219805772,0.9998632198057721,0.9998632198057721,8.882999215359255e-16,0.0,1.1103749019199068e-16,0.0,20260912
7320,0.9998634066384382,0.9998634066384373,0.9998634066384386,0.9998634066384373,0.9998634066384374,7.772622861060847e-16,1.1103746944372636e-16,1.22141216388099e-15,1.1103746944372636e-16,20260912
7330,0.9998635929613977,0.9998635929613967,0.9998635929613973,0.9998635929613968,0.9998635929613968,8.882995900165918e-16,1.1103744875207398e-16,4.441497950082959e-16,0.0,20260912
7340,0.9998637787767344,0.9998637787767334,0.9998637787767319,0.9998637787767334,0.9998637787767334,9.993368530512189e-16,0.0,1.4434865655184273e-15,0.0,20260912
7350,0.9998639640865198,0.9998639640865188,0.9998639640865199,0.9998639640865188,0.9998639640865188,9.993366678391256e-16,0.0,1.1103740753768063e-15,0.0,20260912
7360,0.9998641488928144,0.9998641488928134,0.9998641488928133,0.9998641488928135,0.9998641488928135,8.882990961158454e-16,1.1103738701448067e-16,2.2207477402896134e-16,0.0,20260912
7370,0.9998643331976675,0.9998643331976664,0.9998643331976651,0.9998643331976665,0.9998643331976665,9.993362989227714e-16,1.110373665469746e-16,1.44348576511067e-15,0.0,20260912
7380,0.9998645170031172,0.9998645170031161,0.999864517003118,0.9998645170031161,0.9998645170031161,1.1103734613493605e-15,0.0,1.887634884293913e-15,0.0,20260912
7390,0.9998647003111906,0.9998647003111892,0.999864700311191,0.9998647003111892,0.9998647003111892,1.3324479093376779e-15,0.0,1.776597212450237e-15,0.0,20260912
7400,0.9998648831239035,0.9998648831239021,0.9998648831239028,0.9998648831239022,0.9998648831239022,1.3324476657163433e-15,1.1103730547636193e-16,5.551865273818097e-16,0.0,20260912
7410,0.9998650654432614,0.9998650654432599,0.9998650654432607,0.99986506544326,0.99986506544326,1.3324474227525562e-15,1.110372852293797e-16,6.662237113762781e-16,0.0,20260912
7420,0.9998652472712586,0.9998652472712571,0.9998652472712566,0.9998652472712573,0.9998652472712573,1.3324471804436582e-15,1.1103726503697152e-16,6.662235902218291e-16,0.0,20260912
7430,0.999865428609879,0.9998654286098775,0.9998654286098779,0.9998654286098775,0.9998654286098776,1.4434841836859218e-15,1.1103724489891707e-16,3.331117346967512e-16,1.1103724489891707e-16,20260912
7440,0.9998656094610954,0.9998656094610939,0.9998656094610938,0.9998656094610939,0.9998656094610939,1.4434839225949633e-15,0.0,1.1103722481499719e-16,0.0,20260912
7450,0.9998657898268702,0.9998657898268688,0.9998657898268698,0.9998657898268689,0.9998657898268689,1.3324464574199261e-15,1.1103720478499385e-16,8.882976382799508e-16,0.0,20260912
7460,0.9998659697091554,0.9998659697091542,0.999865969709152,0.9998659697091542,0.9998659697091543,1.1103718480869025e-15,1.1103718480869025e-16,2.331780880982495e-15,1.1103718480869025e-16,20260912
7470,0.9998661491098928,0.9998661491098916,0.9998661491098912,0.9998661491098916,0.9998661491098916,1.2214088137445782e-15,0.0,3.331114946576122e-16,0.0,20260912
7480,0.999866328031013,0.9998663280310118,0.9998663280310088,0.9998663280310118,0.9998663280310119,1.1103714501632079e-15,1.110371450163208e-16,3.1090400604569825e-15,1.110371450163208e-16,20260912
7490,0.9998665064744371,0.999866506474436,0.9998665064744373,0.999866506474436,0.999866506474436,1.1103712519982708e-15,0.0,1.332445502397925e-15,0.0,20260912
7500,0.9998666844420754,0.9998666844420744,0.9998666844420733,0.9998666844420744,0.9998666844420744,9.99333948925596e-16,0.0,1.1103710543617732e-15,0.0,20260912
7510,0.9998668619358284,0.9998668619358274,0.9998668619358269,0.9998668619358274,0.9998668619358274,9.993337715264442e-16,0.0,5.551854286258023e-16,0.0,20260912
7520,0.9998670389575863,0.9998670389575853,0.9998670389575857,0.9998670389575854,0.9998670389575854,8.882965285325322e-16,1.1103706606656653e-16,2.2207413213313306e-16,0.0,20260912
7530,0.9998672155092295,0.9998672155092285,0.999867215509228,0.9998672155092285,0.9998672155092285,9.993334181416798e-16,0.0,5.551852323009331e-16,0.0,20260912
7540,0.9998673915926279,0.9998673915926269,0.999867391592626,0.9998673915926269,0.9998673915926269,9.993332421523177e-16,0.0,8.882962152465046e-16,0.0,20260912
7550,0.9998675672096423,0.9998675672096411,0.9998675672096428,0.9998675672096411,0.9998675672096411,1.2214070814356308e-15,0.0,1.6655551110485875e-15,0.0,20260912
7560,0.9998677423621226,0.9998677423621214,0.9998677423621203,0.9998677423621214,0.9998677423621214,1.2214068674748531e-15,0.0,1.1103698795225938e-15,0.0,20260912
7570,0.9998679170519098,0.9998679170519086,0.9998679170519067,0.9998679170519086,0.9998679170519086,1.2214066540793615e-15,0.0,1.887628465395377e-15,0.0,20260912
7580,0.9998680912808346,0.9998680912808336,0.9998680912808344,0.9998680912808336,0.9998680912808336,9.99332542838388e-16,0.0,7.772586444298573e-16,0.0,20260912
7590,0.999868265050719,0.9998682650507179,0.9998682650507188,0.9998682650507179,0.9998682650507179,1.1103692990684537e-15,0.0,8.88295439254763e-16,0.0,20260912
7600,0.9998684383633742,0.9998684383633732,0.9998684383633707,0.9998684383633732,0.9998684383633732,9.993321959418727e-16,0.0,2.553848945184786e-15,0.0,20260912
7610,0.9998686112206027,0.9998686112206017,0.9998686112206026,0.9998686112206018,0.9998686112206018,8.882951317132264e-16,1.110368914641533e-16,7.772582402490731e-16,0.0,20260912
7620,0.9998687836241973,0.9998687836241963,0.9998687836241991,0.9998687836241963,0.9998687836241963,9.993318508663368e-16,0.0,2.7759218079620465e-15,0.0,20260912
7630,0.9998689555759415,0.9998689555759402,0.9998689555759399,0.9998689555759402,0.9998689555759402,1.2214053854529524e-15,0.0,3.33110559668987e-16,0.0,20260912
7640,0.9998691270776089,0.9998691270776076,0.9998691270776074,0.9998691270776077,0.9998691270776077,1.2214051759524741e-15,1.1103683417749766e-16,2.220736683549953e-16,0.0,20260912
7650,0.9998692981309646,0.9998692981309633,0.9998692981309636,0.9998692981309633,0.9998692981309633,1.3324417821815016e-15,0.0,3.331104455453754e-16,0.0,20260912
7660,0.9998694687377638,0.9998694687377626,0.9998694687377598,0.9998694687377627,0.9998694687377627,1.1103679623568307e-15,1.1103679623568307e-16,2.8869567021277603e-15,0.0,20260912
7670,0.9998696388997534,0.9998696388997522,0.9998696388997541,0.9998696388997523,0.9998696388997523,1.110367773389775e-15,1.1103677733897753e-16,1.7765884374236405e-15,0.0,20260912
7680,0.9998698086186706,0.9998698086186694,0.9998698086186709,0.9998698086186695,0.9998698086186695,1.1103675849148211e-15,1.1103675849148211e-16,1.4434778603892677e-15,0.0,20260912
7690,0.9998699778962433,0.9998699778962423,0.999869977896242,0.9998699778962423,0.9998699778962423,9.993306572370443e-16,0.0,3.331102190790148e-16,0.0,20260912
7700,0.9998701467341914,0.9998701467341903,0.9998701467341895,0.9998701467341904,0.9998701467341904,9.993304884901945e-16,1.1103672094335495e-16,8.882937675468396e-16,0.0,20260912
7710,0.999870315134225,0.9998703151342238,0.9998703151342239,0.9998703151342239,0.9998703151342239,1.1103670224234218e-15,1.1103670224234218e-16,0.0,0.0,20260912
7720,0.9998704830980454,0.9998704830980443,0.9998704830980455,0.9998704830980443,0.9998704830980443,1.1103668358977765e-15,0.0,1.221403519487554e-15,0.0,20260912
7730,0.9998706506273455,0.9998706506273444,0.999870650627346,0.9998706506273445,0.9998706506273445,9.993299848692595e-16,1.1103666498547328e-16,1.554513309796626e-15,0.0,20260912
7740,0.9998708177238094,0.9998708177238083,0.9998708177238104,0.9998708177238083,0.9998708177238083,1.1103664642924207e-15,0.0,2.1096962821555997e-15,0.0,20260912
7750,0.9998709843891123,0.999870984389111,0.9998709843891114,0.999870984389111,0.999870984389111,1.221402907129877e-15,0.0,3.3310988376269373e-16,0.0,20260912
7760,0.9998711506249206,0.9998711506249194,0.9998711506249184,0.9998711506249195,0.9998711506249195,1.1103660946025567e-15,1.1103660946025567e-16,1.1103660946025567e-15,0.0,20260912
7770,0.9998713164328926,0.9998713164328915,0.9998713164328895,0.9998713164328915,0.9998713164328915,1.1103659104713117e-15,0.0,1.998658638848361e-15,0.0,20260912
7780,0.9998714818146779,0.9998714818146768,0.9998714818146766,0.9998714818146768,0.9998714818146768,1.1103657268134117e-15,0.0,2.2207314536268235e-16,0.0,20260912
7790,0.9998716467719175,0.9998716467719163,0.9998716467719155,0.9998716467719163,0.9998716467719163,1.2214020979897374e-15,0.0,7.772558805389238e-16,0.0,20260912
7800,0.9998718113062438,0.9998718113062427,0.9998718113062438,0.9998718113062428,0.9998718113062428,9.993288248193284e-16,1.110365360910365e-16,9.993288248193284e-16,0.0,20260912
7810,0.9998719754192815,0.9998719754192804,0.9998719754192807,0.9998719754192805,0.9998719754192805,9.993286607954403e-16,1.1103651786616003e-16,2.2207303573232006e-16,0.0,20260912
7820,0.9998721391126464,0.9998721391126454,0.9998721391126444,0.9998721391126454,0.9998721391126455,8.88291997503156e-16,1.110364996878945e-16,1.1103649968789448e-15,1.110364996878945e-16,20260912
7830,0.9998723023879461,0.9998723023879453,0.9998723023879466,0.9998723023879453,0.9998723023879453,7.772553708924292e-16,0.0,1.2214012971166744e-15,0.0,20260912
7840,0.9998724652467806,0.9998724652467798,0.9998724652467806,0.9998724652467798,0.9998724652467798,8.882917077638625e-16,0.0,8.882917077638625e-16,0.0,20260912
7850,0.9998726276907407,0.99987262769074,0.9998726276907413,0.99987262769074,0.99987262769074,6.662186725858933e-16,0.0,1.2214008997408043e-15,0.0,20260912
7860,0.9998727897214101,0.9998727897214095,0.9998727897214094,0.9998727897214095,0.9998727897214095,6.66218564624302e-16,0.0,1.1103642743738365e-16,0.0,20260912
7870,0.9998729513403641,0.9998729513403634,0.9998729513403635,0.9998729513403634,0.9998729513403634,7.772548664265851e-16,0.0,1.1103640948951216e-16,0.0,20260912
7880,0.9998731125491697,0.9998731125491689,0.9998731125491711,0.9998731125491689,0.9998731125491689,7.772547411103554e-16,0.0,2.2207278317438726e-15,0.0,20260912
7890,0.999873273349386,0.9998732733493854,0.9998732733493862,0.9998732733493854,0.9998732733493854,6.662182423815293e-16,0.0,8.88290989842039e-16,0.0,20260912
7900,0.999873433742565,0.9998734337425642,0.9998734337425649,0.9998734337425642,0.9998734337425642,7.77254491429665e-16,0.0,6.662181355111414e-16,0.0,20260912
7910,0.9998735937302498,0.999873593730249,0.9998735937302502,0.999873593730249,0.999873593730249,7.772543670627977e-16,0.0,1.2213997196701107e-15,0.0,20260912
7920,0.9998737533139761,0.9998737533139754,0.9998737533139754,0.9998737533139755,0.9998737533139755,5.551816021499915e-16,1.110363204299983e-16,1.110363204299983e-16,0.0,20260912
7930,0.9998739124952722,0.9998739124952717,0.9998739124952731,0.9998739124952717,0.9998739124952717,5.551815137643201e-16,0.0,1.4434719357872323e-15,0.0,20260912
7940,0.9998740712756585,0.999874071275658,0.9998740712756595,0.999874071275658,0.999874071275658,5.551814256012826e-16,0.0,1.5545079916835913e-15,0.0,20260912
7950,0.9998742296566477,0.999874229656647,0.9998742296566481,0.999874229656647,0.999874229656647,7.772538727240546e-16,0.0,1.110362675320078e-15,0.0,20260912
7960,0.9998743876397446,0.9998743876397437,0.9998743876397432,0.9998743876397438,0.9998743876397438,7.772537499156545e-16,1.1103624998795063e-16,5.551812499397532e-16,0.0,20260912
7970,0.9998745452264466,0.9998745452264458,0.9998745452264478,0.9998745452264458,0.9998745452264459,6.662173949275123e-16,1.1103623248791873e-16,1.887615952294618e-15,1.1103623248791873e-16,20260912
7980,0.9998747024182439,0.9998747024182433,0.9998747024182446,0.9998747024182433,0.9998747024182433,6.662172901904793e-16,0.0,1.3324345803809587e-15,0.0,20260912
7990,0.9998748592166194,0.9998748592166187,0.9998748592166175,0.9998748592166187,0.9998748592166187,7.772533833348859e-16,0.0,1.2213981738119635e-15,0.0,20260912
8000,0.9998750156230477,0.999875015623047,0.9998750156230475,0.9998750156230471,0.9998750156230471,5.551809012516173e-16,1.1103618025032346e-16,3.331085407509704e-16,0.0,20260912
8010,0.999875171638997,0.9998751716389963,0.9998751716389949,0.9998751716389964,0.9998751716389964,5.551808146237284e-16,1.110361629247457e-16,1.5545062809464394e-15,0.0,20260912
8020,0.9998753272659274,0.9998753272659269,0.9998753272659292,0.999875327265927,0.999875327265927,4.441445825694953e-16,1.1103614564237383e-16,2.2207229128474765e-15,0.0,20260912
8030,0.9998754825052925,0.9998754825052919,0.9998754825052932,0.999875482505292,0.999875482505292,4.441445136121859e-16,1.1103612840304648e-16,1.2213974124335112e-15,0.0,20260912
8040,0.9998756373585379,0.9998756373585375,0.9998756373585382,0.9998756373585375,0.9998756373585375,4.441444448264122e-16,0.0,7.772527784462213e-16,0.0,20260912
8050,0.9998757918271026,0.9998757918271022,0.9998757918271022,0.9998757918271022,0.9998757918271022,4.441443762115347e-16,0.0,0.0,0.0,20260912
8060,0.9998759459124184,0.9998759459124178,0.9998759459124157,0.9998759459124178,0.9998759459124178,5.551803847086469e-16,0.0,2.109685461892858e-15,0.0,20260912
8070,0.9998760996159094,0.9998760996159087,0.9998760996159088,0.9998760996159088,0.9998760996159088,5.551802993649094e-16,1.1103605987298188e-16,0.0,0.0,20260912
8080,0.9998762529389933,0.9998762529389926,0.9998762529389918,0.9998762529389927,0.9998762529389927,5.55180214232419e-16,1.1103604284648378e-16,8.882883427718702e-16,0.0,20260912
8090,0.9998764058830802,0.9998764058830799,0.9998764058830795,0.9998764058830799,0.9998764058830799,3.3310807758623517e-16,0.0,4.441441034483136e-16,0.0,20260912
8100,0.9998765584495746,0.9998765584495741,0.9998765584495735,0.9998765584495741,0.9998765584495741,4.441440356784391e-16,0.0,6.662160535176588e-16,0.0,20260912
8110,0.9998767106398722,0.9998767106398717,0.999876710639872,0.9998767106398717,0.9998767106398718,3.331079760567686e-16,1.1103599201892287e-16,2.2207198403784575e-16,1.1103599201892287e-16,20260912
8120,0.9998768624553629,0.9998768624553626,0.999876862455364,0.9998768624553627,0.9998768624553627,2.220719503197265e-16,1.1103597515986324e-16,1.332431701918359e-15,0.0,20260912
8130,0.9998770138974298,0.9998770138974296,0.9998770138974288,0.9998770138974296,0.9998770138974296,2.220719166845547e-16,0.0,7.772517083959414e-16,0.0,20260912
8140,0.9998771649674487,0.9998771649674487,0.9998771649674486,0.9998771649674487,0.9998771649674487,0.0,0.0,1.1103594156601227e-16,0.0,20260912
8150,0.9998773156667893,0.9998773156667893,0.9998773156667933,0.9998773156667894,0.9998773156667894,1.1103592483091597e-16,1.1103592483091597e-16,3.8862573690820584e-15,0.0,20260912
8160,0.9998774659968142,0.999877465996814,0.9998774659968156,0.9998774659968142,0.9998774659968142,0.0,1.1103590813683703e-16,1.4434668057788816e-15,0.0,20260912
8170,0.9998776159588789,0.9998776159588789,0.9998776159588785,0.9998776159588789,0.9998776159588789,0.0,0.0,4.441435659344996e-16,0.0,20260912
8180,0.9998777655543329,0.9998777655543332,0.9998777655543365,0.9998777655543332,0.9998777655543332,2.2207174974225933e-16,0.0,3.3310762461338897e-15,0.0,20260912
8190,0.9998779147845193,0.9998779147845196,0.9998779147845197,0.9998779147845196,0.9998779147845196,3.331075748976065e-16,0.0,1.1103585829920216e-16,0.0,20260912
8200,0.999878063650774,0.9998780636507743,0.9998780636507746,0.9998780636507743,0.9998780636507743,2.2207168353538804e-16,0.0,3.3310752530308204e-16,0.0,20260912
8210,0.9998782121544268,0.999878212154427,0.9998782121544268,0.999878212154427,0.999878212154427,1.110358252764575e-16,0.0,1.110358252764575e-16,0.0,20260912
8220,0.9998783602968008,0.9998783602968009,0.9998783602968012,0.9998783602968009,0.9998783602968009,1.1103580882534565e-16,0.0,3.331074264760369e-16,0.0,20260912
8230,0.9998785080792127,0.9998785080792126,0.999878508079214,0.9998785080792127,0.9998785080792127,0.0,1.1103579241421218e-16,1.221393716556334e-15,0.0,20260912
8240,0.9998786555029731,0.999878655502973,0.9998786555029717,0.999878655502973,0.999878655502973,1.1103577604291158e-16,0.0,1.2213935364720275e-15,0.0,20260912
8250,0.9998788025693855,0.9998788025693854,0.9998788025693854,0.9998788025693855,0.9998788025693855,0.0,1.11035759711299e-16,1.11035759711299e-16,0.0,20260912
8260,0.9998789492797482,0.9998789492797482,0.9998789492797496,0.9998789492797482,0.9998789492797482,0.0,0.0,1.4434646644499933e-15,0.0,20260912
8270,0.9998790956353525,0.9998790956353524,0.9998790956353533,0.9998790956353524,0.9998790956353525,0.0,1.110357271665619e-16,7.772500901659333e-16,1.110357271665619e-16,20260912
8280,0.9998792416374833,0.9998792416374833,0.9998792416374828,0.9998792416374834,0.9998792416374834,1.1103571095315123e-16,1.1103571095315123e-16,6.662142657189073e-16,0.0,20260912
8290,0.9998793872874201,0.9998793872874201,0.9998793872874199,0.9998793872874201,0.9998793872874201,0.0,0.0,2.2207138955771224e-16,0.0,20260912
8300,0.9998795325864352,0.9998795325864354,0.9998795325864369,0.9998795325864354,0.9998795325864354,1.1103567864353522e-16,0.0,1.5544995010094933e-15,0.0,20260912
8310,0.9998796775357958,0.9998796775357959,0.9998796775357965,0.9998796775357959,0.999879677535796,2.2207132509409566e-16,1.1103566254704783e-16,5.551783127352392e-16,1.1103566254704783e-16,20260912
8320,0.9998798221367624,0.9998798221367624,0.9998798221367632,0.9998798221367624,0.9998798221367624,0.0,0.0,7.772495254247776e-16,0.0,20260912
8330,0.9998799663905893,0.9998799663905893,0.9998799663905883,0.9998799663905894,0.9998799663905894,1.1103563047001415e-16,1.1103563047001415e-16,1.1103563047001416e-15,0.0,20260912
8340,0.9998801102985252,0.9998801102985253,0.9998801102985261,0.9998801102985253,0.9998801102985253,1.110356144891898e-16,0.0,7.772493014243288e-16,0.0,20260912
8350,0.9998802538618127,0.9998802538618129,0.9998802538618137,0.9998802538618129,0.999880253861813,3.331067956399287e-16,1.110355985466429e-16,6.662135912798574e-16,1.110355985466429e-16,20260912
8360,0.9998803970816884,0.9998803970816887,0.9998803970816892,0.9998803970816887,0.9998803970816887,3.3310674792670817e-16,0.0,4.441423305689443e-16,0.0,20260912
8370,0.9998805399593832,0.9998805399593835,0.9998805399593835,0.9998805399593835,0.9998805399593836,4.441422671033302e-16,1.1103556677583255e-16,1.1103556677583255e-16,1.1103556677583255e-16,20260912
8380,0.9998806824961218,0.9998806824961222,0.9998806824961206,0.9998806824961222,0.9998806824961222,3.3310665284188918e-16,0.0,1.5544977132621494e-15,0.0,20260912
8390,0.9998808246931233,0.9998808246931236,0.9998808246931221,0.9998808246931236,0.9998808246931236,2.2207107031298424e-16,0.0,1.4434619570343976e-15,0.0,20260912
8400,0.9998809665516007,0.999880966551601,0.9998809665515995,0.999880966551601,0.999880966551601,2.2207103880657e-16,0.0,1.443461752242705e-15,0.0,20260912
8410,0.9998811080727615,0.9998811080727618,0.9998811080727578,0.9998811080727619,0.9998811080727619,3.3310651106262275e-16,1.1103550368754092e-16,4.108313636439014e-15,0.0,20260912
8420,0.9998812492578076,0.9998812492578079,0.9998812492578026,0.9998812492578079,0.9998812492578079,2.2207097601825283e-16,0.0,5.218667936428941e-15,0.0,20260912
8430,0.9998813901079349,0.999881390107935,0.9998813901079342,0.999881390107935,0.999881390107935,1.110354723679086e-16,0.0,7.772483065753602e-16,0.0,20260912
8440,0.9998815306243334,0.9998815306243336,0.9998815306243347,0.9998815306243336,0.9998815306243336,2.2207091352751057e-16,0.0,1.1103545676375528e-15,0.0,20260912
8450,0.9998816708081882,0.9998816708081883,0.999881670808186,0.9998816708081883,0.9998816708081883,1.1103544119653489e-16,0.0,2.3317442651272325e-15,0.0,20260912
8460,0.9998818106606782,0.9998818106606784,0.9998818106606787,0.9998818106606784,0.9998818106606784,2.2207085133223285e-16,0.0,3.331062769983493e-16,0.0,20260912
8470,0.999881950182977,0.9998819501829772,0.9998819501829761,0.9998819501829772,0.9998819501829772,2.220708203447391e-16,0.0,1.1103541017236954e-15,0.0,20260912
8480,0.9998820893762526,0.9998820893762528,0.9998820893762523,0.9998820893762528,0.9998820893762528,2.2207078943032906e-16,0.0,4.441415788606581e-16,0.0,20260912
8490,0.9998822282416676,0.9998822282416676,0.999882228241667,0.9998822282416676,0.9998822282416676,0.0,0.0,6.662122757662335e-16,0.0,20260912
8500,0.9998823667803788,0.9998823667803788,0.9998823667803795,0.9998823667803788,0.9998823667803788,0.0,0.0,6.662121834591851e-16,0.0,20260912
8510,0.9998825049935377,0.9998825049935377,0.9998825049935384,0.9998825049935378,0.9998825049935378,1.110353485615124e-16,1.110353485615124e-16,5.551767428075621e-16,0.0,20260912
8520,0.9998826428822906,0.9998826428822908,0.9998826428822902,0.9998826428822908,0.9998826428822908,2.220706664983793e-16,0.0,5.551766662459483e-16,0.0,20260912
8530,0.9998827804477785,0.9998827804477787,0.9998827804477788,0.9998827804477787,0.9998827804477787,2.2207063594553836e-16,0.0,1.1103531797276918e-16,0.0,20260912
8540,0.9998829176911367,0.9998829176911368,0.9998829176911354,0.9998829176911369,0.9998829176911369,2.220706054642497e-16,1.1103530273212484e-16,1.5544942382497478e-15,0.0,20260912
8550,0.9998830546134954,0.9998830546134955,0.9998830546134954,0.9998830546134955,0.9998830546134955,1.1103528752713116e-16,0.0,1.1103528752713116e-16,0.0,20260912
8560,0.9998831912159792,0.9998831912159794,0.9998831912159798,0.9998831912159795,0.9998831912159795,2.220705447153263e-16,1.1103527235766315e-16,3.331058170729894e-16,0.0,20260912
8570,0.9998833274997081,0.9998833274997083,0.999883327499708,0.9998833274997083,0.9998833274997083,2.2207051444719293e-16,0.0,3.331057716707894e-16,0.0,20260912
8580,0.9998834634657965,0.9998834634657965,0.9998834634657994,0.9998834634657965,0.9998834634657965,0.0,0.0,2.8869162952449905e-15,0.0,20260912
8590,0.9998835991153533,0.9998835991153532,0.9998835991153556,0.9998835991153533,0.9998835991153533,0.0,1.1103522706117253e-16,2.331739768284623e-15,0.0,20260912
8600,0.9998837344494828,0.9998837344494825,0.9998837344494802,0.9998837344494826,0.9998837344494826,1.1103521203256944e-16,1.1103521203256944e-16,2.4427746647165276e-15,0.0,20260912
8610,0.9998838694692836,0.9998838694692834,0.9998838694692824,0.9998838694692834,0.9998838694692834,2.22070394077752e-16,0.0,9.99316773349884e-16,0.0,20260912
8620,0.99988400417585,0.9998840041758497,0.9998840041758484,0.9998840041758497,0.9998840041758497,3.331055462399121e-16,0.0,1.2213870028796778e-15,0.0,20260912
8630,0.9998841385702704,0.9998841385702699,0.9998841385702704,0.9998841385702699,0.9998841385702699,4.441406686229305e-16,0.0,4.441406686229305e-16,0.0,20260912
8640,0.9998842726536284,0.999884272653628,0.9998842726536292,0.999884272653628,0.999884272653628,4.441406090641657e-16,0.0,1.2213866749264556e-15,0.0,20260912
8650,0.999884406427003,0.9998844064270026,0.999884406427004,0.9998844064270026,0.9998844064270026,4.441405496431089e-16,0.0,1.4434567863401039e-15,0.0,20260912
8660,0.9998845398914677,0.9998845398914674,0.9998845398914671,0.9998845398914675,0.9998845398914675,2.2207024517964156e-16,1.1103512258982078e-16,4.441404903592831e-16,0.0,20260912
8670,0.9998846730480915,0.9998846730480913,0.9998846730480908,0.9998846730480914,0.9998846730480914,1.1103510780305343e-16,1.1103510780305343e-16,5.551755390152671e-16,0.0,20260912
8680,0.9998848058979382,0.9998848058979379,0.9998848058979397,0.999884805897938,0.999884805897938,1.1103509305035697e-16,1.1103509305035697e-16,1.6655263957553544e-15,0.0,20260912
8690,0.9998849384420666,0.9998849384420665,0.9998849384420665,0.9998849384420665,0.9998849384420665,1.1103507833161376e-16,0.0,0.0,0.0,20260912
8700,0.999885070681531,0.9998850706815308,0.9998850706815302,0.9998850706815309,0.9998850706815309,1.1103506364670675e-16,1.1103506364670675e-16,6.662103818802405e-16,0.0,20260912
8710,0.9998852026173805,0.9998852026173802,0.9998852026173808,0.9998852026173803,0.9998852026173803,1.1103504899551938e-16,1.1103504899551938e-16,4.441401959820775e-16,0.0,20260912
8720,0.9998853342506593,0.9998853342506593,0.9998853342506602,0.9998853342506593,0.9998853342506593,0.0,0.0,8.882802750234854e-16,0.0,20260912
8730,0.9998854655824075,0.9998854655824074,0.9998854655824053,0.9998854655824075,0.9998854655824075,0.0,1.110350197938401e-16,2.2207003958768022e-15,0.0,20260912
8740,0.9998855966136599,0.9998855966136597,0.9998855966136608,0.9998855966136597,0.9998855966136597,2.2207001048623555e-16,0.0,1.1103500524311778e-15,0.0,20260912
8750,0.9998857273454465,0.9998857273454462,0.9998857273454472,0.9998857273454462,0.9998857273454462,2.2206998145130846e-16,0.0,9.99314916530888e-16,0.0,20260912
8760,0.9998858577787927,0.9998858577787924,0.9998858577787921,0.9998858577787924,0.9998858577787924,3.331049287240067e-16,0.0,2.220699524826712e-16,0.0,20260912
8770,0.9998859879147194,0.9998859879147189,0.9998859879147199,0.9998859879147189,0.9998859879147189,4.441398471601937e-16,0.0,9.99314656110436e-16,0.0,20260912
8780,0.9998861177542424,0.9998861177542421,0.999886117754243,0.9998861177542421,0.9998861177542421,3.3310484211503987e-16,0.0,8.882795789734397e-16,0.0,20260912
8790,0.9998862472983735,0.9998862472983733,0.9998862472983715,0.9998862472983733,0.9998862472983734,1.1103493298611776e-16,1.1103493298611776e-16,1.887593860764002e-15,1.1103493298611776e-16,20260912
8800,0.9998863765481197,0.9998863765481195,0.999886376548119,0.9998863765481195,0.9998863765481195,2.220698372665001e-16,0.0,5.551745931662502e-16,0.0,20260912
8810,0.9998865055044833,0.999886505504483,0.999886505504484,0.999886505504483,0.999886505504483,3.331047129388963e-16,0.0,9.993141388166888e-16,0.0,20260912
8820,0.9998866341684619,0.9998866341684616,0.9998866341684608,0.9998866341684616,0.9998866341684616,3.331046700754594e-16,0.0,7.772442301760719e-16,0.0,20260912
8830,0.9998867625410489,0.9998867625410486,0.9998867625410495,0.9998867625410486,0.9998867625410486,3.331046273091084e-16,0.0,8.882790061576225e-16,0.0,20260912
8840,0.999886890623233,0.9998868906232327,0.9998868906232331,0.9998868906232327,0.9998868906232327,3.331045846395139e-16,0.0,4.441394461860185e-16,0.0,20260912
8850,0.9998870184159986,0.9998870184159981,0.9998870184159994,0.9998870184159981,0.9998870184159981,4.441393894217971e-16,0.0,1.2213833209099421e-15,0.0,20260912
8860,0.9998871459203253,0.999887145920325,0.9998871459203258,0.999887145920325,0.999887145920325,3.331044995892837e-16,0.0,7.772438323749953e-16,0.0,20260912
8870,0.999887273137189,0.9998872731371885,0.9998872731371893,0.9998872731371886,0.9998872731371886,3.331044572079965e-16,1.1103481906933217e-16,6.66208914415993e-16,0.0,20260912
8880,0.9998874000675603,0.9998874000675599,0.99988740006756,0.9998874000675599,0.9998874000675599,3.3310441492216267e-16,0.0,1.1103480497405422e-16,0.0,20260912
8890,0.9998875267124061,0.9998875267124058,0.9998875267124069,0.9998875267124058,0.9998875267124058,3.331043727314601e-16,0.0,1.1103479091048669e-15,0.0,20260912
8900,0.9998876530726888,0.9998876530726885,0.9998876530726888,0.9998876530726885,0.9998876530726885,3.33104330635568e-16,0.0,3.33104330635568e-16,0.0,20260912
8910,0.9998877791493662,0.9998877791493659,0.9998877791493682,0.9998877791493659,0.999887779149366,2.2206952575611156e-16,1.1103476287805578e-16,2.2206952575611155e-15,1.1103476287805578e-16,20260912
8920,0.9998879049433922,0.999887904943392,0.9998879049433922,0.999887904943392,0.999887904943392,2.220694978179601e-16,0.0,2.220694978179601e-16,0.0,20260912
8930,0.9998880304557164,0.999888030455716,0.9998880304557163,0.9998880304557161,0.9998880304557161,3.331042049135702e-16,1.1103473497119007e-16,2.2206946994238014e-16,0.0,20260912
8940,0.9998881556872835,0.9998881556872833,0.9998881556872858,0.9998881556872833,0.9998881556872833,2.2206944212916164e-16,0.0,2.5537985844853586e-15,0.0,20260912
8950,0.9998882806390351,0.9998882806390347,0.9998882806390339,0.9998882806390347,0.9998882806390348,3.331041215671433e-16,1.1103470718904776e-16,8.88277657512382e-16,1.1103470718904776e-16,20260912
8960,0.9998884053119075,0.9998884053119071,0.999888405311906,0.9998884053119071,0.9998884053119071,3.3310408003346075e-16,0.0,1.1103469334448691e-15,0.0,20260912
8970,0.9998885297068335,0.9998885297068331,0.999888529706834,0.9998885297068331,0.9998885297068332,3.331040385923839e-16,1.1103467953079463e-16,7.772427567155624e-16,1.1103467953079463e-16,20260912
8980,0.9998886538247415,0.9998886538247411,0.9998886538247412,0.9998886538247411,0.9998886538247411,3.331039972436035e-16,0.0,1.1103466574786782e-16,0.0,20260912
8990,0.9998887776665558,0.9998887776665554,0.9998887776665565,0.9998887776665555,0.9998887776665555,3.331039559868114e-16,1.110346519956038e-16,9.993118679604342e-16,0.0,20260912
9000,0.999888901233197,0.9998889012331963,0.9998889012331973,0.9998889012331963,0.9998889012331963,6.662078296434023e-16,0.0,9.993117444651033e-16,0.0,20260912
9010,0.9998890245255806,0.9998890245255798,0.9998890245255811,0.9998890245255798,0.9998890245255798,7.772423720785905e-16,0.0,1.3324154949918693e-15,0.0,20260912
9020,0.9998891475446188,0.9998891475446181,0.9998891475446192,0.9998891475446181,0.9998891475446181,6.662076655306123e-16,0.0,1.1103461092176871e-15,0.0,20260912
9030,0.9998892702912199,0.9998892702912191,0.999889270291221,0.9998892702912191,0.9998892702912191,7.772421810379682e-16,0.0,1.887588153949351e-15,0.0,20260912
9040,0.9998893927662875,0.9998893927662869,0.9998893927662883,0.9998893927662869,0.999889392766287,5.551729184533208e-16,1.1103458369066417e-16,1.3324150042879698e-15,1.1103458369066417e-16,20260912
9050,0.9998895149707221,0.9998895149707214,0.9998895149707225,0.9998895149707214,0.9998895149707214,6.66207420721478e-16,0.0,1.1103457012024632e-15,0.0,20260912
9060,0.9998896369054195,0.9998896369054188,0.9998896369054184,0.9998896369054188,0.9998896369054189,6.662073394787115e-16,1.1103455657978524e-16,4.44138226319141e-16,1.1103455657978524e-16,20260912
9070,0.9998897585712717,0.999889758571271,0.9998897585712719,0.999889758571271,0.999889758571271,6.662072584150912e-16,0.0,8.88276344553455e-16,0.0,20260912
9080,0.999889879969167,0.9998898799691663,0.9998898799691652,0.9998898799691663,0.9998898799691663,6.662071775300252e-16,0.0,1.1103452958833752e-15,0.0,20260912
9090,0.9998900010999897,0.9998900010999889,0.9998900010999898,0.9998900010999889,0.999890001099989,6.662070968229239e-16,1.11034516137154e-16,7.77241612960078e-16,1.11034516137154e-16,20260912
9100,0.99989012196462,0.9998901219646192,0.9998901219646206,0.9998901219646192,0.9998901219646192,7.772415190087346e-16,0.0,1.3324140325864021e-15,0.0,20260912
9110,0.9998902425639344,0.9998902425639337,0.999890242563934,0.9998902425639337,0.9998902425639337,7.77241425263651e-16,0.0,3.3310346797013615e-16,0.0,20260912
9120,0.9998903628988056,0.999890362898805,0.999890362898806,0.999890362898805,0.999890362898805,6.662068557635561e-16,0.0,9.993102836453341e-16,0.0,20260912
9130,0.9998904829701026,0.9998904829701019,0.9998904829701022,0.9998904829701019,0.9998904829701019,7.772412383895524e-16,0.0,3.331033878812367e-16,0.0,20260912
9140,0.9998906027786902,0.9998906027786894,0.9998906027786901,0.9998906027786894,0.9998906027786895,7.772411452591892e-16,1.110344493227413e-16,6.662066959364478e-16,1.110344493227413e-16,20260912
9150,0.9998907223254296,0.9998907223254289,0.9998907223254295,0.9998907223254289,0.9998907223254289,7.772410523323897e-16,0.0,6.662066162849055e-16,0.0,20260912
9160,0.9998908416111786,0.9998908416111778,0.9998908416111797,0.9998908416111778,0.9998908416111778,7.772409596084871e-16,0.0,1.8875851876206114e-15,0.0,20260912
9170,0.9998909606367905,0.9998909606367898,0.9998909606367896,0.9998909606367898,0.9998909606367898,6.662064575029865e-16,0.0,2.220688191676622e-16,0.0,20260912
9180,0.9998910794031157,0.9998910794031151,0.9998910794031137,0.9998910794031152,0.9998910794031152,5.551719819762288e-16,1.1103439639524576e-16,1.4434471531381951e-15,0.0,20260912
9190,0.9998911979110006,0.9998911979109999,0.9998911979110009,0.9998911979109999,0.9998911979109999,6.66206299412175e-16,0.0,9.993094491182625e-16,0.0,20260912
9200,0.9998913161612876,0.9998913161612868,0.9998913161612851,0.9998913161612868,0.9998913161612868,7.772405907286137e-16,0.0,1.665515551561315e-15,0.0,20260912
9210,0.9998914341548157,0.9998914341548149,0.9998914341548146,0.9998914341548149,0.9998914341548149,8.882748560106247e-16,0.0,2.220687140026562e-16,0.0,20260912
9220,0.9998915518924201,0.9998915518924194,0.9998915518924191,0.9998915518924195,0.9998915518924195,5.551717196349549e-16,1.1103434392699099e-16,4.441373757079639e-16,0.0,20260912
9230,0.9998916693749331,0.9998916693749322,0.9998916693749342,0.9998916693749322,0.9998916693749323,7.772403161668877e-16,1.1103433088098397e-16,1.8875836249767274e-15,1.1103433088098397e-16,20260912
9240,0.9998917866031825,0.9998917866031815,0.9998917866031831,0.9998917866031815,0.9998917866031815,9.993088607689355e-16,0.0,1.6655147679482259e-15,0.0,20260912
9250,0.9998919035779925,0.9998919035779915,0.9998919035779904,0.9998919035779915,0.9998919035779915,9.993087438623343e-16,0.0,1.110343048735927e-15,0.0,20260912
9260,0.9998920203001845,0.9998920203001835,0.9998920203001828,0.9998920203001835,0.9998920203001835,9.993086272082308e-16,0.0,7.772400433841795e-16,0.0,20260912
9270,0.999892136770576,0.9998921367705749,0.9998921367705743,0.9998921367705749,0.9998921367705749,1.1103427897842317e-15,0.0,5.551713948921158e-16,0.0,20260912
9280,0.9998922529899805,0.9998922529899795,0.9998922529899786,0.9998922529899795,0.9998922529899795,9.993083946542533e-16,0.0,8.882741285815585e-16,0.0,20260912
9290,0.9998923689592089,0.9998923689592077,0.9998923689592085,0.9998923689592079,0.9998923689592079,9.993082787527553e-16,1.110342531947506e-16,6.662055191685035e-16,0.0,20260912
9300,0.9998924846790678,0.9998924846790668,0.999892484679068,0.9998924846790668,0.9998924846790668,9.993081631005077e-16,0.0,1.2213766437895097e-15,0.0,20260912
9310,0.9998926001503606,0.9998926001503597,0.99989260015036,0.9998926001503597,0.9998926001503597,8.882738201748515e-16,0.0,2.2206845504371286e-16,0.0,20260912
9320,0.9998927153738878,0.9998927153738869,0.999892715373885,0.9998927153738869,0.9998927153738869,8.88273717813827e-16,0.0,1.8875816503543822e-15,0.0,20260912
9330,0.9998928303504456,0.9998928303504447,0.9998928303504444,0.9998928303504447,0.9998928303504447,8.88273615672226e-16,0.0,3.3310260587708475e-16,0.0,20260912
9340,0.9998929450808273,0.9998929450808264,0.9998929450808258,0.9998929450808265,0.9998929450808265,7.772393245306757e-16,1.1103418921866795e-16,6.662051353120077e-16,0.0,20260912
9350,0.9998930595658228,0.9998930595658218,0.999893059565819,0.9998930595658219,0.9998930595658219,8.882734120444781e-16,1.1103417650555976e-16,2.8868885891445542e-15,0.0,20260912
9360,0.9998931738062183,0.9998931738062172,0.9998931738062159,0.9998931738062172,0.9998931738062173,9.993074743765472e-16,1.1103416381961635e-16,1.4434441296550125e-15,1.1103416381961635e-16,20260912
9370,0.9998932878027968,0.9998932878027958,0.999893287802798,0.9998932878027958,0.9998932878027958,9.993073604467565e-16,0.0,2.1096488720542637e-15,0.0,20260912
9380,0.9998934015563383,0.9998934015563372,0.9998934015563383,0.9998934015563372,0.9998934015563373,9.993072467598863e-16,1.1103413852887627e-16,9.993072467598863e-16,1.1103413852887627e-16,20260912
9390,0.9998935150676187,0.9998935150676179,0.999893515067618,0.9998935150676179,0.9998935150676179,7.772388814673473e-16,0.0,1.1103412592390677e-16,0.0,20260912
9400,0.9998936283374117,0.9998936283374109,0.9998936283374104,0.9998936283374109,0.9998936283374109,7.772387934202944e-16,0.0,5.551705667287818e-16,0.0,20260912
9410,0.9998937413664868,0.999893741366486,0.9998937413664882,0.999893741366486,0.999893741366486,7.772387055603766e-16,0.0,2.22068201588679e-15,0.0,20260912
9420,0.9998938541556105,0.9998938541556097,0.9998938541556106,0.9998938541556098,0.9998938541556098,6.662045296174267e-16,1.1103408826957112e-16,7.772386178869978e-16,0.0,20260912
9430,0.9998939667055461,0.9998939667055455,0.9998939667055466,0.9998939667055455,0.9998939667055455,5.55170378856832e-16,0.0,1.110340757713664e-15,0.0,20260912
9440,0.9998940790170538,0.9998940790170532,0.9998940790170545,0.9998940790170533,0.9998940790170533,5.551703164982046e-16,1.1103406329964092e-16,1.22137469629605e-15,0.0,20260912
9450,0.9998941910908905,0.9998941910908898,0.9998941910908887,0.9998941910908898,0.9998941910908898,6.662043051258638e-16,0.0,1.1103405085431064e-15,0.0,20260912
9460,0.9998943029278095,0.9998943029278089,0.9998943029278092,0.9998943029278089,0.9998943029278089,5.551701921764591e-16,0.0,3.3310211530587543e-16,0.0,20260912
9470,0.9998944145285613,0.9998944145285609,0.9998944145285609,0.9998944145285609,0.9998944145285609,4.441361041700045e-16,0.0,0.0,0.0,20260912
9480,0.9998945258938934,0.999894525893893,0.9998945258938938,0.999894525893893,0.999894525893893,3.331020410275667e-16,0.0,7.772380957309891e-16,0.0,20260912
9490,0.9998946370245498,0.9998946370245495,0.9998946370245507,0.9998946370245495,0.9998946370245496,2.22068002670545e-16,1.110340013352725e-16,1.110340013352725e-15,1.110340013352725e-16,20260912
9500,0.9998947479212716,0.9998947479212714,0.9998947479212703,0.9998947479212714,0.9998947479212714,2.2206797804133923e-16,0.0,1.110339890206696e-15,0.0,20260912
9510,0.9998948585847968,0.9998948585847965,0.9998948585847973,0.9998948585847965,0.9998948585847965,2.2206795346392985e-16,0.0,7.772378371237544e-16,0.0,20260912
9520,0.99989496901586,0.9998949690158596,0.9998949690158602,0.9998949690158596,0.9998949690158597,2.220679289381537e-16,1.1103396446907684e-16,4.441358578763074e-16,1.1103396446907684e-16,20260912
9530,0.9998950792151926,0.9998950792151925,0.9998950792151934,0.9998950792151925,0.9998950792151925,1.1103395223192412e-16,0.0,8.88271617855393e-16,0.0,20260912
9540,0.9998951891835238,0.9998951891835237,0.9998951891835239,0.9998951891835237,0.9998951891835237,1.1103394002042579e-16,0.0,2.2206788004085157e-16,0.0,20260912
9550,0.9998952989215789,0.9998952989215788,0.999895298921582,0.9998952989215789,0.9998952989215789,0.0,1.1103392783450127e-16,3.1089499793660353e-15,0.0,20260912
9560,0.9998954084300806,0.9998954084300805,0.9998954084300812,0.9998954084300805,0.9998954084300805,1.1103391567407032e-16,0.0,6.662034940444218e-16,0.0,20260912
9570,0.9998955177097484,0.9998955177097482,0.999895517709747,0.9998955177097482,0.9998955177097482,2.22067807078106e-16,0.0,1.1103390353905301e-15,0.0,20260912
9580,0.9998956267612986,0.9998956267612984,0.9998956267612985,0.9998956267612984,0.9998956267612984,2.2206778285873956e-16,0.0,1.1103389142936978e-16,0.0,20260912
9590,0.9998957355854449,0.9998957355854446,0.9998957355854455,0.9998957355854446,0.9998957355854446,2.220677586898827e-16,0.0,8.882710347595309e-16,0.0,20260912
9600,0.9998958441828978,0.9998958441828976,0.9998958441828958,0.9998958441828976,0.9998958441828976,2.220677345713777e-16,0.0,1.7765418765710216e-15,0.0,20260912
9610,0.9998959525543648,0.9998959525543647,0.9998959525543633,0.9998959525543648,0.9998959525543648,0.0,1.110338552515336e-16,1.5544739735214704e-15,0.0,20260912
9620,0.9998960607005509,0.9998960607005508,0.9998960607005501,0.9998960607005508,0.9998960607005509,0.0,1.1103384324239742e-16,7.772369026967819e-16,1.1103384324239742e-16,20260912
9630,0.9998961686221577,0.9998961686221576,0.9998961686221575,0.9998961686221576,0.9998961686221576,1.110338312582023e-16,0.0,1.110338312582023e-16,0.0,20260912
9640,0.999896276319884,0.9998962763198838,0.999896276319885,0.9998962763198839,0.9998962763198839,1.1103381929887069e-16,1.1103381929887069e-16,1.1103381929887068e-15,0.0,20260912
9650,0.9998963837944256,0.9998963837944254,0.9998963837944255,0.9998963837944255,0.9998963837944255,1.1103380736432525e-16,1.1103380736432525e-16,0.0,0.0,20260912
9660,0.9998964910464757,0.9998964910464755,0.9998964910464757,0.9998964910464755,0.9998964910464755,2.22067590908978e-16,0.0,2.22067590908978e-16,0.0,20260912
9670,0.9998965980767244,0.9998965980767242,0.9998965980767263,0.9998965980767243,0.9998965980767243,1.110337835692853e-16,1.110337835692853e-16,1.9986081042471355e-15,0.0,20260912
9680,0.9998967048858591,0.9998967048858588,0.999896704885861,0.9998967048858589,0.9998967048858589,2.220675434172756e-16,1.110337717086378e-16,2.1096416624641185e-15,0.0,20260912
9690,0.9998968114745642,0.999896811474564,0.9998968114745639,0.999896811474564,0.999896811474564,2.2206751974494104e-16,0.0,1.1103375987247052e-16,0.0,20260912
9700,0.9998969178435215,0.9998969178435212,0.9998969178435232,0.9998969178435213,0.9998969178435213,2.220674961214153e-16,1.1103374806070766e-16,1.88757371703203e-15,0.0,20260912
9710,0.9998970239934097,0.9998970239934095,0.9998970239934094,0.9998970239934095,0.9998970239934095,2.220674725465478e-16,0.0,1.110337362732739e-16,0.0,20260912
9720,0.999897129924905,0.9998971299249048,0.9998971299249059,0.9998971299249049,0.9998971299249049,1.110337245100941e-16,1.110337245100941e-16,9.993035205908468e-16,0.0,20260912
9730,0.9998972356386807,0.9998972356386805,0.9998972356386805,0.9998972356386805,0.9998972356386805,2.22067425542187e-16,0.0,0.0,0.0,20260912
9740,0.9998973411354073,0.999897341135407,0.9998973411354062,0.9998973411354071,0.9998973411354071,2.2206740211239527e-16,1.1103370105619763e-16,8.88269608449581e-16,0.0,20260912
9750,0.9998974464157525,0.9998974464157522,0.9998974464157504,0.9998974464157522,0.9998974464157522,3.3310106809599697e-16,0.0,1.7765390298453174e-15,0.0,20260912
9760,0.9998975514803814,0.9998975514803811,0.9998975514803833,0.9998975514803811,0.9998975514803811,3.3310103309527113e-16,0.0,2.220673553968474e-15,0.0,20260912
9770,0.9998976563299563,0.999897656329956,0.9998976563299559,0.999897656329956,0.999897656329956,3.331009981661946e-16,0.0,1.110336660553982e-16,0.0,20260912
9780,0.9998977609651367,0.9998977609651365,0.9998977609651377,0.9998977609651365,0.9998977609651365,2.2206730887236516e-16,0.0,1.2213701987980084e-15,0.0,20260912
9790,0.9998978653865798,0.9998978653865794,0.9998978653865792,0.9998978653865795,0.9998978653865795,2.220672856814077e-16,1.1103364284070386e-16,3.3310092852211155e-16,0.0,20260912
9800,0.9998979695949397,0.9998979695949393,0.999897969594939,0.9998979695949393,0.9998979695949393,4.441345250755575e-16,0.0,2.2206726253777877e-16,0.0,20260912
9810,0.9998980735908679,0.9998980735908674,0.9998980735908662,0.9998980735908674,0.9998980735908674,5.551680986033339e-16,0.0,1.1103361972066679e-15,0.0,20260912
9820,0.9998981773750131,0.9998981773750126,0.9998981773750127,0.9998981773750127,0.9998981773750127,3.3310082458789194e-16,1.1103360819596397e-16,0.0,0.0,20260912
9830,0.999898280948022,0.9998982809480215,0.9998982809480221,0.9998982809480216,0.9998982809480216,4.441343867788368e-16,1.110335966947092e-16,5.551679834735459e-16,0.0,20260912
9840,0.9998983843105378,0.9998983843105375,0.9998983843105373,0.9998983843105376,0.9998983843105376,2.220671704336619e-16,1.1103358521683094e-16,2.220671704336619e-16,0.0,20260912
9850,0.9998984874632019,0.9998984874632016,0.9998984874632025,0.9998984874632016,0.9998984874632018,1.1103357376225803e-16,1.1103357376225803e-16,7.772350163358063e-16,1.1103357376225803e-16,20260912
9860,0.9998985904066527,0.9998985904066524,0.999898590406653,0.9998985904066524,0.9998985904066525,2.220671246618391e-16,1.1103356233091955e-16,4.441342493236782e-16,1.1103356233091955e-16,20260912
9870,0.9998986931415261,0.9998986931415257,0.9998986931415292,0.9998986931415257,0.9998986931415257,4.441342036909795e-16,0.0,3.553073629527836e-15,0.0,20260912
9880,0.999898795668455,0.9998987956684545,0.9998987956684547,0.9998987956684546,0.9998987956684546,3.3310061861299105e-16,1.110335395376637e-16,1.110335395376637e-16,0.0,20260912
9890,0.9998988979880704,0.99989889798807,0.999898897988068,0.99989889798807,0.99989889798807,4.441341127024236e-16,0.0,1.998603507160906e-15,0.0,20260912
9900,0.9998990001010003,0.9998990001009999,0.9998990001010009,0.9998990001009999,0.9998990001009999,4.441340673460071e-16,0.0,9.99301651528516e-16,0.0,20260912
9910,0.9998991020078705,0.99989910200787,0.9998991020078705,0.99989910200787,0.99989910200787,4.441340220811272e-16,0.0,4.441340220811272e-16,0.0,20260912
9920,0.999899203709304,0.9998992037093034,0.9998992037093025,0.9998992037093035,0.9998992037093035,4.441339769075071e-16,1.1103349422687678e-16,9.99301448041891e-16,0.0,20260912
9930,0.9998993052059213,0.9998993052059209,0.999899305205921,0.9998993052059209,0.9998993052059209,4.441339318248713e-16,0.0,1.1103348295621783e-16,0.0,20260912
9940,0.9998994064983407,0.9998994064983402,0.999899406498341,0.9998994064983402,0.9998994064983402,5.551673585411811e-16,0.0,7.772343019576536e-16,0.0,20260912
9950,0.9998995075871777,0.9998995075871772,0.9998995075871784,0.9998995075871772,0.9998995075871772,5.551673024143183e-16,0.0,1.2213680653115002e-15,0.0,20260912
9960,0.9998996084730453,0.9998996084730448,0.999899608473045,0.9998996084730448,0.9998996084730448,4.441337971201279e-16,0.0,2.2206689856006393e-16,0.0,20260912
9970,0.9998997091565545,0.9998997091565539,0.999899709156554,0.999899709156554,0.999899709156554,4.441337523986935e-16,1.1103343809967337e-16,0.0,0.0,20260912
9980,0.9998998096383134,0.9998998096383127,0.9998998096383127,0.9998998096383128,0.9998998096383128,5.551671347086015e-16,1.110334269417203e-16,1.110334269417203e-16,0.0,20260912
9990,0.9998999099189276,0.999899909918927,0.9998999099189279,0.999899909918927,0.9998999099189271,5.551670790305275e-16,1.1103341580610548e-16,7.772339106427384e-16,1.1103341580610548e-16,20260912
10000,0.9999000099990007,0.9999000099990001,0.9999000099989979,0.9999000099990001,0.9999000099990001,6.662004281565715e-16,0.0,2.220668093855238e-15,0.0,20260912
