N,mayor_a_menor,menor_a_mayor,randomizada,kahan,referencia_N_sobre_N_mas_1,error_mayor_a_menor,error_menor_a_mayor,error_randomizada,error_kahan,semilla_barrido_aleatorio
1000,0.9990009990009997,0.9990009990009989,0.9990009990009997,0.999000999000999,0.999000999000999,6.66799948589869e-16,1.1113332476497816e-16,6.66799948589869e-16,0.0,20260913
2000,0.9995002498750635,0.9995002498750625,0.9995002498750637,0.9995002498750625,0.9995002498750625,9.997003225237222e-16,0.0,1.221855949751216e-15,0.0,20260913
3000,0.9996667777407536,0.9996667777407531,0.9996667777407529,0.9996667777407531,0.9996667777407531,5.552965494833492e-16,0.0,2.2211861979333964e-16,0.0,20260913
4000,0.9997500624843794,0.9997500624843788,0.9997500624843806,0.9997500624843789,0.9997500624843789,4.442002321525252e-16,1.110500580381313e-16,1.6657508705719693e-15,0.0,20260913
5000,0.9998000399920015,0.9998000399920015,0.999800039992002,0.9998000399920016,0.9998000399920016,1.1104450692300815e-16,1.1104450692300815e-16,3.3313352076902446e-16,0.0,20260913
6000,0.999833361106482,0.9998333611064822,0.9998333611064834,0.9998333611064822,0.9998333611064822,2.220816123591855e-16,0.0,1.1104080617959274e-15,0.0,20260913
7000,0.9998571632623925,0.999857163262391,0.99985716326239,0.999857163262391,0.999857163262391,1.4434961162887055e-15,0.0,9.993434651229498e-16,0.0,20260913
8000,0.9998750156230477,0.999875015623047,0.9998750156230487,0.9998750156230471,0.9998750156230471,5.551809012516173e-16,1.1103618025032346e-16,1.5545065235045285e-15,0.0,20260913
9000,0.999888901233197,0.9998889012331963,0.9998889012331975,0.9998889012331963,0.9998889012331963,6.662078296434023e-16,0.0,1.2213810210129043e-15,0.0,20260913
10000,0.9999000099990007,0.9999000099990001,0.9999000099990017,0.9999000099990001,0.9999000099990001,6.662004281565715e-16,0.0,1.6655010703914286e-15,0.0,20260913
11000,0.9999090991728018,0.9999090991728025,0.9999090991728028,0.9999090991728025,0.9999090991728025,6.661943723946189e-16,0.0,3.3309718619730946e-16,0.0,20260913
12000,0.9999166736105314,0.9999166736105324,0.9999166736105347,0.9999166736105325,0.9999166736105325,1.1103155432105419e-15,1.1103155432105418e-16,2.2206310864210838e-15,0.0,20260913
13000,0.9999230828397822,0.9999230828397815,0.9999230828397817,0.9999230828397816,0.9999230828397816,5.551542131981407e-16,1.1103084263962816e-16,1.1103084263962816e-16,0.0,20260913
14000,0.9999285765302478,0.9999285765302478,0.9999285765302466,0.9999285765302478,0.9999285765302478,0.0,0.0,1.22133255889675e-15,0.0,20260913
15000,0.9999333377774814,0.9999333377774815,0.9999333377774797,0.9999333377774815,0.9999333377774815,1.1102970394934649e-16,0.0,1.7764752631895438e-15,0.0,20260913
16000,0.9999375039060063,0.9999375039060058,0.9999375039060053,0.9999375039060059,0.9999375039060059,4.441169654256783e-16,1.1102924135641957e-16,5.551462067820978e-16,0.0,20260913
17000,0.999941179930593,0.9999411799305923,0.9999411799305964,0.9999411799305923,0.9999411799305923,6.661729991171395e-16,0.0,4.1080668278890274e-15,0.0,20260913
18000,0.9999444475306937,0.9999444475306927,0.9999444475306934,0.9999444475306927,0.9999444475306928,8.88227762945664e-16,1.11028470368208e-16,6.66170822209248e-16,1.11028470368208e-16,20260913
19000,0.9999473711909913,0.9999473711909899,0.9999473711909903,0.99994737119099,0.99994737119099,1.3323377488991116e-15,1.1102814574159262e-16,3.330844372247779e-16,0.0,20260913
20000,0.9999500024998771,0.999950002499875,0.9999500024998746,0.999950002499875,0.999950002499875,2.1095292179751368e-15,0.0,3.3308356073291635e-16,0.0,20260913
21000,0.999952383219852,0.9999523832198466,0.9999523832198493,0.9999523832198467,0.9999523832198467,5.3293242834635226e-15,1.110275892388234e-16,2.553634552492938e-15,0.0,20260913
22000,0.9999545475205718,0.9999545475205672,0.9999545475205721,0.9999545475205672,0.9999545475205672,4.552121306163186e-15,0.0,4.885203352955614e-15,0.0,20260913
23000,0.99995652362941,0.9999565236294073,0.9999565236294123,0.9999565236294075,0.9999565236294075,2.5536239789403223e-15,1.1102712951914446e-16,4.885193698842356e-15,0.0,20260913
24000,0.9999583350693736,0.999958335069372,0.9999583350693743,0.9999583350693722,0.9999583350693722,1.443350069093204e-15,1.1102692839178493e-16,2.1095116394439133e-15,0.0,20260913
25000,0.9999600015999377,0.9999600015999359,0.9999600015999373,0.999960001599936,0.999960001599936,1.6654011503192124e-15,1.1102674335461416e-16,1.2212941769007556e-15,0.0,20260913
26000,0.9999615399407706,0.9999615399407714,0.9999615399407722,0.9999615399407715,0.9999615399407715,8.882125804085751e-16,1.110265725510719e-16,6.661594353064314e-16,0.0,20260913
27000,0.9999629643346551,0.9999629643346543,0.9999629643346531,0.9999629643346543,0.9999629643346543,8.882113151971512e-16,0.0,1.110264143996439e-15,0.0,20260913
28000,0.9999642869897497,0.9999642869897504,0.9999642869897517,0.9999642869897504,0.9999642869897504,6.6615760526847875e-16,0.0,1.3323152105369575e-15,0.0,20260913
29000,0.9999655184303992,0.9999655184303989,0.9999655184304005,0.9999655184303989,0.9999655184303989,2.2205226163554597e-16,0.0,1.5543658314488218e-15,0.0,20260913
30000,0.999966667777743,0.9999666677777407,0.9999666677777409,0.9999666677777407,0.9999666677777408,2.220520064118621e-15,1.1102600320593107e-16,1.1102600320593107e-16,1.1102600320593107e-16,20260913
31000,0.9999677429760356,0.999967742976033,0.9999677429760366,0.999967742976033,0.9999677429760331,2.553595328023558e-15,1.110258838271112e-16,3.5528282824675586e-15,1.110258838271112e-16,20260913
32000,0.9999687509765343,0.9999687509765319,0.9999687509765337,0.9999687509765319,0.9999687509765319,2.33154121009882e-15,0.0,1.776412350551482e-15,0.0,20260913
33000,0.9999696978879452,0.9999696978879428,0.9999696978879447,0.9999696978879428,0.9999696978879428,2.442564669043653e-15,0.0,1.8874363351700954e-15,0.0,20260913
34000,0.9999705891003235,0.9999705891003206,0.9999705891003215,0.9999705891003206,0.9999705891003206,2.9976903312575255e-15,0.0,9.99230110419175e-16,0.0,20260913
35000,0.9999714293877358,0.9999714293877318,0.9999714293877309,0.9999714293877318,0.9999714293877318,3.9969170830188106e-15,0.0,8.882037962264024e-16,0.0,20260913
36000,0.9999722229938102,0.9999722229938057,0.999972222993808,0.9999722229938057,0.9999722229938057,4.441015456614473e-15,0.0,2.2205077283072365e-15,0.0,20260913
37000,0.9999729737034175,0.9999729737034134,0.9999729737034087,0.9999729737034134,0.9999729737034134,4.1079362134155415e-15,0.0,4.774088031807251e-15,0.0,20260913
38000,0.9999736849030335,0.9999736849030288,0.9999736849030373,0.9999736849030288,0.9999736849030288,4.663059412286274e-15,0.0,8.437917031756114e-15,0.0,20260913
39000,0.9999743596318108,0.9999743596318043,0.9999743596318059,0.9999743596318043,0.9999743596318044,6.4394586529167495e-15,1.1102514918821981e-16,1.5543520886350775e-15,1.1102514918821981e-16,20260913
40000,0.9999750006249907,0.9999750006249843,0.9999750006249899,0.9999750006249843,0.9999750006249843,6.328429447144402e-15,0.0,5.551253901003861e-15,0.0,20260913
41000,0.9999756103509742,0.999975610350967,0.9999756103509664,0.999975610350967,0.999975610350967,7.105600660707286e-15,0.0,6.66150061941308e-16,0.0,20260913
42000,0.9999761910430768,0.9999761910430703,0.9999761910430679,0.9999761910430703,0.9999761910430705,6.328421913488162e-15,1.1102494585066951e-16,2.553573754565399e-15,1.1102494585066951e-16,20260913
43000,0.9999767447268721,0.9999767447268668,0.9999767447268652,0.9999767447268668,0.9999767447268668,5.329194450073268e-15,0.0,1.665373265647896e-15,0.0,20260913
44000,0.999977273243796,0.9999772732437898,0.9999772732437885,0.9999772732437899,0.9999772732437899,6.106365413316439e-15,1.1102482569666254e-16,1.443322734056613e-15,0.0,20260913
45000,0.9999777782715998,0.999977778271594,0.9999777782715955,0.999977778271594,0.999977778271594,5.884312790114008e-15,0.0,1.5543467747470964e-15,0.0,20260913
46000,0.999978261342149,0.9999782613421447,0.9999782613421473,0.9999782613421447,0.9999782613421447,4.218939207651542e-15,0.0,2.553568467789091e-15,0.0,20260913
47000,0.9999787238569458,0.9999787238569392,0.9999787238569424,0.9999787238569392,0.9999787238569392,6.550455213710664e-15,0.0,3.21971527453575e-15,0.0,20260913
48000,0.9999791671006917,0.9999791671006854,0.9999791671006826,0.9999791671006854,0.9999791671006854,6.3284030793475666e-15,0.0,2.775615385678757e-15,0.0,20260913
49000,0.999979592253226,0.9999795922532193,0.9999795922532164,0.9999795922532193,0.9999795922532193,6.661474093427424e-15,0.0,2.8866387738185504e-15,0.0,20260913
50000,0.9999800003999983,0.9999800003999919,0.9999800003999901,0.999980000399992,0.999980000399992,6.3283978057881995e-15,1.110245229085649e-16,1.8874168894456035e-15,0.0,20260913
51000,0.9999803925413298,0.9999803925413226,0.999980392541331,0.9999803925413228,0.9999803925413228,6.994542200335645e-15,1.1102447937040706e-16,8.215811473410123e-15,0.0,20260913
52000,0.999980769600593,0.9999807696005846,0.9999807696005926,0.9999807696005846,0.9999807696005846,8.437857250516328e-15,0.0,7.993759500489153e-15,0.0,20260913
53000,0.9999811324314719,0.9999811324314635,0.9999811324314721,0.9999811324314636,0.9999811324314636,8.32682979172046e-15,1.1102439722293948e-16,8.54887858616634e-15,0.0,20260913
54000,0.9999814818244195,0.9999814818244106,0.9999814818244173,0.9999814818244106,0.9999814818244107,8.770924316055302e-15,1.1102435843107976e-16,6.550437147433707e-15,1.1102435843107976e-16,20260913
55000,0.9999818185123998,0.9999818185123907,0.9999818185123893,0.9999818185123907,0.9999818185123907,9.10399432608632e-15,0.0,1.3322918525979979e-15,0.0,20260913
56000,0.9999821431760234,0.9999821431760146,0.9999821431760162,0.9999821431760147,0.9999821431760147,8.659894230283223e-15,1.1102428500363105e-16,1.4433157050472036e-15,0.0,20260913
57000,0.9999824564481417,0.9999824564481324,0.9999824564481246,0.9999824564481324,0.9999824564481324,9.215012768443263e-15,0.0,7.882721765776766e-15,0.0,20260913
58000,0.9999827589179582,0.9999827589179496,0.9999827589179445,0.9999827589179496,0.9999827589179497,8.437840464650968e-15,1.110242166401443e-16,5.218138182086783e-15,1.110242166401443e-16,20260913
59000,0.9999830511347348,0.9999830511347265,0.9999830511347343,0.9999830511347265,0.9999830511347265,8.326813814734177e-15,0.0,7.771692893751899e-15,0.0,20260913
60000,0.999983333611114,0.9999833336111065,0.9999833336111013,0.9999833336111065,0.9999833336111065,7.549642392727188e-15,0.0,5.218135183208498e-15,0.0,20260913
61000,0.9999836068261241,0.9999836068261175,0.999983606826112,0.9999836068261176,0.9999836068261176,6.439399105015134e-15,1.1102412250026094e-16,5.662230247513308e-15,0.0,20260913
62000,0.9999838712278906,0.9999838712278833,0.9999838712278797,0.9999838712278835,0.9999838712278835,7.10554196126806e-15,1.1102409314481343e-16,3.7748191669236565e-15,0.0,20260913
63000,0.9999841272360844,0.9999841272360755,0.9999841272360842,0.9999841272360757,0.9999841272360757,8.770901112981506e-15,1.110240647212849e-16,8.548852983538938e-15,0.0,20260913
64000,0.9999843752441454,0.9999843752441367,0.9999843752441425,0.9999843752441367,0.9999843752441369,8.548850863321354e-15,1.1102403718599161e-16,5.662225896485573e-15,1.1102403718599161e-16,20260913
65000,0.9999846156213101,0.999984615621298,0.9999846156212973,0.9999846156212981,0.9999846156212981,1.199059313377732e-14,1.1102401049793814e-16,8.881920839835052e-16,0.0,20260913
66000,0.9999848487144251,0.9999848487144134,0.9999848487144212,0.9999848487144134,0.9999848487144134,1.1657518384954425e-14,0.0,7.77167892330295e-15,0.0,20260913
67000,0.9999850748496437,0.9999850748496291,0.9999850748496304,0.9999850748496291,0.9999850748496291,1.465516265555841e-14,0.0,1.3322875141416738e-15,0.0,20260913
68000,0.9999852943339215,0.9999852943339068,0.9999852943339058,0.9999852943339068,0.9999852943339068,1.4655159438933316e-14,0.0,9.99215416290908e-16,0.0,20260913
69000,0.9999855074564262,0.9999855074564137,0.9999855074564272,0.9999855074564137,0.9999855074564137,1.2545701997397288e-14,0.0,1.3544917200729814e-14,0.0,20260913
70000,0.9999857144898063,0.999985714489793,0.9999857144897878,0.999985714489793,0.999985714489793,1.3322866619448957e-14,0.0,5.218122759284175e-15,0.0,20260913
71000,0.9999859156913433,0.9999859156913282,0.999985915691342,0.9999859156913283,0.9999859156913283,1.498822193118373e-14,1.1102386615691653e-16,1.3655935537300733e-14,0.0,20260913
72000,0.9999861113040253,0.9999861113040096,0.9999861113040189,0.9999861113040096,0.9999861113040097,1.5543338221451423e-14,1.1102384443893873e-16,9.214979088431916e-15,1.1102384443893873e-16,20260913
73000,0.9999863015575312,0.9999863015575129,0.9999863015575204,0.9999863015575129,0.9999863015575129,1.8318930847135718e-14,0.0,7.549619985486235e-15,0.0,20260913
74000,0.9999864866691159,0.9999864866690991,0.9999864866690975,0.9999864866690991,0.9999864866690991,1.6875618020112842e-14,0.0,1.554333238694604e-15,0.0,20260913
75000,0.999986666844458,0.999986666844442,0.9999866668444529,0.999986666844442,0.999986666844442,1.5987424717422984e-14,0.0,1.0880330710468418e-14,0.0,20260913
76000,0.9999868422784065,0.9999868422783911,0.9999868422783991,0.9999868422783911,0.9999868422783911,1.54323030962376e-14,0.0,7.993710956324513e-15,0.0,20260913
77000,0.9999870131556885,0.9999870131556733,0.9999870131556882,0.9999870131556733,0.9999870131556733,1.5210252970552142e-14,0.0,1.4877181737620346e-14,0.0,20260913
78000,0.9999871796515585,0.9999871796515429,0.9999871796515589,0.9999871796515429,0.9999871796515429,1.5543321615551482e-14,0.0,1.5987416518852953e-14,0.0,20260913
79000,0.999987341932395,0.9999873419323806,0.9999873419323901,0.9999873419323806,0.9999873419323806,1.4433082015055138e-14,0.0,9.548038871498014e-15,0.0,20260913
80000,0.9999875001562621,0.999987500156248,0.9999875001562634,0.999987500156248,0.999987500156248,1.4100008660644647e-14,0.0,1.5321269253298907e-14,0.0,20260913
81000,0.9999876544734159,0.9999876544734015,0.9999876544734003,0.9999876544734015,0.9999876544734015,1.4322053830961035e-14,0.0,1.2212604041904758e-15,0.0,20260913
82000,0.9999878050267818,0.9999878050267679,0.9999878050267724,0.999987805026768,0.999987805026768,1.3766933392736152e-14,1.1102365639303348e-16,4.4409462557213395e-15,0.0,20260913
83000,0.9999879519523993,0.9999879519523861,0.9999879519523965,0.9999879519523861,0.9999879519523861,1.3211813169593497e-14,0.0,1.0436222167578056e-14,0.0,20260913
84000,0.9999880953798296,0.9999880953798168,0.9999880953798117,0.9999880953798169,0.9999880953798169,1.2656693153851555e-14,1.1102362415659258e-16,5.218110335359851e-15,0.0,20260913
85000,0.9999882354325383,0.9999882354325242,0.9999882354325285,0.9999882354325244,0.9999882354325244,1.3988974684513563e-14,1.110236086072505e-16,4.107873518468268e-15,0.0,20260913
86000,0.9999883722282442,0.9999883722282299,0.9999883722282387,0.9999883722282299,0.9999883722282299,1.4322043551118212e-14,0.0,8.770863880142161e-15,0.0,20260913
87000,0.9999885058792584,0.9999885058792427,0.9999885058792354,0.9999885058792427,0.9999885058792428,1.5543301001330866e-14,1.1102357858093476e-16,7.438579764922629e-15,1.1102357858093476e-16,20260913
88000,0.9999886364927856,0.999988636492767,0.9999886364927605,0.9999886364927671,0.9999886364927671,1.842991163721179e-14,1.110235640795891e-16,6.6614138447753454e-15,0.0,20260913
89000,0.9999887641712064,0.9999887641711891,0.9999887641711896,0.9999887641711891,0.9999887641711891,1.731967378504215e-14,0.0,5.551177495205818e-16,0.0,20260913
90000,0.9999888890123607,0.9999888890123443,0.9999888890123482,0.9999888890123443,0.9999888890123443,1.643148333446081e-14,0.0,3.885823761527895e-15,0.0,20260913
91000,0.9999890111097844,0.999989011109768,0.9999890111097853,0.999989011109768,0.999989011109768,1.6431481328196982e-14,0.0,1.731966950809952e-14,0.0,20260913
92000,0.9999891305529452,0.9999891305529287,0.9999891305529313,0.9999891305529287,0.9999891305529288,1.6431479365547583e-14,1.1102350922667286e-16,2.4425172029868027e-15,1.1102350922667286e-16,20260913
93000,0.9999892474274623,0.999989247427447,0.9999892474274484,0.999989247427447,0.999989247427447,1.5321242482598557e-14,0.0,1.4433054512592843e-15,0.0,20260913
94000,0.9999893618153156,0.9999893618152997,0.9999893618153034,0.9999893618152998,0.9999893618152998,1.576533466421924e-14,1.1102348355083973e-16,3.552751473626871e-15,0.0,20260913
95000,0.9999894737950283,0.9999894737950127,0.9999894737950261,0.9999894737950127,0.9999894737950127,1.5654309427684678e-14,0.0,1.3433840005318057e-14,0.0,20260913
96000,0.9999895834418535,0.9999895834418391,0.9999895834418614,0.9999895834418391,0.9999895834418392,1.4322026203883452e-14,1.1102345894483296e-16,2.2204691788966594e-14,1.1102345894483296e-16,20260913
97000,0.999989690827943,0.9999896908279295,0.9999896908279443,0.9999896908279295,0.9999896908279297,1.3322813642680182e-14,1.1102344702233486e-16,1.46550950069482e-14,1.1102344702233486e-16,20260913
98000,0.9999897960225024,0.9999897960224895,0.9999897960224955,0.9999897960224896,0.9999897960224896,1.2767695064462598e-14,1.1102343534315301e-16,5.88424207318711e-15,0.0,20260913
99000,0.9999898990919415,0.9999898990919284,0.9999898990919366,0.9999898990919284,0.9999898990919284,1.3100764020189884e-14,0.0,8.215733368593655e-15,0.0,20260913
100000,0.9999900001000122,0.9999900000999989,0.9999900001000079,0.9999900000999989,0.999990000099999,1.3100762696893752e-14,1.1102341268554026e-16,8.881873014843222e-15,1.1102341268554026e-16,20260913
101000,0.999990099107943,0.9999900991079296,0.9999900991079302,0.9999900991079296,0.9999900991079296,1.3433831604881207e-14,0.0,6.661404101593987e-16,0.0,20260913
102000,0.999990196174561,0.9999901961745472,0.9999901961745636,0.9999901961745473,0.9999901961745473,1.3655877082724747e-14,1.1102339091646136e-16,1.632043846471982e-14,0.0,20260913
103000,0.9999902913564083,0.9999902913563945,0.9999902913563984,0.9999902913563946,0.9999902913563946,1.365587578292052e-14,1.1102338034894733e-16,3.774794931864209e-15,0.0,20260913
104000,0.9999903847078524,0.9999903847078393,0.9999903847078476,0.9999903847078393,0.9999903847078393,1.3100757658189257e-14,0.0,8.326752748849104e-15,0.0,20260913
105000,0.9999904762811906,0.9999904762811782,0.9999904762811822,0.9999904762811782,0.9999904762811783,1.2323592939773269e-14,1.1102335981777719e-16,3.885817593622202e-15,1.1102335981777719e-16,20260913
106000,0.9999905661267482,0.9999905661267346,0.9999905661267473,0.9999905661267346,0.9999905661267346,1.3544848680812763e-14,0.0,1.2656661882070943e-14,0.0,20260913
107000,0.9999906542929659,0.9999906542929505,0.9999906542929466,0.9999906542929505,0.9999906542929505,1.5321220927469587e-14,0.0,3.885816901894461e-15,0.0,20260913
108000,0.9999907408264906,0.9999907408264738,0.9999907408264865,0.9999907408264738,0.9999907408264739,1.6764522897466452e-14,1.1102333044679772e-16,1.2656659670934939e-14,1.1102333044679772e-16,20260913
109000,0.9999908257722596,0.9999908257722405,0.9999908257722432,0.9999908257722406,0.9999908257722406,1.8984987893693123e-14,1.1102332101574925e-16,2.5535363833622328e-15,0.0,20260913
110000,0.999990909173572,0.9999909091735529,0.9999909091735472,0.9999909091735529,0.9999909091735529,1.9096009622061998e-14,0.0,5.773212211321069e-15,0.0,20260913
111000,0.9999909910721709,0.9999909910721525,0.99999099107217,0.9999909910721525,0.9999909910721525,1.8429868242130832e-14,0.0,1.7541681820823322e-14,0.0,20260913
112000,0.9999910715083071,0.99999107150829,0.9999910715082941,0.9999910715082901,0.9999910715082901,1.6986563941160224e-14,1.1102329373307334e-16,3.99683857439064e-15,0.0,20260913
113000,0.9999911505208074,0.9999911505207918,0.9999911505208086,0.9999911505207918,0.9999911505207919,1.5543259894507454e-14,1.1102328496076753e-16,1.665349274411513e-14,1.1102328496076753e-16,20260913
114000,0.9999912281471371,0.9999912281471215,0.9999912281471341,0.9999912281471215,0.9999912281471215,1.5654281964273017e-14,0.0,1.2656653503029248e-14,0.0,20260913
115000,0.9999913044234552,0.9999913044234398,0.9999913044234584,0.9999913044234398,0.9999913044234398,1.5432234234463956e-14,0.0,1.8651909002805358e-14,0.0,20260913
116000,0.9999913793846767,0.9999913793846604,0.9999913793846648,0.9999913793846604,0.9999913793846604,1.6320419154045508e-14,0.0,4.32990712250187e-15,0.0,20260913
117000,0.9999914530645201,0.9999914530645037,0.9999914530645201,0.9999914530645037,0.9999914530645038,1.6320417951549306e-14,1.110232513710837e-16,1.6320417951549306e-14,1.110232513710837e-16,20260913
118000,0.9999915254955613,0.9999915254955466,0.9999915254955515,0.9999915254955466,0.9999915254955466,1.465506811949211e-14,0.0,4.88502270649737e-15,0.0,20260913
119000,0.9999915967092857,0.9999915967092713,0.9999915967092815,0.9999915967092713,0.9999915967092714,1.432199736957223e-14,1.1102323542304055e-16,1.010311442349669e-14,1.1102323542304055e-16,20260913
120000,0.9999916667361245,0.9999916667361105,0.9999916667361143,0.9999916667361105,0.9999916667361105,1.3988926683694559e-14,0.0,3.7747897400445635e-15,0.0,20260913
121000,0.9999917356055047,0.9999917356054908,0.9999917356054977,0.9999917356054908,0.9999917356054908,1.3877902500275679e-14,0.0,6.883439640136737e-15,0.0,20260913
122000,0.9999918033458866,0.9999918033458741,0.9999918033458842,0.9999918033458742,0.9999918033458742,1.2323576585434101e-14,1.110232124813883e-16,9.992089123324947e-15,0.0,20260913
123000,0.9999918699848095,0.9999918699847968,0.9999918699847898,0.9999918699847968,0.9999918699847968,1.265664537944614e-14,0.0,6.994461920220236e-15,0.0,20260913
124000,0.9999919355489191,0.9999919355489069,0.9999919355489134,0.9999919355489069,0.9999919355489069,1.22125517584031e-14,0.0,6.550368670416208e-15,0.0,20260913
125000,0.9999920000640125,0.9999920000639995,0.999992000064011,0.9999920000639995,0.9999920000639995,1.2989713304989436e-14,0.0,1.1546411826657277e-14,0.0,20260913
126000,0.9999920635550646,0.9999920635550511,0.9999920635550675,0.9999920635550511,0.9999920635550511,1.3544828398211834e-14,0.0,1.643143117160124e-14,0.0,20260913
127000,0.999992126046263,0.9999921260462515,0.999992126046238,0.9999921260462515,0.9999921260462517,1.132436401869511e-14,1.1102317665387363e-16,1.3655850728426455e-14,1.1102317665387363e-16,20260913
128000,0.999992187561046,0.9999921875610346,0.9999921875610274,0.9999921875610347,0.9999921875610347,1.132436332207387e-14,1.1102316982425365e-16,7.327529208400741e-15,0.0,20260913
129000,0.9999922481221186,0.9999922481221075,0.9999922481221276,0.9999922481221075,0.9999922481221076,1.0991293146951404e-14,1.1102316310051923e-16,1.9984169358093463e-14,1.1102316310051923e-16,20260913
130000,0.9999923077514904,0.9999923077514787,0.9999923077514711,0.9999923077514788,0.9999923077514788,1.1546408273943598e-14,1.110231564802269e-16,7.771620953615882e-15,0.0,20260913
131000,0.999992366470497,0.999992366470485,0.9999923664704791,0.999992366470485,0.999992366470485,1.2101523345749844e-14,0.0,5.8842269479334096e-15,0.0,20260913
132000,0.9999924242998259,0.9999924242998158,0.9999924242998274,0.9999924242998159,0.9999924242998159,9.992082918650815e-15,1.110231435405646e-16,1.1435383784678154e-14,0.0,20260913
133000,0.9999924812595493,0.9999924812595393,0.9999924812595411,0.9999924812595394,0.9999924812595394,9.881059212283586e-15,1.110231372166695e-16,1.6653470582500425e-15,0.0,20260913
134000,0.9999925373691333,0.9999925373691241,0.9999925373691292,0.9999925373691241,0.9999925373691241,9.214919871934355e-15,0.0,5.107064025409401e-15,0.0,20260913
135000,0.9999925926474709,0.9999925926474619,0.9999925926474721,0.9999925926474619,0.9999925926474619,8.992873112845246e-15,0.0,1.02141274861946e-14,0.0,20260913
136000,0.9999926471128973,0.9999926471128888,0.9999926471128925,0.9999926471128888,0.9999926471128888,8.437757029026096e-15,0.0,3.663762920498173e-15,0.0,20260913
137000,0.9999927007832138,0.9999927007832059,0.9999927007832037,0.9999927007832059,0.999992700783206,7.771617899099981e-15,1.1102311284428546e-16,2.3314853697299946e-15,1.1102311284428546e-16,20260913
138000,0.9999927536757045,0.999992753675698,0.9999927536756973,0.999992753675698,0.999992753675698,6.550363311345274e-15,0.0,6.661386418317228e-16,0.0,20260913
139000,0.9999928058071594,0.9999928058071524,0.9999928058071442,0.9999928058071524,0.9999928058071524,6.994455374599314e-15,0.0,8.215709487624591e-15,0.0,20260913
140000,0.999992857193885,0.9999928571938771,0.9999928571938814,0.9999928571938772,0.9999928571938772,7.771616683527327e-15,1.1102309547896182e-16,4.218877628200549e-15,0.0,20260913
141000,0.9999929078517257,0.9999929078517173,0.9999929078517269,0.9999929078517173,0.9999929078517173,8.326731739104877e-15,0.0,9.547985727506926e-15,0.0,20260913
142000,0.9999929577960803,0.9999929577960718,0.9999929577960714,0.9999929577960719,0.9999929577960719,8.437754407538423e-15,1.1102308430971608e-16,4.440923372388643e-16,0.0,20260913
143000,0.9999930070419165,0.9999930070419087,0.9999930070419062,0.9999930070419087,0.9999930070419087,7.771615518957721e-15,0.0,2.5535308133718228e-15,0.0,20260913
144000,0.999993055603788,0.9999930556037805,0.9999930556037877,0.9999930556037805,0.9999930556037805,7.54956899464945e-15,0.0,7.216499774297268e-15,0.0,20260913
145000,0.9999931034958487,0.9999931034958379,0.9999931034958351,0.9999931034958379,0.9999931034958379,1.0769237608956011e-14,0.0,2.7755767033391782e-15,0.0,20260913
146000,0.9999931507318549,0.9999931507318442,0.9999931507318461,0.9999931507318442,0.9999931507318442,1.0658214037367507e-14,0.0,1.8873920691171626e-15,0.0,20260913
147000,0.999993197325199,0.9999931973251882,0.9999931973251832,0.9999931973251882,0.9999931973251882,1.076923659847857e-14,0.0,4.996037597232326e-15,0.0,20260913
148000,0.9999932432889074,0.9999932432888966,0.9999932432889059,0.9999932432888967,0.9999932432888967,1.0658213050867965e-14,1.1102305261320797e-16,9.214913366896261e-15,0.0,20260913
149000,0.9999932886356565,0.9999932886356467,0.9999932886356424,0.9999932886356467,0.9999932886356467,9.770028186920281e-15,0.0,4.329898855566943e-15,0.0,20260913
150000,0.9999933333777878,0.9999933333777774,0.9999933333777777,0.9999933333777775,0.9999933333777775,1.0325142962841482e-14,1.1102304261119874e-16,2.220460852223975e-16,0.0,20260913
151000,0.999993377527312,0.9999933775273011,0.9999933775273004,0.9999933775273011,0.9999933775273011,1.088025769553608e-14,0.0,6.66138226257311e-16,0.0,20260913
152000,0.9999934210959248,0.9999934210959138,0.9999934210959283,0.9999934210959138,0.9999934210959138,1.0991280254367627e-14,0.0,1.4432994273412035e-14,0.0,20260913
153000,0.9999934640950175,0.9999934640950059,0.9999934640949901,0.9999934640950059,0.9999934640950059,1.1657417950340343e-14,0.0,1.5765269989984084e-14,0.0,20260913
154000,0.9999935065356811,0.9999935065356718,0.9999935065356734,0.9999935065356719,0.9999935065356719,9.214910941084282e-15,1.110230233865576e-16,1.5543223274118067e-15,0.0,20260913
155000,0.9999935484287289,0.9999935484287198,0.9999935484287085,0.9999935484287198,0.9999935484287198,9.103887536305652e-15,0.0,1.1324347911014346e-14,0.0,20260913
156000,0.99999358978469,0.9999935897846808,0.9999935897846757,0.9999935897846809,0.9999935897846809,9.103887159803218e-15,1.1102301414394168e-16,5.21808166476526e-15,0.0,20260913
157000,0.999993630613826,0.9999936306138177,0.9999936306138281,0.9999936306138177,0.9999936306138177,8.215702711209484e-15,0.0,1.0325139893817326e-14,0.0,20260913
158000,0.9999936709261412,0.9999936709261333,0.9999936709261295,0.9999936709261333,0.9999936709261333,7.88263336460744e-15,0.0,3.885805179736062e-15,0.0,20260913
159000,0.9999937107313881,0.999993710731379,0.9999937107313714,0.999993710731379,0.999993710731379,9.103886058711201e-15,0.0,7.549564048687338e-15,0.0,20260913
160000,0.9999937500390716,0.9999937500390622,0.9999937500390675,0.9999937500390622,0.9999937500390622,9.436954689912015e-15,0.0,5.3291038248914905e-15,0.0,20260913
161000,0.9999937888584635,0.9999937888584542,0.9999937888584628,0.9999937888584542,0.9999937888584542,9.214908339488827e-15,0.0,8.548770387236623e-15,0.0,20260913
162000,0.9999938271986065,0.9999938271985975,0.999993827198605,0.9999938271985975,0.9999938271985975,8.992862010615e-15,0.0,7.438540181619814e-15,0.0,20260913
163000,0.9999938650683219,0.9999938650683124,0.9999938650683073,0.9999938650683124,0.9999938650683124,9.436953604379531e-15,0.0,5.107057244723041e-15,0.0,20260913
164000,0.9999939024762134,0.9999939024762043,0.9999939024762123,0.9999939024762045,0.9999939024762045,8.99286133364974e-15,1.1102297942777456e-16,7.882631539371994e-15,0.0,20260913
165000,0.9999939394306788,0.99999393943067,0.9999939394306802,0.99999393943067,0.9999939394306702,8.659792075346475e-15,1.1102297532495482e-16,9.992067779245933e-15,1.1102297532495482e-16,20260913
166000,0.9999939759399097,0.9999939759399039,0.9999939759399091,0.9999939759399039,0.999993975939904,5.662171534849898e-15,1.1102297127156663e-16,5.107056678492065e-15,1.1102297127156663e-16,20260913
167000,0.9999940120119095,0.9999940120119041,0.9999940120119023,0.9999940120119041,0.9999940120119041,5.4401253960693794e-15,0.0,1.7763674762675525e-15,0.0,20260913
168000,0.9999940476544839,0.9999940476544782,0.9999940476544658,0.9999940476544782,0.9999940476544783,5.5511481654777056e-15,1.1102296330955412e-16,1.2545594853979614e-14,1.1102296330955412e-16,20260913
169000,0.9999940828752548,0.9999940828752492,0.9999940828752535,0.9999940828752493,0.9999940828752493,5.5511479699608305e-15,1.110229593992166e-16,4.2188724571702315e-15,0.0,20260913
170000,0.9999941176816666,0.9999941176816607,0.9999941176816732,0.9999941176816607,0.9999941176816607,5.8842166433488035e-15,0.0,1.2545593975441789e-14,0.0,20260913
171000,0.9999941520809877,0.999994152080982,0.9999941520809909,0.999994152080982,0.999994152080982,5.773193489218814e-15,0.0,8.881836137259715e-15,0.0,20260913
172000,0.9999941860803202,0.9999941860803134,0.9999941860803137,0.9999941860803134,0.9999941860803135,6.6613768764611005e-15,1.1102294794101835e-16,1.1102294794101835e-16,1.1102294794101835e-16,20260913
173000,0.999994219686597,0.9999942196865914,0.9999942196865997,0.9999942196865914,0.9999942196865914,5.5511472104964365e-15,0.0,8.326720815744655e-15,0.0,20260913
174000,0.9999942529065983,0.9999942529065925,0.9999942529065831,0.9999942529065925,0.9999942529065925,5.773192907129711e-15,0.0,9.436949944346643e-15,0.0,20260913
175000,0.9999942857469443,0.9999942857469385,0.9999942857469373,0.9999942857469386,0.9999942857469386,5.662169780659302e-15,1.1102293687567257e-16,1.332275242508071e-15,0.0,20260913
176000,0.999994318214107,0.999994318214101,0.9999943182141068,0.999994318214101,0.999994318214101,5.995238396636828e-15,0.0,5.773192530094724e-15,0.0,20260913
177000,0.9999943503144108,0.999994350314405,0.9999943503144217,0.999994350314405,0.999994350314405,5.773192344772442e-15,0.0,1.6764462385781512e-14,0.0,20260913
178000,0.9999943820540395,0.9999943820540333,0.9999943820540415,0.9999943820540333,0.9999943820540335,5.995238013899064e-15,1.11022926183316e-16,7.993650685198753e-15,1.11022926183316e-16,20260913
179000,0.9999944134390367,0.9999944134390311,0.999994413439044,0.9999944134390311,0.9999944134390311,5.662169057640955e-15,0.0,1.2989681955764545e-14,0.0,20260913
180000,0.9999944444753142,0.9999944444753084,0.9999944444753034,0.9999944444753085,0.9999944444753085,5.662168881907329e-15,1.110229192530849e-16,5.107054285641905e-15,0.0,20260913
181000,0.9999944751686509,0.9999944751686455,0.9999944751686519,0.9999944751686455,0.9999944751686455,5.440122876424707e-15,0.0,6.4393291190333265e-15,0.0,20260913
182000,0.9999945055247029,0.9999945055246948,0.9999945055247043,0.9999945055246949,0.9999945055246949,7.993649698211992e-15,1.1102291247516656e-16,9.32592464791399e-15,0.0,20260913
183000,0.9999945355489934,0.999994535548986,0.9999945355489893,0.9999945355489861,0.9999945355489861,7.32751200335643e-15,1.1102290914176407e-16,3.2196643651111583e-15,0.0,20260913
184000,0.9999945652469356,0.999994565246928,0.9999945652469254,0.999994565246928,0.999994565246928,7.660580503277004e-15,0.0,2.553526834425668e-15,0.0,20260913
185000,0.99999459462382,0.9999945946238128,0.9999945946238098,0.9999945946238128,0.9999945946238128,7.216488667899518e-15,0.0,2.997618369742877e-15,0.0,20260913
186000,0.999994623684826,0.9999946236848188,0.9999946236848196,0.9999946236848188,0.999994623684819,6.994442659466739e-15,1.110228993566149e-16,6.661373961396894e-16,1.110228993566149e-16,20260913
187000,0.9999946524350206,0.9999946524350136,0.9999946524350098,0.9999946524350137,0.9999946524350137,6.883419562209407e-15,1.1102289616466785e-16,3.885801365763375e-15,0.0,20260913
188000,0.9999946808793642,0.999994680879357,0.9999946808793592,0.9999946808793571,0.9999946808793571,7.105465152427372e-15,1.110228930066777e-16,2.109434967126876e-15,0.0,20260913
189000,0.9999947090227111,0.9999947090227035,0.9999947090226979,0.9999947090227036,0.9999947090227036,7.549556511983167e-15,1.110228898821054e-16,5.6621673839873755e-15,0.0,20260913
190000,0.999994736869813,0.9999947368698059,0.999994736869802,0.9999947368698059,0.999994736869806,6.994441867796671e-15,1.1102288679042334e-16,3.9968239244552405e-15,1.1102288679042334e-16,20260913
191000,0.9999947644253238,0.9999947644253171,0.9999947644253288,0.9999947644253171,0.9999947644253171,6.661373023866897e-15,0.0,1.1657402791767069e-14,0.0,20260913
192000,0.9999947916938002,0.9999947916937932,0.9999947916937928,0.9999947916937932,0.9999947916937932,6.994441484331482e-15,0.0,4.440915228146972e-16,0.0,20260913
193000,0.9999948186797025,0.9999948186796959,0.9999948186796939,0.999994818679696,0.999994818679696,6.550349784748762e-15,1.1102287770760613e-16,2.1094346764445163e-15,0.0,20260913
194000,0.9999948453874004,0.9999948453873949,0.9999948453873969,0.9999948453873949,0.9999948453873949,5.440120862378837e-15,0.0,1.9984117453636548e-15,0.0,20260913
195000,0.9999948718211763,0.9999948718211701,0.999994871821185,0.9999948718211701,0.9999948718211702,6.1062579494211066e-15,1.1102287180765648e-16,1.4766041950418312e-14,1.1102287180765648e-16,20260913
196000,0.9999948979852201,0.9999948979852143,0.9999948979852059,0.9999948979852143,0.9999948979852143,5.773189182947386e-15,0.0,8.43773803661541e-15,0.0,20260913
197000,0.9999949238836408,0.9999949238836351,0.9999949238836343,0.9999949238836351,0.9999949238836351,5.662166167402642e-15,0.0,7.771600621925195e-16,0.0,20260913
198000,0.9999949495204625,0.9999949495204569,0.9999949495204572,0.999994949520457,0.999994949520457,5.551143159060748e-15,1.1102286318121495e-16,2.220457263624299e-16,0.0,20260913
199000,0.9999949748996291,0.9999949748996235,0.9999949748996291,0.9999949748996236,0.9999949748996236,5.4401201578131195e-15,1.1102286036353304e-16,5.4401201578131195e-15,0.0,20260913
200000,0.9999950000250052,0.9999950000249999,0.9999950000249925,0.9999950000249999,0.9999950000249999,5.329097163553342e-15,0.0,7.327508599885846e-15,0.0,20260913
201000,0.9999950249003801,0.9999950249003736,0.9999950249003817,0.9999950249003736,0.9999950249003736,6.43932557911219e-15,0.0,8.104668401296378e-15,0.0,20260913
202000,0.9999950495294643,0.9999950495294577,0.9999950495294639,0.9999950495294577,0.9999950495294577,6.550348272594589e-15,0.0,6.217279716360966e-15,0.0,20260913
203000,0.9999950739158981,0.999995073915892,0.9999950739158984,0.999995073915892,0.999995073915892,6.106256715372526e-15,0.0,6.328302414113345e-15,0.0,20260913
204000,0.9999950980632507,0.9999950980632447,0.9999950980632396,0.9999950980632448,0.9999950980632448,5.884210874542891e-15,1.110228466894885e-16,5.2180737944059595e-15,0.0,20260913
205000,0.9999951219750207,0.9999951219750147,0.9999951219750128,0.9999951219750147,0.9999951219750147,5.995233577875031e-15,0.0,1.8873883485902874e-15,0.0,20260913
206000,0.9999951456546389,0.9999951456546327,0.9999951456546353,0.9999951456546328,0.9999951456546328,6.106256277315232e-15,1.1102284140573148e-16,2.5535253523318243e-15,0.0,20260913
207000,0.9999951691054693,0.9999951691054633,0.9999951691054687,0.9999951691054633,0.9999951691054633,5.995233295315618e-15,0.0,5.440119101304913e-15,0.0,20260913
208000,0.9999951923308151,0.999995192330806,0.9999951923308145,0.9999951923308061,0.9999951923308061,8.9928497341104e-15,1.1102283622358517e-16,8.326712716768888e-15,0.0,20260913
209000,0.9999952153339117,0.9999952153338979,0.9999952153339029,0.9999952153338979,0.9999952153338979,1.3766831375043355e-14,0.0,4.9960275151367014e-15,0.0,20260913
210000,0.9999952381179276,0.9999952381179137,0.9999952381179247,0.9999952381179137,0.9999952381179137,1.3877853892518304e-14,0.0,1.0991260282874497e-14,0.0,20260913
211000,0.9999952606859824,0.9999952606859682,0.9999952606859686,0.9999952606859683,0.9999952606859683,1.4099899236589785e-14,1.1102282863456523e-16,2.2204565726913046e-16,0.0,20260913
212000,0.9999952830411318,0.9999952830411177,0.9999952830411185,0.9999952830411177,0.9999952830411177,1.4099898921382945e-14,0.0,7.771597830683512e-16,0.0,20260913
213000,0.9999953051863749,0.9999953051863606,0.999995305186367,0.9999953051863606,0.9999953051863606,1.4321944256523758e-14,0.0,6.4393237742509916e-15,0.0,20260913
214000,0.9999953271246537,0.9999953271246396,0.9999953271246607,0.9999953271246396,0.9999953271246396,1.4099898299806838e-14,0.0,2.1094336039081097e-14,0.0,20260913
215000,0.9999953488588565,0.9999953488588424,0.9999953488588614,0.9999953488588424,0.9999953488588426,1.3988875174510044e-14,1.110228188453178e-16,1.8873879203704025e-14,1.110228188453178e-16,20260913
216000,0.9999953703918184,0.9999953703918036,0.9999953703918077,0.9999953703918038,0.9999953703918038,1.4655011772014682e-14,1.1102281645465669e-16,3.9968213923676405e-15,0.0,20260913
217000,0.9999953917263206,0.9999953917263054,0.9999953917263212,0.9999953917263054,0.9999953917263054,1.5210125529786017e-14,0.0,1.5876262414302192e-14,0.0,20260913
218000,0.9999954128650949,0.9999954128650785,0.9999954128650835,0.9999954128650785,0.9999954128650786,1.6209330513913337e-14,1.1102281173913245e-16,4.8850037165218275e-15,1.1102281173913245e-16,20260913
219000,0.9999954338108203,0.9999954338108045,0.9999954338108176,0.9999954338108045,0.9999954338108045,1.587626174615459e-14,0.0,1.3100691510812878e-14,0.0,20260913
220000,0.9999954545661311,0.9999954545661156,0.9999954545661318,0.9999954545661156,0.9999954545661156,1.5543192995308305e-14,0.0,1.6209329837964375e-14,0.0,20260913
221000,0.9999954751336118,0.9999954751335967,0.9999954751336037,0.9999954751335967,0.9999954751335967,1.509910145631903e-14,0.0,6.994436704030139e-15,0.0,20260913
222000,0.9999954955158028,0.9999954955157859,0.9999954955157904,0.9999954955157859,0.9999954955157859,1.6875465989572536e-14,0.0,4.440912102519088e-15,0.0,20260913
223000,0.9999955157151932,0.9999955157151761,0.999995515715178,0.9999955157151762,0.9999955157151762,1.6986488449017258e-14,1.1102280032037423e-16,1.7763648051259877e-15,0.0,20260913
224000,0.9999955357342328,0.9999955357342154,0.9999955357342277,0.9999955357342155,0.9999955357342155,1.731955650325594e-14,1.110227980977945e-16,1.2212507790757395e-14,0.0,20260913
225000,0.9999955555753265,0.9999955555753085,0.9999955555753235,0.9999955555753085,0.9999955555753085,1.798569293498531e-14,0.0,1.4988077445821093e-14,0.0,20260913
226000,0.9999955752408357,0.9999955752408175,0.999995575240821,0.9999955752408175,0.9999955752408175,1.8207738168709222e-14,0.0,3.5527293987725314e-15,0.0,20260913
227000,0.9999955947330811,0.9999955947330628,0.999995594733058,0.9999955947330629,0.9999955947330629,1.820773781379796e-14,1.1102279154754851e-16,4.885002828092135e-15,0.0,20260913
228000,0.9999956140543426,0.9999956140543242,0.9999956140543308,0.9999956140543244,0.9999956140543244,1.820773746199995e-14,1.1102278940243872e-16,6.439321785341446e-15,0.0,20260913
229000,0.9999956332068606,0.9999956332068418,0.9999956332068533,0.9999956332068419,0.9999956332068419,1.865182826237867e-14,1.110227872760635e-16,1.132432430215848e-14,0.0,20260913
230000,0.9999956521928356,0.9999956521928165,0.9999956521928358,0.9999956521928165,0.9999956521928165,1.909591904892671e-14,0.0,1.9317964619263065e-14,0.0,20260913
231000,0.9999956710144304,0.9999956710144111,0.99999567101442,0.9999956710144112,0.9999956710144112,1.920694147258805e-14,1.1102278307854363e-16,8.770799863204946e-15,0.0,20260913
232000,0.9999956896737704,0.9999956896737514,0.999995689673761,0.9999956896737514,0.9999956896737514,1.8984895552183803e-14,0.0,9.547959166595362e-15,0.0,20260913
233000,0.9999957081729457,0.9999957081729263,0.9999957081729339,0.9999957081729263,0.9999957081729263,1.942898631678973e-14,0.0,7.660571747762808e-15,0.0,20260913
234000,0.9999957265140088,0.9999957265139892,0.999995726513986,0.9999957265139893,0.9999957265139893,1.9540008737356744e-14,1.110227769167997e-16,3.219660530587191e-15,0.0,20260913
235000,0.9999957446989787,0.9999957446989587,0.9999957446989599,0.9999957446989587,0.9999957446989587,1.9984099481612152e-14,0.0,1.2212505238762982e-15,0.0,20260913
236000,0.9999957627298391,0.9999957627298189,0.9999957627298351,0.9999957627298189,0.9999957627298189,2.0206144667072122e-14,0.0,1.6209324842816097e-14,0.0,20260913
237000,0.9999957806085408,0.9999957806085206,0.9999957806085398,0.9999957806085207,0.9999957806085207,2.0095121534899915e-14,1.1102277091104924e-16,1.909591659670047e-14,0.0,20260913
238000,0.9999957983370025,0.9999957983369817,0.9999957983369978,0.9999957983369817,0.9999957983369818,2.0650235023356727e-14,1.110227689427781e-16,1.5987278727760044e-14,1.110227689427781e-16,20260913
239000,0.999995815917109,0.9999958159170882,0.9999958159171137,0.9999958159170882,0.9999958159170882,2.0761257427312856e-14,0.0,2.5535236407924903e-14,0.0,20260913
240000,0.9999958333507147,0.9999958333506943,0.999995833350717,0.9999958333506943,0.9999958333506944,2.031716600514599e-14,1.1102276505544257e-16,2.2537621306254844e-14,1.1102276505544257e-16,20260913
241000,0.9999958506396441,0.9999958506396238,0.9999958506396259,0.9999958506396239,0.9999958506396239,2.0206142890746513e-14,1.1102276313596985e-16,1.9984097364474573e-15,0.0,20260913
242000,0.9999958677856907,0.9999958677856703,0.9999958677856581,0.9999958677856703,0.9999958677856703,2.042818806675434e-14,0.0,1.221250373555966e-14,0.0,20260913
243000,0.9999958847906181,0.9999958847905975,0.9999958847906198,0.9999958847905975,0.9999958847905975,2.0539210478717476e-14,0.0,2.2315574628228177e-14,0.0,20260913
244000,0.9999959016561607,0.9999959016561407,0.9999959016561515,0.9999959016561407,0.9999959016561407,1.9984096344951356e-14,0.0,1.0769207474779342e-14,0.0,20260913
245000,0.9999959183840267,0.9999959183840066,0.9999959183840016,0.9999959183840066,0.9999959183840066,2.009511876627348e-14,0.0,4.996024002664677e-15,0.0,20260913
246000,0.999995934975894,0.999995934975874,0.9999959349758981,0.999995934975874,0.9999959349758741,1.98730729253112e-14,1.1102275377268826e-16,2.3980914814900663e-14,1.1102275377268826e-16,20260913
247000,0.9999959514334166,0.9999959514333949,0.9999959514333869,0.999995951433395,0.999995951433395,2.1538413877431185e-14,1.1102275194552158e-16,8.104660892023075e-15,0.0,20260913
248000,0.9999959677582159,0.9999959677581944,0.9999959677582039,0.9999959677581945,0.9999959677581945,2.13163680255533e-14,1.110227501330901e-16,9.325911011179569e-15,0.0,20260913
249000,0.9999959839518933,0.9999959839518716,0.9999959839518688,0.9999959839518716,0.9999959839518717,2.1538413177031962e-14,1.110227483352163e-16,2.8865914567156237e-15,1.110227483352163e-16,20260913
250000,0.9999960000160217,0.9999960000159999,0.9999960000160075,0.999996000016,0.999996000016,2.1760458324138197e-14,1.110227465517255e-16,7.549546765517334e-15,0.0,20260913
251000,0.9999960159521504,0.9999960159521276,0.9999960159521485,0.9999960159521276,0.9999960159521277,2.264863993561894e-14,1.1102274478244577e-16,2.076125327431736e-14,1.1102274478244577e-16,20260913
252000,0.9999960317618012,0.9999960317617786,0.999996031761766,0.9999960317617788,0.9999960317617788,2.2426594091496007e-14,1.1102274302720797e-16,1.2767615448128916e-14,0.0,20260913
253000,0.9999960474464757,0.9999960474464528,0.999996047446447,0.9999960474464528,0.9999960474464528,2.2981707446170027e-14,0.0,5.773182546863969e-15,0.0,20260913
254000,0.9999960630076495,0.9999960630076259,0.9999960630076371,0.9999960630076259,0.999996063007626,2.3536820786337262e-14,1.1102273955819463e-16,1.1102273955819464e-14,1.1102273955819463e-16,20260913
255000,0.9999960784467751,0.9999960784467511,0.9999960784467504,0.9999960784467512,0.9999960784467512,2.3869888636480195e-14,1.1102273784409393e-16,7.771591649086575e-16,0.0,20260913
256000,0.9999960937652826,0.9999960937652587,0.9999960937652601,0.9999960937652587,0.9999960937652588,2.3869888270827698e-14,1.1102273614338464e-16,1.3322728337206157e-15,1.1102273614338464e-16,20260913
257000,0.9999961089645806,0.9999961089645565,0.9999961089645809,0.9999961089645566,0.9999961089645566,2.3980910642476657e-14,1.1102273445591043e-16,2.431397884584439e-14,0.0,20260913
258000,0.9999961240460551,0.9999961240460308,0.999996124046029,0.9999961240460308,0.9999961240460308,2.431397847915232e-14,0.0,1.776363724504279e-15,0.0,20260913
259000,0.9999961390110704,0.9999961390110462,0.9999961390110474,0.9999961390110462,0.9999961390110463,2.4091932653051742e-14,1.110227311200541e-16,1.1102273112005412e-15,1.110227311200541e-16,20260913
260000,0.9999961538609707,0.9999961538609466,0.9999961538609459,0.9999961538609466,0.9999961538609466,2.409193229528757e-14,0.0,7.77159106299599e-16,0.0,20260913
261000,0.999996168597079,0.9999961685970551,0.9999961685970843,0.9999961685970552,0.9999961685970552,2.3758863756758912e-14,1.1102272783532202e-16,2.908795469285437e-14,0.0,20260913
262000,0.9999961832207012,0.9999961832206746,0.9999961832207053,0.9999961832206747,0.9999961832206747,2.6423408838399282e-14,1.110227262117617e-16,3.053124970823447e-14,0.0,20260913
263000,0.9999961977331319,0.9999961977330885,0.9999961977331209,0.9999961977330885,0.9999961977330885,4.34098853188142e-14,0.0,3.2418635583359965e-14,0.0,20260913
264000,0.9999962121356039,0.99999621213556,0.9999962121355755,0.9999962121355601,0.9999962121355601,4.374295286260681e-14,1.1102272300154014e-16,1.5432158497214078e-14,0.0,20260913
265000,0.9999962264293777,0.9999962264293342,0.9999962264293568,0.9999962264293342,0.9999962264293343,4.340988407310876e-14,1.1102272141460042e-16,2.2537612447163884e-14,1.1102272141460042e-16,20260913
266000,0.9999962406156808,0.9999962406156367,0.9999962406156615,0.9999962406156367,0.9999962406156367,4.4076019776318254e-14,0.0,2.4758066524229147e-14,0.0,20260913
267000,0.9999962546957192,0.9999962546956752,0.9999962546957012,0.9999962546956753,0.9999962546956753,4.385397371917111e-14,1.1102271827638256e-16,2.5868293358397135e-14,0.0,20260913
268000,0.9999962686706834,0.9999962686706393,0.9999962686706562,0.9999962686706393,0.9999962686706393,4.407601853976079e-14,0.0,1.6875452942175418e-14,0.0,20260913
269000,0.9999962825417448,0.9999962825417006,0.9999962825416944,0.9999962825417006,0.9999962825417006,4.4187040643562195e-14,0.0,6.21727205035046e-15,0.0,20260913
270000,0.9999962963100576,0.9999962963100136,0.9999962963100497,0.9999962963100136,0.9999962963100136,4.3964994607866476e-14,0.0,3.6082381938274256e-14,0.0,20260913
271000,0.9999963099767607,0.999996309976716,0.9999963099767527,0.999996309976716,0.999996309976716,4.474215299198013e-14,0.0,3.6748517717978714e-14,0.0,20260913
272000,0.9999963235429731,0.9999963235429281,0.999996323542976,0.9999963235429281,0.9999963235429281,4.4964197806261845e-14,0.0,4.7850788282713223e-14,0.0,20260913
273000,0.9999963370097994,0.9999963370097545,0.9999963370097711,0.9999963370097545,0.9999963370097545,4.4853174491596964e-14,0.0,1.654238366150482e-14,0.0,20260913
274000,0.9999963503783282,0.9999963503782833,0.9999963503783046,0.9999963503782833,0.9999963503782833,4.496419659962722e-14,0.0,2.1316359869452908e-14,0.0,20260913
275000,0.9999963636496313,0.9999963636495867,0.9999963636495962,0.9999963636495867,0.9999963636495868,4.452010517817164e-14,1.1102270617997916e-16,9.436930025298227e-15,1.1102270617997916e-16,20260913
276000,0.9999963768247669,0.9999963768247216,0.9999963768247543,0.9999963768247216,0.9999963768247216,4.529726352463177e-14,0.0,3.264067518686701e-14,0.0,20260913
277000,0.999996389904775,0.9999963899047295,0.9999963899047467,0.9999963899047296,0.9999963899047296,4.5408285635406114e-14,1.1102270326505161e-16,1.709749630281795e-14,0.0,20260913
278000,0.9999964028906823,0.9999964028906371,0.9999964028906632,0.9999964028906371,0.9999964028906371,4.518623964208956e-14,0.0,2.609033492847923e-14,0.0,20260913
279000,0.9999964157835015,0.9999964157834559,0.9999964157834648,0.999996415783456,0.999996415783456,4.5519307160685214e-14,1.1102270039191515e-16,8.770793330961297e-15,0.0,20260913
280000,0.9999964285842295,0.9999964285841836,0.9999964285841813,0.9999964285841836,0.9999964285841836,4.596339737388584e-14,0.0,2.3314766783855137e-15,0.0,20260913
281000,0.9999964412938492,0.9999964412938032,0.9999964412938414,0.9999964412938032,0.9999964412938033,4.596339678970646e-14,1.1102269755967744e-16,3.808078526296936e-14,1.1102269755967744e-16,20260913
282000,0.9999964539133301,0.999996453913284,0.9999964539133364,0.999996453913284,0.999996453913284,4.6185441601987453e-14,0.0,5.2402712586870376e-14,0.0,20260913
283000,0.9999964664436269,0.9999964664435814,0.999996466443627,0.9999964664435814,0.9999964664435814,4.5519304854663255e-14,0.0,4.563032754943073e-14,0.0,20260913
284000,0.9999964788856833,0.9999964788856377,0.9999964788856516,0.9999964788856377,0.9999964788856377,4.5630326981693626e-14,0.0,1.3877836673264484e-14,0.0,20260913
285000,0.9999964912404271,0.9999964912403816,0.9999964912403808,0.9999964912403816,0.9999964912403816,4.551930372592619e-14,0.0,7.771588441011789e-16,0.0,20260913
286000,0.9999965035087742,0.9999965035087289,0.9999965035087663,0.9999965035087289,0.999996503508729,4.518623509552045e-14,1.110226906523844e-16,3.730362405920116e-14,1.110226906523844e-16,20260913
287000,0.9999965156916285,0.9999965156915829,0.9999965156915848,0.999996515691583,0.999996515691583,4.551930261292065e-14,1.1102268929980646e-16,1.7763630287969033e-15,0.0,20260913
288000,0.9999965277898792,0.999996527789834,0.9999965277898281,0.999996527789834,0.999996527789834,4.5186233998344923e-14,0.0,5.995225149657557e-15,0.0,20260913
289000,0.9999965398044076,0.9999965398043605,0.9999965398043985,0.9999965398043605,0.9999965398043605,4.707361912803828e-14,0.0,3.796975882497427e-14,0.0,20260913
290000,0.9999965517360755,0.9999965517360284,0.9999965517360457,0.9999965517360285,0.9999965517360285,4.69625958810715e-14,1.1102268529804137e-16,1.7208516221196414e-14,0.0,20260913
291000,0.999996563585739,0.9999965635856921,0.9999965635857011,0.9999965635856921,0.9999965635856921,4.6851572640596175e-14,0.0,8.992837402578887e-15,0.0,20260913
292000,0.9999965753542402,0.999996575354194,0.999996575354244,0.999996575354194,0.999996575354194,4.629645867584207e-14,0.0,5.0071229886821994e-14,0.0,20260913
293000,0.9999965870424112,0.999996587042365,0.9999965870423742,0.999996587042365,0.999996587042365,4.618543545334107e-14,0.0,9.103859873014344e-15,0.0,20260913
294000,0.9999965986510714,0.999996598651025,0.9999965986510404,0.999996598651025,0.999996598651025,4.6407480277367016e-14,0.0,1.5432152532425876e-14,0.0,20260913
295000,0.9999966101810286,0.9999966101809824,0.999996610181,0.9999966101809824,0.9999966101809824,4.6185434384670323e-14,0.0,1.754158325186998e-14,0.0,20260913
296000,0.9999966216330811,0.9999966216330349,0.9999966216330537,0.999996621633035,0.999996621633035,4.6074411178212653e-14,1.110226775378618e-16,1.8651809826360785e-14,0.0,20260913
297000,0.9999966330080156,0.9999966330079696,0.9999966330079639,0.9999966330079697,0.9999966330079697,4.5852365301567506e-14,1.1102267627498186e-16,5.7731791662990565e-15,0.0,20260913
298000,0.9999966443066086,0.9999966443065627,0.9999966443065968,0.9999966443065628,0.9999966443065628,4.585236478349855e-14,1.110226750205776e-16,3.408396123131732e-14,0.0,20260913
299000,0.9999966555296259,0.9999966555295802,0.9999966555296156,0.9999966555295802,0.9999966555295802,4.574134159512038e-14,0.0,3.5416232934085924e-14,0.0,20260913
300000,0.9999966666778229,0.9999966666777776,0.9999966666777914,0.9999966666777778,0.9999966666777778,4.518622772250088e-14,1.110226725368572e-16,1.3655788722033435e-14,0.0,20260913
301000,0.9999966777519461,0.9999966777519012,0.9999966777519322,0.9999966777519012,0.9999966777519012,4.4964181879486606e-14,0.0,3.108634796606481e-14,0.0,20260913
302000,0.9999966887527311,0.9999966887526862,0.9999966887527241,0.9999966887526862,0.9999966887526862,4.485315871475763e-14,0.0,3.785873049933751e-14,0.0,20260913
303000,0.9999966996809038,0.9999966996808591,0.9999966996808755,0.9999966996808591,0.9999966996808591,4.463111288684743e-14,0.0,1.6320332324294957e-14,0.0,20260913
304000,0.9999967105371813,0.9999967105371363,0.9999967105371523,0.9999967105371363,0.9999967105371363,4.496418040532048e-14,0.0,1.5987264144113948e-14,0.0,20260913
305000,0.99999672132227,0.9999967213222252,0.9999967213222711,0.9999967213222252,0.9999967213222252,4.4853157253906146e-14,0.0,4.596338391860679e-14,0.0,20260913
306000,0.999996732036868,0.9999967320368234,0.9999967320368467,0.9999967320368234,0.9999967320368234,4.463111144276002e-14,0.0,2.3314759708904487e-14,0.0,20260913
307000,0.999996742681664,0.9999967426816199,0.9999967426816306,0.9999967426816199,0.99999674268162,4.4075997647175966e-14,1.1102266409868e-16,1.0658175753473283e-14,1.1102266409868e-16,20260913
308000,0.9999967532573385,0.9999967532572945,0.9999967532573297,0.9999967532572946,0.9999967532572946,4.385395185519197e-14,1.1102266292453663e-16,3.508316148415358e-14,0.0,20260913
309000,0.9999967637645626,0.9999967637645185,0.9999967637645168,0.9999967637645185,0.9999967637645185,4.4075996717923177e-14,0.0,1.6653399263698932e-15,0.0,20260913
310000,0.9999967742039985,0.9999967742039542,0.9999967742040026,0.9999967742039542,0.9999967742039542,4.429804157899111e-14,0.0,4.8405880021153194e-14,0.0,20260913
311000,0.9999967845762994,0.9999967845762553,0.9999967845762531,0.9999967845762554,0.9999967845762554,4.3964973141174766e-14,1.1102265944741104e-16,2.3314758483956318e-15,0.0,20260913
312000,0.9999967948821118,0.9999967948820676,0.9999967948820727,0.9999967948820677,0.9999967948820677,4.407599534638178e-14,1.1102265830322867e-16,4.99601962364529e-15,0.0,20260913
313000,0.9999968051220726,0.9999968051220283,0.9999968051220358,0.9999968051220284,0.9999968051220284,4.418701755221024e-14,1.1102265716635739e-16,7.438518030145945e-15,0.0,20260913
314000,0.9999968152968103,0.9999968152967665,0.9999968152967951,0.9999968152967665,0.9999968152967665,4.3742926478470564e-14,0.0,2.853282260143892e-14,0.0,20260913
315000,0.9999968254069472,0.9999968254069034,0.9999968254068976,0.9999968254069035,0.9999968254069035,4.3742926036222185e-14,1.110226549142695e-16,5.884200710456284e-15,0.0,20260913
316000,0.9999968354530959,0.9999968354530523,0.9999968354530513,0.9999968354530524,0.9999968354530524,4.3520880289175014e-14,1.1102265379891585e-16,1.1102265379891584e-15,0.0,20260913
317000,0.9999968454358622,0.9999968454358188,0.9999968454358211,0.9999968454358188,0.9999968454358188,4.340985720202426e-14,0.0,2.3314757065025818e-15,0.0,20260913
318000,0.9999968553558438,0.9999968553558007,0.9999968553557976,0.9999968553558007,0.9999968553558007,4.307678881663015e-14,0.0,3.108634244499083e-15,0.0,20260913
319000,0.9999968652136325,0.9999968652135887,0.9999968652136052,0.9999968652135887,0.9999968652135887,4.3853946945450653e-14,0.0,1.6542374923726954e-14,0.0,20260913
320000,0.9999968750098093,0.9999968750097655,0.9999968750097993,0.9999968750097655,0.9999968750097656,4.363190121703386e-14,1.1102264940721084e-16,3.363986277038489e-14,1.1102264940721084e-16,20260913
321000,0.9999968847449511,0.9999968847449073,0.9999968847449171,0.9999968847449073,0.9999968847449073,4.3742923440596185e-14,0.0,9.76999305272199e-15,0.0,20260913
322000,0.9999968944196261,0.9999968944195825,0.9999968944196094,0.9999968944195825,0.9999968944195825,4.363190037014402e-14,0.0,2.6867480635050515e-14,0.0,20260913
323000,0.9999969040343962,0.9999969040343528,0.9999969040343515,0.9999969040343528,0.9999969040343528,4.340985465826239e-14,0.0,1.3322717542177716e-15,0.0,20260913
324000,0.9999969135898161,0.9999969135897728,0.9999969135898008,0.9999969135897728,0.9999969135897728,4.3298831598337773e-14,0.0,2.797770657123364e-14,0.0,20260913
325000,0.9999969230864334,0.9999969230863904,0.9999969230863771,0.9999969230863905,0.9999969230863905,4.2854740610865657e-14,1.1102264406960014e-16,1.3433739932421618e-14,0.0,20260913
326000,0.9999969325247895,0.9999969325247469,0.9999969325247496,0.9999969325247469,0.9999969325247469,4.2632694920342654e-14,0.0,2.7755660755431416e-15,0.0,20260913
327000,0.999996941905419,0.9999969419053764,0.9999969419054131,0.9999969419053765,0.9999969419053765,4.252167187843965e-14,1.110226419802602e-16,3.663747185348586e-14,0.0,20260913
328000,0.9999969512288496,0.9999969512288072,0.9999969512288415,0.9999969512288072,0.9999969512288073,4.2299626200100284e-14,1.1102264094514512e-16,3.419497341110469e-14,1.1102264094514512e-16,20260913
329000,0.9999969604956036,0.9999969604955607,0.9999969604955518,0.9999969604955607,0.9999969604955607,4.28547390077005e-14,0.0,8.992833833222125e-15,0.0,20260913
330000,0.9999969697061962,0.9999969697061524,0.9999969697061826,0.9999969697061524,0.9999969697061524,4.385394236302542e-14,0.0,3.0198157779095985e-14,0.0,20260913
331000,0.9999969788611285,0.999996978861091,0.9999969788611076,0.9999969788610911,0.9999969788610911,3.74146289646591e-14,1.110226378773267e-16,1.6542373043721682e-14,0.0,20260913
332000,0.9999969879609174,0.9999969879608795,0.9999969879609041,0.9999969879608797,0.9999969879608797,3.774769653479399e-14,1.1102263686704113e-16,2.442498011074905e-14,0.0,20260913
333000,0.9999969970060528,0.999996997006015,0.9999969970060486,0.999996997006015,0.999996997006015,3.7858718829222765e-14,0.0,3.3639858666435476e-14,0.0,20260913
334000,0.999997005997026,0.999997005996988,0.9999970059969933,0.999997005996988,0.999997005996988,3.796974112369964e-14,0.0,5.218063838637085e-15,0.0,20260913
335000,0.9999970149343218,0.9999970149342837,0.9999970149343231,0.9999970149342837,0.9999970149342837,3.80807634182242e-14,0.0,3.9413035024692686e-14,0.0,20260913
336000,0.9999970238184195,0.9999970238183814,0.9999970238183844,0.9999970238183815,0.9999970238183815,3.796974044702393e-14,1.1102263288603487e-16,2.886588455036907e-15,0.0,20260913
337000,0.9999970326497924,0.9999970326497547,0.9999970326497531,0.9999970326497547,0.9999970326497547,3.774769484788689e-14,0.0,1.5543168466776955e-15,0.0,20260913
338000,0.9999970414289091,0.9999970414288715,0.9999970414288991,0.9999970414288715,0.9999970414288715,3.763667188556362e-14,0.0,2.764463510178567e-14,0.0,20260913
339000,0.9999970501562317,0.9999970501561942,0.999997050156217,0.9999970501561942,0.9999970501561942,3.7525648927133334e-14,0.0,2.2759639142196256e-14,0.0,20260913
340000,0.9999970588322175,0.9999970588321798,0.9999970588322074,0.9999970588321799,0.9999970588321799,3.7525648601560386e-14,1.1102262899869937e-16,2.7422589362678744e-14,0.0,20260913
341000,0.9999970674573172,0.9999970674572801,0.9999970674573193,0.9999970674572801,0.9999970674572802,3.697053513769138e-14,1.1102262804111524e-16,3.907996507047257e-14,1.1102262804111524e-16,20260913
342000,0.9999970760319786,0.9999970760319414,0.9999970760319348,0.9999970760319414,0.9999970760319414,3.71925800748589e-14,0.0,6.661357625347863e-15,0.0,20260913
343000,0.9999970845566423,0.9999970845566047,0.9999970845566254,0.9999970845566047,0.9999970845566047,3.7525647636231845e-14,0.0,2.0650208462541785e-14,0.0,20260913
344000,0.9999970930317437,0.9999970930317063,0.9999970930317221,0.9999970930317063,0.9999970930317063,3.741462469299548e-14,0.0,1.587623540385268e-14,0.0,20260913
345000,0.9999971014577143,0.9999971014576768,0.999997101457723,0.999997101457677,0.999997101457677,3.7303601753473745e-14,1.110226242662909e-16,4.607438907051073e-14,0.0,20260913
346000,0.9999971098349804,0.9999971098349426,0.9999971098349643,0.9999971098349426,0.9999971098349427,3.763666931097932e-14,1.110226233362222e-16,2.1538388927227104e-14,1.110226233362222e-16,20260913
347000,0.999997118163962,0.9999971181639246,0.9999971181639307,0.9999971181639246,0.9999971181639246,3.7414623752680257e-14,0.0,6.106244232633276e-15,0.0,20260913
348000,0.9999971264450767,0.9999971264450389,0.9999971264450466,0.9999971264450389,0.9999971264450389,3.774769130732095e-14,0.0,7.66056088295631e-15,0.0,20260913
349000,0.9999971346787346,0.9999971346786971,0.9999971346787364,0.9999971346786972,0.9999971346786972,3.741462313478448e-14,1.1102262057799548e-16,3.919098506403241e-14,0.0,20260913
350000,0.9999971428653436,0.999997142865306,0.9999971428653123,0.999997142865306,0.999997142865306,3.752564544815381e-14,0.0,6.217266701469271e-15,0.0,20260913
351000,0.9999971510053055,0.9999971510052678,0.9999971510052645,0.9999971510052678,0.9999971510052678,3.774769038022637e-14,0.0,3.2196559441957787e-15,0.0,20260913
352000,0.9999971590990175,0.9999971590989798,0.9999971590989952,0.9999971590989798,0.9999971590989798,3.774769007470657e-14,0.0,1.5432143883482978e-14,0.0,20260913
353000,0.9999971671468728,0.9999971671468353,0.9999971671468365,0.9999971671468353,0.9999971671468353,3.7525644536971175e-14,0.0,1.2212487867061625e-15,0.0,20260913
354000,0.9999971751492606,0.9999971751492227,0.9999971751492406,0.9999971751492227,0.9999971751492227,3.78587120849301e-14,0.0,1.787464118965908e-14,0.0,20260913
355000,0.9999971831065644,0.9999971831065264,0.9999971831065255,0.9999971831065264,0.9999971831065264,3.7969734398877374e-14,0.0,8.881809216111668e-16,0.0,20260913
356000,0.9999971910191645,0.9999971910191263,0.9999971910191443,0.9999971910191263,0.9999971910191263,3.8191779327083044e-14,0.0,1.7985663520312366e-14,0.0,20260913
357000,0.9999971988874362,0.999997198887398,0.9999971988873967,0.999997198887398,0.999997198887398,3.819177902657891e-14,0.0,1.3322713613922874e-15,0.0,20260913
358000,0.9999972067117511,0.9999972067117131,0.9999972067117314,0.9999972067117131,0.9999972067117131,3.7969733502592205e-14,0.0,1.8318731075812028e-14,0.0,20260913
359000,0.999997214492477,0.9999972144924387,0.9999972144924433,0.9999972144924387,0.9999972144924387,3.830280104230982e-14,0.0,4.551927080390442e-15,0.0,20260913
360000,0.9999972222299766,0.9999972222299383,0.9999972222299675,0.9999972222299383,0.9999972222299383,3.8302800745941097e-14,0.0,2.919894665560147e-14,0.0,20260913
361000,0.999997229924609,0.9999972299245709,0.9999972299245865,0.9999972299245709,0.9999972299245709,3.8191777841210776e-14,0.0,1.565418801049628e-14,0.0,20260913
362000,0.9999972375767303,0.9999972375766917,0.9999972375767184,0.9999972375766918,0.9999972375766918,3.8524845376423745e-14,1.110226091539589e-16,2.664542619695014e-14,0.0,20260913
363000,0.9999972451866908,0.9999972451866523,0.9999972451866891,0.9999972451866523,0.9999972451866523,3.8413822474941303e-14,0.0,3.6748483350305123e-14,0.0,20260913
364000,0.9999972527548392,0.9999972527548001,0.999997252754838,0.9999972527548001,0.9999972527548001,3.9079957829032067e-14,0.0,3.7858709146874814e-14,0.0,20260913
365000,0.9999972602815177,0.9999972602814786,0.9999972602814903,0.9999972602814786,0.9999972602814787,3.896893492825577e-14,1.1102260663320733e-16,1.1546351089853562e-14,1.1102260663320733e-16,20260913
366000,0.9999972677670667,0.9999972677670279,0.9999972677670603,0.9999972677670279,0.9999972677670279,3.8746889424946815e-14,0.0,3.241860089422484e-14,0.0,20260913
367000,0.999997275211823,0.9999972752117842,0.9999972752117956,0.9999972752117842,0.9999972752117842,3.885791174146048e-14,0.0,1.1435328312486942e-14,0.0,20260913
368000,0.9999972826161185,0.9999972826160798,0.9999972826160879,0.9999972826160798,0.9999972826160799,3.863586624543712e-14,1.1102260415355494e-16,7.993627499055957e-15,1.1102260415355494e-16,20260913
369000,0.9999972899802827,0.999997289980244,0.9999972899802629,0.999997289980244,0.999997289980244,3.874688856425146e-14,0.0,1.8984865170449854e-14,0.0,20260913
370000,0.9999972973046412,0.9999972973046019,0.999997297304603,0.9999972973046019,0.9999972973046019,3.930200129306857e-14,0.0,1.1102260252279258e-15,0.0,20260913
371000,0.9999973045895146,0.9999973045894754,0.9999973045894813,0.9999973045894754,0.9999973045894756,3.907995580332968e-14,1.1102260171400476e-16,5.773175289128248e-15,1.1102260171400476e-16,20260913
372000,0.9999973118352224,0.9999973118351831,0.9999973118352292,0.9999973118351833,0.9999973118351833,3.9190978121076545e-14,1.1102260090956528e-16,4.596335677656003e-14,0.0,20260913
373000,0.9999973190420793,0.99999731904204,0.9999973190420544,0.99999731904204,0.9999973190420401,3.9190977838632016e-14,1.1102260010943914e-16,1.421089281400821e-14,1.1102260010943914e-16,20260913
374000,0.9999973262103968,0.9999973262103576,0.9999973262103868,0.9999973262103578,0.9999973262103578,3.90799549583843e-14,1.1102259931359177e-16,2.908792102016104e-14,0.0,20260913
375000,0.9999973333404836,0.9999973333404444,0.9999973333404859,0.9999973333404444,0.9999973333404444,3.919097727826208e-14,0.0,4.152245184722385e-14,0.0,20260913
376000,0.9999973404326445,0.9999973404326051,0.99999734043264,0.9999973404326052,0.9999973404326052,3.930199959804722e-14,1.1102259773459666e-16,3.4750073090928756e-14,0.0,20260913
377000,0.9999973474871815,0.9999973474871419,0.9999973474871401,0.999997347487142,0.999997347487142,3.952404451469185e-14,1.110225969513816e-16,1.887384148173487e-15,0.0,20260913
378000,0.9999973545043914,0.9999973545043531,0.9999973545043661,0.9999973545043531,0.9999973545043531,3.8302795679447135e-14,0.0,1.2989643752160333e-14,0.0,20260913
379000,0.9999973614845703,0.9999973614845343,0.9999973614845088,0.9999973614845343,0.9999973614845343,3.597132090874161e-14,0.0,2.553519694139065e-14,0.0,20260913
380000,0.9999973684280142,0.9999973684279778,0.9999973684279726,0.9999973684279778,0.9999973684279778,3.6415411037482e-14,0.0,5.218061947444067e-15,0.0,20260913
381000,0.9999973753350092,0.9999973753349728,0.9999973753349719,0.9999973753349729,0.9999973753349729,3.6304388192100637e-14,1.1102259385963498e-16,9.992033447367148e-16,0.0,20260913
382000,0.9999973822058424,0.9999973822058057,0.9999973822058177,0.9999973822058057,0.9999973822058057,3.674847831504586e-14,0.0,1.1990440054456052e-14,0.0,20260913
383000,0.9999973890407963,0.9999973890407596,0.9999973890407813,0.9999973890407596,0.9999973890407596,3.6637455471533073e-14,0.0,2.1649405505905906e-14,0.0,20260913
384000,0.9999973958401516,0.9999973958401149,0.999997395840131,0.9999973958401149,0.999997395840115,3.652643263083825e-14,1.1102259158309497e-16,1.5987253187965677e-14,1.1102259158309497e-16,20260913
385000,0.9999974026041857,0.999997402604149,0.9999974026041584,0.999997402604149,0.999997402604149,3.663745497460371e-14,0.0,9.325897629899125e-15,0.0,20260913
386000,0.9999974093331728,0.9999974093331364,0.9999974093331766,0.9999974093331364,0.9999974093331364,3.6415409547899976e-14,0.0,4.019017761079204e-14,0.0,20260913
387000,0.9999974160273849,0.9999974160273487,0.9999974160273657,0.9999974160273487,0.9999974160273488,3.6082341536101305e-14,1.1102258934185017e-16,1.6875433579961227e-14,1.1102258934185017e-16,20260913
388000,0.9999974226870911,0.9999974226870549,0.999997422687041,0.9999974226870549,0.9999974226870549,3.619336388440537e-14,0.0,1.3988846163911277e-14,0.0,20260913
389000,0.9999974293125576,0.999997429312521,0.9999974293125252,0.999997429312521,0.999997429312521,3.6637453996074413e-14,0.0,4.218858338941903e-15,0.0,20260913
390000,0.9999974359040472,0.9999974359040105,0.9999974359040327,0.9999974359040105,0.9999974359040105,3.674847634171349e-14,0.0,2.2204517427017215e-14,0.0,20260913
391000,0.9999974424618208,0.9999974424617839,0.9999974424618093,0.999997442461784,0.999997442461784,3.6748476100724687e-14,1.1102258640702324e-16,2.5313149700801296e-14,0.0,20260913
392000,0.9999974489861359,0.9999974489860994,0.9999974489861427,0.9999974489860995,0.9999974489860995,3.6304385518234725e-14,1.11022585682675e-16,4.318778583056057e-14,0.0,20260913
393000,0.999997455477249,0.9999974554772125,0.9999974554772092,0.9999974554772125,0.9999974554772125,3.652643045250228e-14,0.0,3.3306775488603906e-15,0.0,20260913
394000,0.9999974619354123,0.9999974619353758,0.9999974619353881,0.9999974619353758,0.9999974619353758,3.6526430216608036e-14,0.0,1.2323506851196023e-14,0.0,20260913
395000,0.9999974683608758,0.9999974683608396,0.9999974683608522,0.9999974683608396,0.9999974683608396,3.6193362231313274e-14,0.0,1.2656574522606483e-14,0.0,20260913
396000,0.999997474753888,0.9999974747538516,0.9999974747538768,0.9999974747538516,0.9999974747538516,3.6415407165571824e-14,0.0,2.5202126300563425e-14,0.0,20260913
397000,0.9999974811146933,0.9999974811146571,0.9999974811146605,0.9999974811146571,0.9999974811146571,3.6193361769708576e-14,0.0,3.3306774634701143e-15,0.0,20260913
398000,0.9999974874435349,0.9999974874434988,0.9999974874435187,0.9999974874434989,0.9999974874434989,3.597131637781989e-14,1.1102258141302435e-16,1.9762019491518333e-14,0.0,20260913
399000,0.9999974937406528,0.9999974937406172,0.9999974937406501,0.9999974937406172,0.9999974937406172,3.563824840916199e-14,0.0,3.286268389131448e-14,0.0,20260913
400000,0.9999975000062856,0.99999750000625,0.9999975000062843,0.99999750000625,0.99999750000625,3.5638248185865253e-14,0.0,3.430597722564599e-14,0.0,20260913
401000,0.9999975062406686,0.9999975062406328,0.9999975062406357,0.9999975062406328,0.9999975062406328,3.5860293122334444e-14,0.0,2.8865870624789334e-15,0.0,20260913
402000,0.9999975124440347,0.9999975124439988,0.999997512444006,0.9999975124439989,0.9999975124439989,3.574927032124196e-14,1.110225786373974e-16,7.105445032793434e-15,0.0,20260913
403000,0.9999975186166152,0.999997518616579,0.9999975186166087,0.9999975186165792,0.9999975186165792,3.6082337834432477e-14,1.1102257795209991e-16,2.9532005735258577e-14,0.0,20260913
404000,0.9999975247586383,0.999997524758602,0.99999752475863,0.999997524758602,0.999997524758602,3.6304382767353774e-14,0.0,2.7977689472089146e-14,0.0,20260913
405000,0.9999975308703298,0.9999975308702941,0.9999975308703065,0.9999975308702941,0.9999975308702942,3.563824708592207e-14,1.1102257659165754e-16,1.2323506001673986e-14,1.1102257659165754e-16,20260913
406000,0.9999975369519151,0.9999975369518794,0.9999975369518904,0.9999975369518794,0.9999975369518794,3.5638246869184496e-14,0.0,1.0991235015729797e-14,0.0,20260913
407000,0.9999975430036154,0.9999975430035798,0.9999975430035912,0.9999975430035798,0.9999975430035798,3.5638246653511976e-14,0.0,1.1435325250192315e-14,0.0,20260913
408000,0.9999975490256503,0.9999975490256151,0.9999975490256491,0.9999975490256151,0.9999975490256151,3.519415614059266e-14,0.0,3.3972907820256635e-14,0.0,20260913
409000,0.9999975550182378,0.9999975550182029,0.9999975550182074,0.9999975550182029,0.9999975550182029,3.49721107818667e-14,0.0,4.551925530338206e-15,0.0,20260913
410000,0.9999975609815932,0.9999975609815586,0.9999975609815778,0.9999975609815586,0.9999975609815586,3.4639042853569196e-14,0.0,1.9206905172011126e-14,0.0,20260913
411000,0.9999975669159302,0.9999975669158956,0.9999975669158973,0.9999975669158956,0.9999975669158956,3.4639042648008945e-14,0.0,1.6653385888465838e-15,0.0,20260913
412000,0.9999975728214598,0.9999975728214251,0.9999975728214596,0.9999975728214252,0.9999975728214252,3.463904244344655e-14,1.1102257193412358e-16,3.441699729957831e-14,0.0,20260913
413000,0.9999975786983915,0.9999975786983566,0.9999975786983462,0.9999975786983567,0.9999975786983567,3.475006481115643e-14,1.1102257128164995e-16,1.0547144271756744e-14,0.0,20260913
414000,0.999997584546932,0.9999975845468971,0.999997584546936,0.9999975845468972,0.9999975845468972,3.475006460791878e-14,1.1102257063232835e-16,3.87468771506826e-14,0.0,20260913
415000,0.9999975903672867,0.9999975903672521,0.9999975903672584,0.9999975903672521,0.9999975903672521,3.463904183567445e-14,0.0,6.328286489209755e-15,0.0,20260913
416000,0.9999975961596608,0.9999975961596246,0.9999975961596367,0.9999975961596246,0.9999975961596246,3.619335760583444e-14,0.0,1.2101460058392496e-14,0.0,20260913
417000,0.9999976019242545,0.9999976019242159,0.9999976019242128,0.9999976019242159,0.999997601924216,3.8413808771255e-14,1.1102256870304913e-16,3.219654492388425e-15,1.1102256870304913e-16,20260913
418000,0.9999976076612641,0.9999976076612257,0.9999976076612479,0.9999976076612257,0.9999976076612257,3.8413808550874084e-14,0.0,2.2204513613222013e-14,0.0,20260913
419000,0.9999976133708895,0.9999976133708511,0.9999976133708933,0.9999976133708511,0.9999976133708511,3.84138083315451e-14,0.0,4.218857562424028e-14,0.0,20260913
420000,0.9999976190533265,0.9999976190532879,0.9999976190533145,0.999997619053288,0.999997619053288,3.852483068006187e-14,1.1102256680133105e-16,2.653439346551812e-14,0.0,20260913
421000,0.9999976247087683,0.9999976247087299,0.9999976247087503,0.9999976247087299,0.9999976247087299,3.841380789601296e-14,0.0,2.042815217591441e-14,0.0,20260913
422000,0.9999976303374073,0.9999976303373688,0.9999976303373843,0.9999976303373689,0.9999976303373689,3.8413807679795e-14,1.1102256554854045e-16,1.5432136611247122e-14,0.0,20260913
423000,0.9999976359394335,0.999997635939395,0.9999976359394096,0.999997635939395,0.999997635939395,3.852483002952592e-14,0.0,1.4654978570309572e-14,0.0,20260913
424000,0.9999976415150347,0.9999976415149964,0.9999976415150185,0.9999976415149964,0.9999976415149964,3.830278468611118e-14,0.0,2.2093490297206158e-14,0.0,20260913
425000,0.999997647064398,0.9999976470643598,0.9999976470643684,0.9999976470643598,0.9999976470643599,3.808073934617168e-14,1.110225636914626e-16,8.548737404242622e-15,1.110225636914626e-16,20260913
426000,0.999997652587708,0.9999976525876699,0.9999976525877086,0.9999976525876699,0.9999976525876699,3.8080739135839456e-14,0.0,3.86358519512307e-14,0.0,20260913
427000,0.9999976580851477,0.9999976580851099,0.9999976580851079,0.9999976580851099,0.9999976580851099,3.785869380155657e-14,0.0,1.998406124422341e-15,0.0,20260913
428000,0.9999976635568987,0.9999976635568608,0.9999976635568764,0.9999976635568608,0.9999976635568608,3.7858693594402746e-14,0.0,1.5543158660458604e-14,0.0,20260913
429000,0.9999976690031407,0.9999976690031025,0.9999976690031075,0.9999976690031025,0.9999976690031026,3.808073851072619e-14,1.1102256125576148e-16,4.884992695253505e-15,1.1102256125576148e-16,20260913
430000,0.9999976744240509,0.9999976744240129,0.9999976744240453,0.999997674424013,0.999997674424013,3.7858693182985606e-14,1.1102256065391672e-16,3.2307565150289766e-14,0.0,20260913
431000,0.9999976798198061,0.9999976798197684,0.9999976798198104,0.9999976798197684,0.9999976798197684,3.774767041865402e-14,0.0,4.196652770073888e-14,0.0,20260913
432000,0.9999976851905814,0.9999976851905434,0.9999976851905429,0.9999976851905436,0.9999976851905436,3.785869277537788e-14,1.1102255945858616e-16,6.66135356751517e-16,0.0,20260913
433000,0.9999976905365506,0.9999976905365114,0.9999976905365497,0.9999976905365114,0.9999976905365114,3.91909632793668e-14,0.0,3.8302782808446304e-14,0.0,20260913
434000,0.9999976958578828,0.9999976958578436,0.9999976958578767,0.9999976958578436,0.9999976958578436,3.919096307081819e-14,0.0,3.30847223657332e-14,0.0,20260913
435000,0.9999977011547491,0.99999770115471,0.9999977011547085,0.99999770115471,0.99999770115471,3.907994030554222e-14,0.0,1.4432932499205931e-15,0.0,20260913
436000,0.9999977064273178,0.9999977064272788,0.9999977064273103,0.9999977064272788,0.9999977064272788,3.8968917542389245e-14,0.0,3.153040621663403e-14,0.0,20260913
437000,0.999997711675756,0.9999977116757169,0.9999977116757551,0.9999977116757169,0.9999977116757169,3.9079939894380954e-14,0.0,3.8191759442235927e-14,0.0,20260913
438000,0.9999977169002285,0.9999977169001897,0.9999977169001791,0.9999977169001897,0.9999977169001897,3.885789457833222e-14,0.0,1.0547142814118745e-14,0.0,20260913
439000,0.9999977221008995,0.9999977221008608,0.9999977221008871,0.9999977221008608,0.9999977221008608,3.874687182088393e-14,0.0,2.631234562048565e-14,0.0,20260913
440000,0.9999977272779312,0.9999977272778925,0.9999977272778912,0.9999977272778925,0.9999977272778926,3.8635849065503756e-14,1.1102255478593033e-16,1.4432932122170944e-15,1.1102255478593033e-16,20260913
441000,0.999997732431484,0.9999977324314457,0.999997732431474,0.9999977324314457,0.9999977324314457,3.83027812037501e-14,0.0,2.8310751324510942e-14,0.0,20260913
442000,0.9999977375617182,0.9999977375616796,0.9999977375616825,0.9999977375616798,0.9999977375616798,3.841380356089162e-14,1.1102255364419542e-16,2.775563841104886e-15,0.0,20260913
443000,0.9999977426687908,0.9999977426687524,0.9999977426687843,0.9999977426687524,0.9999977426687524,3.841380336470909e-14,0.0,3.186347273315465e-14,0.0,20260913
444000,0.9999977477528587,0.9999977477528204,0.9999977477528081,0.9999977477528204,0.9999977477528204,3.8302780616897517e-14,0.0,1.2212480776402107e-14,0.0,20260913
445000,0.9999977528140769,0.9999977528140386,0.9999977528140463,0.9999977528140386,0.9999977528140386,3.830278042303835e-14,0.0,7.771578636558505e-15,0.0,20260913
446000,0.9999977578525993,0.9999977578525608,0.9999977578525557,0.9999977578525608,0.9999977578525608,3.841380278143995e-14,0.0,5.1070373640064675e-15,0.0,20260913
447000,0.9999977628685778,0.9999977628685394,0.9999977628685361,0.9999977628685395,0.9999977628685395,3.830278003792215e-14,1.1102255083455694e-16,3.3306765250367086e-15,0.0,20260913
448000,0.999997767862164,0.9999977678621252,0.9999977678621481,0.9999977678621252,0.9999977678621254,3.8635847497493965e-14,1.1102255028015506e-16,2.275962280743179e-14,1.1102255028015506e-16,20260913
449000,0.9999977728335058,0.999997772833468,0.9999977728334988,0.999997772833468,0.999997772833468,3.774766690759572e-14,0.0,3.075324627471769e-14,0.0,20260913
450000,0.9999977777827536,0.999997777782716,0.999997777782733,0.999997777782716,0.999997777782716,3.7525621622415254e-14,0.0,1.6986450024347732e-14,0.0,20260913
451000,0.9999977827100538,0.9999977827100162,0.999997782710027,0.9999977827100162,0.9999977827100162,3.7636643986146545e-14,0.0,1.088020976590667e-14,0.0,20260913
452000,0.9999977876155518,0.999997787615514,0.9999977876155223,0.9999977876155142,0.9999977876155142,3.763664380151965e-14,1.1102254808707863e-16,8.10464601035674e-15,0.0,20260913
453000,0.9999977924993919,0.9999977924993543,0.9999977924993815,0.9999977924993543,0.9999977924993543,3.76366436177079e-14,0.0,2.720052414849096e-14,0.0,20260913
454000,0.9999977973617176,0.9999977973616798,0.9999977973616889,0.9999977973616798,0.9999977973616798,3.774766598171091e-14,0.0,9.10384885441263e-15,0.0,20260913
455000,0.9999978022026702,0.9999978022026325,0.9999978022026202,0.9999978022026325,0.9999978022026326,3.7636643252508263e-14,1.11022546467576e-16,1.2323502657900936e-14,1.11022546467576e-16,20260913
456000,0.999997807022391,0.999997807022353,0.9999978070223807,0.999997807022353,0.999997807022353,3.808073325483968e-14,0.0,2.77556364831193e-14,0.0,20260913
457000,0.9999978118210188,0.9999978118209807,0.9999978118209961,0.9999978118209807,0.9999978118209807,3.808073307210402e-14,0.0,1.5432133810561104e-14,0.0,20260913
458000,0.9999978165986919,0.9999978165986537,0.9999978165986723,0.9999978165986537,0.9999978165986537,3.819175543503562e-14,0.0,1.854076499317136e-14,0.0,20260913
459000,0.9999978213555472,0.999997821355509,0.9999978213555223,0.999997821355509,0.9999978213555091,3.80807327090214e-14,1.1102254434117026e-16,1.321168277659926e-14,1.1102254434117026e-16,20260913
460000,0.9999978260917204,0.9999978260916824,0.9999978260917225,0.9999978260916824,0.9999978260916824,3.7969709984848705e-14,0.0,4.0079138317340304e-14,0.0,20260913
461000,0.9999978308073462,0.9999978308073084,0.9999978308073274,0.9999978308073084,0.9999978308073084,3.774766471921375e-14,0.0,1.8984854902898684e-14,0.0,20260913
462000,0.9999978355025584,0.9999978355025205,0.9999978355025357,0.9999978355025205,0.9999978355025205,3.785868708475061e-14,0.0,1.5210088359562563e-14,0.0,20260913
463000,0.9999978401774892,0.999997840177451,0.9999978401774374,0.999997840177451,0.999997840177451,3.819175453451802e-14,0.0,1.3544750154683715e-14,0.0,20260913
464000,0.999997844832269,0.9999978448322309,0.999997844832241,0.999997844832231,0.999997844832231,3.796970927327398e-14,1.1102254173471924e-16,9.992028756124731e-15,0.0,20260913
465000,0.9999978494670283,0.9999978494669903,0.9999978494669897,0.9999978494669903,0.9999978494669904,3.7858686556072974e-14,1.1102254122015536e-16,7.771577885410874e-16,1.1102254122015536e-16,20260913
466000,0.9999978540818962,0.9999978540818582,0.9999978540818631,0.9999978540818582,0.9999978540818582,3.808073146277537e-14,0.0,4.996014331850996e-15,0.0,20260913
467000,0.9999978586770003,0.9999978586769621,0.9999978586769729,0.9999978586769621,0.9999978586769621,3.819175382798771e-14,0.0,1.0769186399170954e-14,0.0,20260913
468000,0.999997863252467,0.9999978632524289,0.9999978632524316,0.9999978632524289,0.9999978632524289,3.8080731113552584e-14,0.0,2.6645409525517843e-15,0.0,20260913
469000,0.9999978678084223,0.9999978678083842,0.9999978678084253,0.9999978678083842,0.9999978678083842,3.80807309400581e-14,0.0,4.1078339498021864e-14,0.0,20260913
470000,0.9999978723449909,0.9999978723449524,0.9999978723449926,0.9999978723449524,0.9999978723449524,3.8524820922022626e-14,0.0,4.019015900222533e-14,0.0,20260913
471000,0.9999978768622955,0.9999978768622572,0.9999978768622708,0.9999978768622572,0.9999978768622572,3.830277567163658e-14,0.0,1.3655772195974783e-14,0.0,20260913
472000,0.999997881360459,0.9999978813604208,0.9999978813604563,0.9999978813604208,0.9999978813604209,3.8080730423985544e-14,1.1102253767925815e-16,3.541618951968335e-14,1.1102253767925815e-16,20260913
473000,0.9999978858396031,0.9999978858395647,0.9999978858396006,0.9999978858395648,0.9999978858395648,3.830277532778005e-14,1.1102253718197118e-16,3.574925697259472e-14,0.0,20260913
474000,0.999997890299848,0.9999978902998095,0.9999978902998307,0.9999978902998095,0.9999978902998095,3.8524820230313513e-14,0.0,2.120530450717545e-14,0.0,20260913
475000,0.9999978947413126,0.9999978947412742,0.9999978947412854,0.9999978947412742,0.9999978947412742,3.8413797523012844e-14,0.0,1.1213276155561552e-14,0.0,20260913
476000,0.9999978991641155,0.9999978991640773,0.9999978991640852,0.9999978991640773,0.9999978991640774,3.8080729746007875e-14,1.1102253570264688e-16,7.771577499185281e-15,1.1102253570264688e-16,20260913
477000,0.9999979035683741,0.9999979035683363,0.9999979035683382,0.9999979035683363,0.9999979035683363,3.785868450786279e-14,0.0,1.8873830986324557e-15,0.0,20260913
478000,0.9999979079542052,0.9999979079541674,0.9999979079541728,0.9999979079541674,0.9999979079541674,3.774766180709389e-14,0.0,5.329081666883844e-15,0.0,20260913
479000,0.999997912321724,0.9999979123216861,0.9999979123217091,0.9999979123216861,0.9999979123216862,3.774766164222993e-14,1.1102253424185274e-16,2.2870642053821663e-14,1.1102253424185274e-16,20260913
480000,0.9999979166710447,0.9999979166710069,0.9999979166710417,0.9999979166710069,0.9999979166710069,3.7747661478052903e-14,0.0,3.475005306656047e-14,0.0,20260913
481000,0.9999979210022809,0.9999979210022432,0.9999979210022711,0.9999979210022433,0.9999979210022433,3.7636638781280404e-14,1.1102253327811328e-16,2.7866655852806436e-14,0.0,20260913
482000,0.9999979253155455,0.9999979253155076,0.9999979253155068,0.9999979253155077,0.9999979253155077,3.785868368454178e-14,1.1102253279924274e-16,8.88180262393942e-16,0.0,20260913
483000,0.9999979296109494,0.9999979296109117,0.9999979296109095,0.9999979296109117,0.9999979296109118,3.752561592495603e-14,1.1102253232235512e-16,2.3314731787694573e-15,1.1102253232235512e-16,20260913
484000,0.999997933888604,0.9999979338885663,0.9999979338886013,0.9999979338885663,0.9999979338885664,3.763663829628151e-14,1.110225318474381e-16,3.4861075000095564e-14,1.110225318474381e-16,20260913
485000,0.9999979381486191,0.9999979381485811,0.9999979381485985,0.9999979381485812,0.9999979381485812,3.7969705730071984e-14,1.1102253137447948e-16,1.73195148944188e-14,0.0,20260913
486000,0.9999979423911034,0.999997942391065,0.9999979423910751,0.999997942391065,0.999997942391065,3.841379569259966e-14,0.0,1.0103050312215518e-14,0.0,20260913
487000,0.9999979466161644,0.999997946616126,0.9999979466161618,0.9999979466161261,0.9999979466161261,3.830277299986431e-14,1.1102253043438928e-16,3.5749254799873354e-14,0.0,20260913
488000,0.9999979508239099,0.9999979508238712,0.9999979508239206,0.9999979508238712,0.9999979508238712,3.863584042859737e-14,0.0,4.940502583541905e-14,0.0,20260913
489000,0.9999979550144457,0.9999979550144069,0.999997955014439,0.9999979550144069,0.9999979550144069,3.874686279619416e-14,0.0,3.208551102607482e-14,0.0,20260913
490000,0.9999979591878765,0.9999979591878383,0.9999979591878402,0.9999979591878384,0.9999979591878384,3.808072746025459e-14,1.1102252903864314e-16,1.77636046461829e-15,0.0,20260913
491000,0.9999979633443085,0.9999979633442702,0.999997963344288,0.9999979633442702,0.9999979633442702,3.83027723591287e-14,0.0,1.7874627100926723e-14,0.0,20260913
492000,0.999997967483844,0.9999979674838059,0.9999979674838204,0.9999979674838059,0.9999979674838059,3.808072714433747e-14,0.0,1.454395118340586e-14,0.0,20260913
493000,0.9999979716065865,0.9999979716065485,0.9999979716065643,0.9999979716065485,0.9999979716065485,3.808072698734012e-14,0.0,1.5876221455363375e-14,0.0,20260913
494000,0.9999979757126386,0.9999979757125997,0.9999979757126074,0.9999979757125997,0.9999979757125997,3.8857884521406514e-14,0.0,7.660554377077285e-15,0.0,20260913
495000,0.9999979798021,0.999997979802061,0.9999979798020703,0.999997979802061,0.999997979802061,3.907992941599837e-14,0.0,9.325892246999613e-15,0.0,20260913
496000,0.9999979838750719,0.9999979838750325,0.9999979838750549,0.9999979838750325,0.9999979838750325,3.941299683572002e-14,0.0,2.242655031215618e-14,0.0,20260913
497000,0.9999979879316531,0.9999979879316138,0.9999979879316083,0.9999979879316138,0.9999979879316139,3.919095162414281e-14,1.1102252584743005e-16,5.551126292371503e-15,1.1102252584743005e-16,20260913
498000,0.9999979919719427,0.9999979919719036,0.999997991971937,0.9999979919719036,0.9999979919719036,3.907992894040083e-14,0.0,3.33067576196598e-14,0.0,20260913
499000,0.999997995996039,0.9999979959959999,0.9999979959959987,0.999997995996,0.999997995996,3.896890625818701e-14,1.1102252495209974e-16,1.3322702994251969e-15,0.0,20260913
500000,0.999998000004039,0.999998000004,0.9999980000040082,0.999998000004,0.999998000004,3.907992862650644e-14,0.0,8.215666813526922e-15,0.0,20260913
501000,0.9999980039960391,0.9999980039959999,0.999998003996034,0.999998003996,0.999998003996,3.9079928470499057e-14,1.1102252406391777e-16,3.397289236355884e-14,0.0,20260913
502000,0.9999980079721364,0.9999980079720956,0.9999980079720786,0.9999980079720957,0.9999980079720957,4.0745266169450425e-14,1.1102252362248073e-16,1.709746863786203e-14,0.0,20260913
503000,0.999998011932423,0.9999980119323818,0.9999980119324167,0.9999980119323818,0.9999980119323818,4.118935610081839e-14,0.0,3.486107227939885e-14,0.0,20260913
504000,0.9999980158769938,0.9999980158769526,0.9999980158769802,0.9999980158769526,0.9999980158769526,4.118935593834373e-14,0.0,2.7644608163470593e-14,0.0,20260913
505000,0.9999980198059423,0.9999980198059013,0.9999980198059165,0.9999980198059013,0.9999980198059014,4.085628820958656e-14,1.1102252230865914e-16,1.5099063033977642e-14,1.1102252230865914e-16,20260913
506000,0.9999980237193618,0.9999980237193207,0.9999980237193462,0.9999980237193207,0.9999980237193207,4.1078333093446826e-14,0.0,2.5535180031061538e-14,0.0,20260913
507000,0.9999980276173438,0.9999980276173025,0.9999980276173399,0.9999980276173025,0.9999980276173025,4.130037797620674e-14,0.0,3.7414589725757185e-14,0.0,20260913
508000,0.9999980314999789,0.9999980314999379,0.9999980314999608,0.9999980314999379,0.999998031499938,4.0856287731810694e-14,1.1102252101035514e-16,2.2759616807122804e-14,1.1102252101035514e-16,20260913
509000,0.9999980353673583,0.9999980353673175,0.9999980353673061,0.9999980353673176,0.9999980353673176,4.0745265053222625e-14,1.1102252058098806e-16,1.1435319619841772e-14,0.0,20260913
510000,0.9999980392195715,0.9999980392195309,0.9999980392195298,0.9999980392195309,0.9999980392195309,4.0634242376109555e-14,0.0,1.110225201533048e-15,0.0,20260913
511000,0.9999980430567077,0.9999980430566672,0.9999980430566959,0.9999980430566672,0.9999980430566672,4.052321970046283e-14,0.0,2.8754832609369514e-14,0.0,20260913
512000,0.9999980468788551,0.9999980468788147,0.999998046878832,0.9999980468788147,0.9999980468788147,4.0412197026273855e-14,0.0,1.7319513011260224e-14,0.0,20260913
513000,0.9999980506861015,0.999998050686061,0.9999980506861026,0.9999980506860611,0.9999980506860611,4.041219687241436e-14,1.1102251888025924e-16,4.152242206121696e-14,0.0,20260913
514000,0.9999980544785345,0.9999980544784932,0.9999980544784938,0.9999980544784932,0.9999980544784932,4.1300376866827253e-14,0.0,5.551125922960652e-16,0.0,20260913
515000,0.999998058256239,0.9999980582561975,0.9999980582562302,0.9999980582561976,0.9999980582561976,4.141139922884614e-14,1.1102251803980198e-16,3.264062030370178e-14,0.0,20260913
516000,0.999998062019301,0.9999980620192596,0.9999980620192876,0.9999980620192597,0.9999980620192597,4.1300376555390155e-14,1.1102251762201656e-16,2.797767444074817e-14,0.0,20260913
517000,0.9999980657678064,0.9999980657677644,0.9999980657677963,0.9999980657677645,0.9999980657677645,4.185548898660443e-14,1.110225172058473e-16,3.175243992087233e-14,0.0,20260913
518000,0.9999980695018383,0.9999980695017963,0.9999980695018413,0.9999980695017963,0.9999980695017964,4.1966511347105684e-14,1.110225167912849e-16,4.4964119300470374e-14,1.110225167912849e-16,20260913
519000,0.999998073221481,0.9999980732214389,0.9999980732214554,0.9999980732214389,0.9999980732214389,4.2188556223761604e-14,0.0,1.6542354940369682e-14,0.0,20260913
520000,0.9999980769268177,0.9999980769267751,0.9999980769268186,0.9999980769267751,0.9999980769267751,4.263264613130629e-14,0.0,4.352082625904184e-14,0.0,20260913
521000,0.99999808061793,0.9999980806178874,0.9999980806178904,0.9999980806178875,0.9999980806178875,4.2521623458386956e-14,1.110225155571461e-16,2.8865854044857986e-15,0.0,20260913
522000,0.9999980842949004,0.9999980842948576,0.9999980842948641,0.9999980842948577,0.9999980842948577,4.274366833233375e-14,1.1102251514891884e-16,6.4393058786372925e-15,0.0,20260913
523000,0.9999980879578099,0.9999980879577668,0.9999980879577832,0.9999980879577668,0.9999980879577668,4.307673571999404e-14,0.0,1.6431332181853396e-14,0.0,20260913
524000,0.9999980916067382,0.9999980916066954,0.9999980916067159,0.9999980916066954,0.9999980916066954,4.2854690534135526e-14,0.0,2.0539165152370654e-14,0.0,20260913
525000,0.9999980952417652,0.9999980952417233,0.999998095241725,0.9999980952417233,0.9999980952417233,4.185548775295512e-14,0.0,1.6653377090035196e-15,0.0,20260913
526000,0.999998098862972,0.9999980988629299,0.9999980988629733,0.9999980988629299,0.9999980988629299,4.207753262845053e-14,0.0,4.340980279082891e-14,0.0,20260913
527000,0.999998102470436,0.9999981024703938,0.9999981024704035,0.9999981024703938,0.9999981024703938,4.2188554989788085e-14,0.0,9.769981155529873e-15,0.0,20260913
528000,0.999998106064235,0.999998106064193,0.9999981060642017,0.999998106064193,0.999998106064193,4.196650981270654e-14,0.0,8.659755993098176e-15,0.0,20260913
529000,0.999998109644447,0.9999981096444052,0.9999981096444222,0.9999981096444052,0.9999981096444052,4.185548715012271e-14,0.0,1.698644438718508e-14,0.0,20260913
530000,0.9999981132111492,0.9999981132111071,0.9999981132111551,0.9999981132111071,0.9999981132111071,4.2077532024713496e-14,0.0,4.7961725157457075e-14,0.0,20260913
531000,0.9999981167644172,0.9999981167643751,0.9999981167644046,0.9999981167643752,0.9999981167643752,4.1966509363656396e-14,1.1102251154406454e-16,2.9420965559177103e-14,0.0,20260913
532000,0.9999981203043274,0.9999981203042851,0.9999981203043287,0.9999981203042851,0.9999981203042851,4.2299576748551616e-14,0.0,4.352082437121321e-14,0.0,20260913
533000,0.9999981238309544,0.9999981238309121,0.9999981238309391,0.9999981238309121,0.9999981238309121,4.229957659937651e-14,0.0,2.6978470114562972e-14,0.0,20260913
534000,0.9999981273443731,0.9999981273443308,0.999998127344364,0.9999981273443308,0.9999981273443308,4.229957645076011e-14,0.0,3.319573060046528e-14,0.0,20260913
535000,0.9999981308446573,0.9999981308446152,0.9999981308446034,0.9999981308446152,0.9999981308446152,4.207753128273761e-14,0.0,1.176838605796883e-14,0.0,20260913
536000,0.9999981343318809,0.9999981343318389,0.9999981343318821,0.9999981343318389,0.9999981343318389,4.196650862640989e-14,0.0,4.318775623194034e-14,0.0,20260913
537000,0.9999981378061168,0.9999981378060748,0.9999981378060893,0.9999981378060748,0.9999981378060748,4.1966508480608074e-14,0.0,1.4432926197034522e-14,0.0,20260913
538000,0.9999981412674372,0.9999981412673954,0.9999981412674357,0.9999981412673954,0.9999981412673954,4.1855485826524586e-14,0.0,4.0301170702993175e-14,0.0,20260913
539000,0.9999981447159144,0.9999981447158725,0.999998144715896,0.9999981447158725,0.9999981447158726,4.185548568218664e-14,1.1102250844081336e-16,2.342574928101162e-14,1.1102250844081336e-16,20260913
540000,0.9999981481516194,0.9999981481515775,0.9999981481516175,0.9999981481515775,0.9999981481515775,4.185548553838327e-14,0.0,3.9968102901373946e-14,0.0,20260913
541000,0.9999981515746231,0.9999981515745812,0.9999981515745651,0.9999981515745812,0.9999981515745812,4.196650790279087e-14,0.0,1.6098263613504433e-14,0.0,20260913
542000,0.999998154984996,0.9999981549849538,0.9999981549849829,0.9999981549849539,0.9999981549849539,4.207753026696988e-14,1.1102250730071209e-16,2.8976874405485853e-14,0.0,20260913
543000,0.9999981583828076,0.9999981583827654,0.9999981583827732,0.9999981583827654,0.9999981583827654,4.218855263092158e-14,0.0,7.771575484643448e-15,0.0,20260913
544000,0.999998161768127,0.999998161768085,0.9999981617680985,0.999998161768085,0.999998161768085,4.196650747500432e-14,0.0,1.3544745798810917e-14,0.0,20260913
545000,0.9999981651410231,0.9999981651409814,0.9999981651409973,0.9999981651409814,0.9999981651409814,4.1744462321109055e-14,0.0,1.587621838276222e-14,0.0,20260913
546000,0.9999981685015658,0.9999981685015229,0.9999981685015659,0.9999981685015229,0.9999981685015229,4.285468723882546e-14,0.0,4.2965709744625525e-14,0.0,20260913
547000,0.9999981718498201,0.9999981718497772,0.999998171849821,0.9999981718497772,0.9999981718497772,4.2854687095336804e-14,0.0,4.374286713876347e-14,0.0,20260913
548000,0.9999981751858545,0.9999981751858117,0.9999981751858572,0.9999981751858117,0.9999981751858117,4.2854686952371826e-14,0.0,4.551922707376282e-14,0.0,20260913
549000,0.9999981785097358,0.999998178509693,0.9999981785097232,0.9999981785096931,0.9999981785096931,4.274366430523874e-14,1.110225046889318e-16,3.008709877070052e-14,0.0,20260913
550000,0.9999981818215304,0.9999981818214876,0.9999981818215056,0.9999981818214876,0.9999981818214876,4.28546866680015e-14,0.0,1.798564570004208e-14,0.0,20260913
551000,0.9999981851213037,0.999998185121261,0.9999981851213017,0.9999981851212612,0.9999981851212612,4.252161901472579e-14,1.1102250395489762e-16,4.052321394353763e-14,0.0,20260913
552000,0.9999981884091218,0.999998188409079,0.9999981884091128,0.999998188409079,0.999998188409079,4.285468638569182e-14,0.0,3.3861863594911935e-14,0.0,20260913
553000,0.9999981916850489,0.9999981916850059,0.999998191685041,0.999998191685006,0.999998191685006,4.285468624530274e-14,1.110225032261729e-16,3.4972088516244464e-14,0.0,20260913
554000,0.9999981949491497,0.9999981949491066,0.9999981949491444,0.9999981949491066,0.9999981949491066,4.307673111114805e-14,0.0,3.785867347655022e-14,0.0,20260913
555000,0.9999981982014878,0.9999981982014446,0.9999981982014484,0.9999981982014446,0.9999981982014446,4.318775347355041e-14,0.0,3.77476508509181e-15,0.0,20260913
556000,0.9999982014421276,0.9999982014420837,0.9999982014421225,0.9999982014420837,0.9999982014420837,4.385388834645173e-14,0.0,3.87468532478776e-14,0.0,20260913
557000,0.9999982046711305,0.9999982046710867,0.9999982046710819,0.9999982046710868,0.9999982046710868,4.374286570306271e-14,1.1102250178442313e-16,4.884990078514617e-15,0.0,20260913
558000,0.9999982078885602,0.9999982078885162,0.999998207888554,0.9999982078885163,0.9999982078885163,4.385388806375009e-14,1.110225014272154e-16,3.763662798382602e-14,0.0,20260913
559000,0.9999982110944786,0.9999982110944345,0.9999982110944401,0.9999982110944345,0.9999982110944345,4.4075932925300426e-14,0.0,5.551125053564286e-15,0.0,20260913
560000,0.9999982142889475,0.999998214288903,0.9999982142889389,0.999998214288903,0.999998214288903,4.452002278736751e-14,0.0,3.586026773147059e-14,0.0,20260913
561000,0.9999982174720278,0.999998217471983,0.9999982174719696,0.9999982174719831,0.9999982174719831,4.463104514601969e-14,1.1102250036323305e-16,1.3544745044314432e-14,0.0,20260913
562000,0.9999982206437801,0.9999982206437354,0.9999982206437598,0.9999982206437354,0.9999982206437356,4.4520022504449713e-14,1.1102250001109653e-16,2.4202905002419046e-14,1.1102250001109653e-16,20260913
563000,0.9999982238042653,0.9999982238042205,0.9999982238042208,0.9999982238042205,0.9999982238042205,4.474206736306502e-14,0.0,2.2204499932042196e-16,0.0,20260913
564000,0.9999982269535429,0.9999982269534983,0.9999982269535158,0.9999982269534983,0.9999982269534983,4.463104472284901e-14,0.0,1.7541554891070007e-14,0.0,20260913
565000,0.9999982300916715,0.9999982300916281,0.999998230091635,0.9999982300916281,0.9999982300916281,4.340979709420692e-14,0.0,6.883394935654294e-15,0.0,20260913
566000,0.9999982332187125,0.9999982332186692,0.999998233218691,0.9999982332186692,0.9999982332186692,4.3298774459847465e-14,0.0,2.1760409728538727e-14,0.0,20260913
567000,0.9999982363347234,0.9999982363346801,0.9999982363346565,0.9999982363346802,0.9999982363346802,4.3187751826658725e-14,1.1102249826904558e-16,2.3758814629575752e-14,0.0,20260913
568000,0.9999982394397624,0.9999982394397192,0.9999982394397386,0.9999982394397193,0.9999982394397193,4.3076729194634515e-14,1.1102249792431575e-16,1.9317914638830943e-14,0.0,20260913
569000,0.9999982425338876,0.9999982425338444,0.9999982425338493,0.9999982425338444,0.9999982425338444,4.318775155893029e-14,0.0,4.884989893555097e-15,0.0,20260913
570000,0.9999982456171559,0.9999982456171129,0.9999982456171229,0.9999982456171129,0.9999982456171129,4.2965706431293653e-14,0.0,9.99202475146364e-15,0.0,20260913
571000,0.9999982486896251,0.999998248689582,0.9999982486896464,0.999998248689582,0.999998248689582,4.307672879617999e-14,0.0,6.439304820047524e-14,0.0,20260913
572000,0.9999982517513515,0.9999982517513081,0.9999982517513398,0.9999982517513081,0.9999982517513081,4.340979615396296e-14,0.0,3.175243401543071e-14,0.0,20260913
573000,0.9999982548023909,0.9999982548023476,0.9999982548023575,0.9999982548023476,0.9999982548023476,4.3298773525299014e-14,0.0,9.881002163465672e-15,0.0,20260913
574000,0.9999982578427994,0.9999982578427563,0.9999982578427968,0.9999982578427563,0.9999982578427564,4.2965705906009327e-14,1.1102249588116105e-16,4.041218850074262e-14,1.1102249588116105e-16,20260913
575000,0.9999982608726328,0.9999982608725897,0.9999982608726178,0.9999982608725898,0.9999982608725898,4.296570577583017e-14,1.110224955447808e-16,2.7977668877284764e-14,0.0,20260913
576000,0.9999982638919458,0.9999982638919029,0.9999982638919217,0.9999982638919029,0.9999982638919029,4.285468315089346e-14,0.0,1.8762801690417083e-14,0.0,20260913
577000,0.9999982669007934,0.9999982669007506,0.9999982669007883,0.9999982669007506,0.9999982669007506,4.285468302195002e-14,0.0,3.7747648257676187e-14,0.0,20260913
578000,0.9999982698992297,0.9999982698991869,0.9999982698992187,0.999998269899187,0.999998269899187,4.2632637904367505e-14,1.1102249454262372e-16,3.164141094464776e-14,0.0,20260913
579000,0.9999982728873088,0.9999982728872662,0.999998272887277,0.9999982728872662,0.9999982728872662,4.2632637776977595e-14,0.0,1.0880204432666157e-14,0.0,20260913
580000,0.9999982758650842,0.9999982758650415,0.9999982758650661,0.9999982758650416,0.9999982758650416,4.252161515614667e-14,1.1102249388027853e-16,2.4424948653661273e-14,0.0,20260913
581000,0.999998278832609,0.9999982788325665,0.9999982788325839,0.9999982788325665,0.9999982788325665,4.2521615029962506e-14,0.0,1.7319508993927285e-14,0.0,20260913
582000,0.9999982817899364,0.9999982817898938,0.9999982817899106,0.9999982817898938,0.9999982817898938,4.2632637397434443e-14,0.0,1.6764396476595314e-14,0.0,20260913
583000,0.9999982847371179,0.9999982847370759,0.9999982847371047,0.9999982847370759,0.999998284737076,4.196650231441639e-14,1.1102249289528146e-16,2.8754825659877893e-14,1.1102249289528146e-16,20260913
584000,0.9999982876742064,0.9999982876741649,0.9999982876741829,0.9999982876741649,0.999998287674165,4.141138972831083e-14,1.1102249256919794e-16,1.787462130364087e-14,1.1102249256919794e-16,20260913
585000,0.9999982906012542,0.9999982906012126,0.9999982906012315,0.9999982906012126,0.9999982906012127,4.1522412099341743e-14,1.1102249224422925e-16,1.8762801189274746e-14,1.1102249224422925e-16,20260913
586000,0.9999982935183119,0.9999982935182704,0.9999982935182928,0.9999982935182704,0.9999982935182704,4.1522411978218267e-14,0.0,2.242654336791468e-14,0.0,20260913
587000,0.999998296425431,0.9999982964253894,0.9999982964254132,0.9999982964253894,0.9999982964253894,4.163343434910508e-14,0.0,2.37588132018893e-14,0.0,20260913
588000,0.9999982993226616,0.9999982993226202,0.9999982993226132,0.9999982993226202,0.9999982993226202,4.1411389245931293e-14,0.0,6.994416950385179e-15,0.0,20260913
589000,0.9999983022100548,0.9999983022100132,0.9999983022099957,0.9999983022100132,0.9999983022100132,4.1633434108270915e-14,0.0,1.743053107999609e-14,0.0,20260913
590000,0.9999983050876601,0.9999983050876184,0.9999983050876603,0.9999983050876184,0.9999983050876184,4.1633433988466123e-14,0.0,4.185547896973794e-14,0.0,20260913
591000,0.9999983079555275,0.9999983079554856,0.9999983079554847,0.9999983079554857,0.9999983079554857,4.174445635938427e-14,1.1102249031751136e-16,9.992024128576022e-16,0.0,20260913
592000,0.9999983108137067,0.9999983108136641,0.9999983108136844,0.9999983108136642,0.9999983108136642,4.2521613670072285e-14,1.1102249000018873e-16,2.020609318003435e-14,0.0,20260913
593000,0.9999983136622455,0.9999983136622029,0.9999983136622348,0.9999983136622029,0.9999983136622029,4.2521613548947615e-14,0.0,3.1863454539289725e-14,0.0,20260913
594000,0.9999983165011931,0.9999983165011507,0.9999983165011718,0.9999983165011507,0.9999983165011507,4.2410590938862024e-14,0.0,2.1094272980062262e-14,0.0,20260913
595000,0.9999983193305981,0.9999983193305557,0.999998319330591,0.9999983193305557,0.9999983193305557,4.2410590818865085e-14,0.0,3.5305151519369364e-14,0.0,20260913
596000,0.9999983221505084,0.9999983221504661,0.9999983221505067,0.9999983221504661,0.9999983221504662,4.2188545721787715e-14,1.1102248874154661e-16,4.0412185901922974e-14,1.1102248874154661e-16,20260913
597000,0.9999983249609717,0.9999983249609297,0.9999983249609352,0.9999983249609297,0.9999983249609297,4.2077523114788633e-14,0.0,5.551124421476073e-15,0.0,20260913
598000,0.9999983277620357,0.9999983277619937,0.9999983277619992,0.9999983277619937,0.9999983277619937,4.196650050880806e-14,0.0,5.440101917808452e-15,0.0,20260913
599000,0.9999983305537471,0.9999983305537052,0.9999983305537254,0.9999983305537052,0.9999983305537052,4.18554779038409e-14,0.0,2.0206092781164573e-14,0.0,20260913
600000,0.9999983333361525,0.9999983333361111,0.9999983333361371,0.9999983333361111,0.9999983333361111,4.141138783738304e-14,0.0,2.5979262074926625e-14,0.0,20260913
601000,0.999998336109299,0.9999983361092577,0.9999983361092851,0.9999983361092577,0.9999983361092577,4.1300365235351194e-14,0.0,2.7422554336375657e-14,0.0,20260913
602000,0.9999983388732325,0.9999983388731912,0.9999983388732249,0.9999983388731912,0.9999983388731912,4.130036512119954e-14,0.0,3.363981352613833e-14,0.0,20260913
603000,0.9999983416279989,0.9999983416279574,0.9999983416279381,0.9999983416279575,0.9999983416279575,4.14113874940056e-14,1.1102248657910347e-16,1.9428935151343108e-14,0.0,20260913
604000,0.9999983443736433,0.999998344373602,0.9999983443736202,0.999998344373602,0.999998344373602,4.130036489403019e-14,0.0,1.820768774898105e-14,0.0,20260913
605000,0.9999983471102114,0.99999834711017,0.9999983471102025,0.9999983471101701,0.9999983471101701,4.1300364781008744e-14,1.110224859704536e-16,3.2418565903372455e-14,0.0,20260913
606000,0.9999983498377479,0.9999983498377065,0.999998349837703,0.9999983498377065,0.9999983498377065,4.1411387154027944e-14,0.0,3.552719541364327e-15,0.0,20260913
607000,0.9999983525562974,0.999998352556256,0.999998352556259,0.999998352556256,0.9999983525562561,4.130036455608303e-14,1.110224853658146e-16,2.8865846195111796e-15,1.110224853658146e-16,20260913
608000,0.9999983552659043,0.999998355265863,0.9999983552659096,0.999998355265863,0.999998355265863,4.1300364444175096e-14,0.0,4.662944372729446e-14,0.0,20260913
609000,0.9999983579666124,0.9999983579665714,0.9999983579665984,0.9999983579665714,0.9999983579665714,4.096729687833923e-14,0.0,2.6978463797930712e-14,0.0,20260913
610000,0.999998360658466,0.9999983606584251,0.9999983606584362,0.9999983606584252,0.9999983606584252,4.0856274283594786e-14,1.1102248446629019e-16,1.0991225962162728e-14,0.0,20260913
611000,0.9999983633415085,0.9999983633414675,0.9999983633414574,0.9999983633414675,0.9999983633414675,4.0967296658143904e-14,0.0,1.0103046059325462e-14,0.0,20260913
612000,0.9999983660157827,0.9999983660157418,0.9999983660157892,0.9999983660157418,0.9999983660157418,4.096729654858594e-14,0.0,4.7406600613133325e-14,0.0,20260913
613000,0.9999983686813317,0.9999983686812909,0.9999983686812909,0.9999983686812909,0.9999983686812909,4.085627395580985e-14,0.0,0.0,0.0,20260913
614000,0.999998371338198,0.9999983713381574,0.9999983713381861,0.9999983713381574,0.9999983713381574,4.063422888069881e-14,0.0,2.875482316967484e-14,0.0,20260913
615000,0.9999983739864244,0.9999983739863837,0.999998373986375,0.9999983739863837,0.9999983739863838,4.063422877309e-14,1.110224829865847e-16,8.770776155940191e-15,1.110224829865847e-16,20260913
616000,0.9999983766260524,0.9999983766260119,0.9999983766260011,0.999998376626012,0.999998376626012,4.041218370044352e-14,1.1102248269352614e-16,1.0880203303965563e-14,0.0,20260913
617000,0.9999983792571241,0.9999983792570838,0.9999983792570958,0.9999983792570839,0.9999983792570839,4.019013862931315e-14,1.1102248240141753e-16,1.1879405616951676e-14,0.0,20260913
618000,0.9999983818796812,0.999998381879641,0.9999983818796411,0.999998381879641,0.999998381879641,4.019013852391205e-14,0.0,1.1102248211025427e-16,0.0,20260913
619000,0.9999983844937648,0.9999983844937245,0.9999983844937569,0.9999983844937246,0.9999983844937246,4.0190138418851495e-14,1.1102248182003175e-16,3.230754220962924e-14,0.0,20260913
620000,0.9999983870994156,0.9999983870993756,0.9999983870994112,0.9999983870993756,0.9999983870993756,3.9968093351068354e-14,0.0,3.5638216571369284e-14,0.0,20260913
621000,0.9999983896966752,0.9999983896966349,0.9999983896966813,0.9999983896966349,0.9999983896966349,4.030116069098786e-14,0.0,4.6407397159319355e-14,0.0,20260913
622000,0.9999983922855834,0.9999983922855429,0.9999983922855351,0.9999983922855429,0.999998392285543,4.0412183067606654e-14,1.1102248095496333e-16,7.882596147802397e-15,1.1102248095496333e-16,20260913
623000,0.9999983948661803,0.9999983948661398,0.9999983948661741,0.9999983948661398,0.9999983948661398,4.0412182963318933e-14,0.0,3.430594652655371e-14,0.0,20260913
624000,0.9999983974385062,0.9999983974384656,0.9999983974384754,0.9999983974384656,0.9999983974384656,4.052320533974834e-14,0.0,9.76997827369275e-15,0.0,20260913
625000,0.9999984000026008,0.9999984000025599,0.9999984000025889,0.99999840000256,0.99999840000256,4.074525019603925e-14,1.110224800981996e-16,2.886584482553189e-14,0.0,20260913
626000,0.9999984025585033,0.9999984025584623,0.9999984025584783,0.9999984025584624,0.9999984025584624,4.085627257171264e-14,1.1102247981443652e-16,1.587621461346442e-14,0.0,20260913
627000,0.9999984051062527,0.9999984051062119,0.9999984051062417,0.999998405106212,0.999998405106212,4.074524998808934e-14,1.1102247953157858e-16,2.975402451446306e-14,0.0,20260913
628000,0.9999984076458883,0.9999984076458477,0.9999984076458542,0.9999984076458477,0.9999984076458477,4.0634227405361467e-14,0.0,6.550326275727668e-15,0.0,20260913
629000,0.9999984101774487,0.9999984101774082,0.9999984101774219,0.9999984101774083,0.9999984101774083,4.041218234455617e-14,1.1102247896856091e-16,1.354474243416443e-14,0.0,20260913
630000,0.9999984127009727,0.9999984127009321,0.999998412700944,0.9999984127009323,0.9999984127009323,4.04121822425749e-14,1.1102247868839258e-16,1.1768382740969613e-14,0.0,20260913
631000,0.9999984152164981,0.9999984152164576,0.9999984152164513,0.9999984152164576,0.9999984152164577,4.041218214091686e-14,1.1102247840911225e-16,6.439303747728511e-15,1.1102247840911225e-16,20260913
632000,0.9999984177240651,0.9999984177240225,0.9999984177240564,0.9999984177240225,0.9999984177240225,4.2521609124064135e-14,0.0,3.3861855829868307e-14,0.0,20260913
633000,0.9999984202237074,0.9999984202236647,0.9999984202236476,0.9999984202236647,0.9999984202236647,4.274365397348156e-14,0.0,1.7097461589392623e-14,0.0,20260913
634000,0.9999984227154644,0.9999984227154215,0.9999984227154306,0.9999984227154216,0.9999984227154216,4.2743653866974595e-14,1.110224775765574e-16,8.992820683701149e-15,0.0,20260913
635000,0.999998425199373,0.9999984251993304,0.9999984251993365,0.9999984251993304,0.9999984251993304,4.2632631283502306e-14,0.0,6.1062362515432986e-15,0.0,20260913
636000,0.9999984276754709,0.9999984276754281,0.9999984276754756,0.9999984276754281,0.9999984276754282,4.263263117793957e-14,1.110224770258843e-16,4.74065976900526e-14,1.110224770258843e-16,20260913
637000,0.9999984301437945,0.9999984301437517,0.9999984301437779,0.9999984301437517,0.9999984301437518,4.2743653549460125e-14,1.1102247675184447e-16,2.609028203668345e-14,1.1102247675184447e-16,20260913
638000,0.9999984326043803,0.9999984326043375,0.9999984326043754,0.9999984326043376,0.9999984326043376,4.263263096780687e-14,1.110224764786637e-16,3.7747642002745664e-14,0.0,20260913
639000,0.9999984350572647,0.9999984350572221,0.9999984350572501,0.9999984350572221,0.9999984350572221,4.263263086323379e-14,0.0,2.797766400399717e-14,0.0,20260913
640000,0.9999984375024837,0.9999984375024413,0.999998437502478,0.9999984375024414,0.9999984375024414,4.2299563331182895e-14,1.1102247593486326e-16,3.652639458257001e-14,0.0,20260913
641000,0.9999984399400738,0.9999984399400312,0.9999984399400217,0.9999984399400312,0.9999984399400313,4.241058570373798e-14,1.1102247566423555e-16,9.658955382788494e-15,1.1102247566423555e-16,20260913
642000,0.99999844237007,0.9999984423700274,0.999998442370018,0.9999984423700274,0.9999984423700274,4.2521608076074716e-14,0.0,9.43691040852833e-15,0.0,20260913
643000,0.9999984447925077,0.9999984447924652,0.9999984447924795,0.9999984447924654,0.9999984447924654,4.229956302281759e-14,1.1102247512550548e-16,1.4099854340939196e-14,0.0,20260913
644000,0.9999984472074224,0.9999984472073801,0.9999984472074045,0.9999984472073801,0.9999984472073801,4.2299562920667594e-14,0.0,2.4424944468626956e-14,0.0,20260913
645000,0.9999984496148492,0.9999984496148068,0.9999984496148421,0.9999984496148068,0.9999984496148068,4.241058529342446e-14,0.0,3.530514691965701e-14,0.0,20260913
646000,0.9999984520148225,0.9999984520147801,0.9999984520148043,0.9999984520147801,0.9999984520147802,4.2299562717316355e-14,1.1102247432366498e-16,2.40918769282353e-14,1.1102247432366498e-16,20260913
647000,0.9999984544073789,0.9999984544073347,0.9999984544073794,0.9999984544073347,0.9999984544073348,4.407592220104078e-14,1.1102247405803722e-16,4.463103457133097e-14,1.1102247405803722e-16,20260913
648000,0.9999984567925491,0.9999984567925049,0.9999984567925311,0.999998456792505,0.999998456792505,4.407592209591204e-14,1.1102247379322933e-16,2.6090281341408892e-14,0.0,20260913
649000,0.999998459170369,0.9999984591703248,0.9999984591703333,0.9999984591703248,0.9999984591703248,4.418694446463652e-14,0.0,8.437707988222049e-15,0.0,20260913
650000,0.9999984615408724,0.9999984615408284,0.9999984615408706,0.9999984615408284,0.9999984615408284,4.396489941335893e-14,0.0,4.2188539841102006e-14,0.0,20260913
651000,0.9999984639040934,0.9999984639040492,0.9999984639040889,0.9999984639040493,0.9999984639040493,4.407592178246369e-14,1.1102247300368688e-16,3.952400038931252e-14,0.0,20260913
652000,0.9999984662600654,0.999998466260021,0.9999984662600329,0.9999984662600211,0.9999984662600211,4.429796662410614e-14,1.1102247274212067e-16,1.176838211066479e-14,0.0,20260913
653000,0.9999984686088214,0.999998468608777,0.9999984686088123,0.999998468608777,0.9999984686087771,4.4297966520060867e-14,1.1102247248135557e-16,3.5194123776589715e-14,1.1102247248135557e-16,20260913
654000,0.9999984709503943,0.9999984709503502,0.9999984709503584,0.9999984709503502,0.9999984709503502,4.4075921471891004e-14,0.0,8.215662944382706e-15,0.0,20260913
655000,0.9999984732848176,0.9999984732847735,0.9999984732848027,0.9999984732847736,0.9999984732847736,4.396489889703677e-14,1.1102247196221407e-16,2.908788765410009e-14,0.0,20260913
656000,0.999998475612124,0.9999984756120798,0.9999984756120769,0.9999984756120799,0.9999984756120799,4.4075921266420664e-14,1.1102247170383037e-16,2.9976067360034204e-15,0.0,20260913
657000,0.9999984779323454,0.9999984779323015,0.9999984779322827,0.9999984779323015,0.9999984779323015,4.396489869270837e-14,0.0,1.876279767441342e-14,0.0,20260913
658000,0.999998480245515,0.9999984802454707,0.9999984802455036,0.9999984802454708,0.9999984802454708,4.41869435333888e-14,1.1102247118941908e-16,3.286265147206805e-14,0.0,20260913
659000,0.9999984825516639,0.9999984825516197,0.999998482551635,0.9999984825516198,0.9999984825516198,4.407592096055358e-14,1.1102247093338434e-16,1.5210078517873655e-14,0.0,20260913
660000,0.9999984848508245,0.9999984848507805,0.9999984848507792,0.9999984848507805,0.9999984848507806,4.396489838853767e-14,1.1102247067812544e-16,1.3322696481375052e-15,1.1102247067812544e-16,20260913
661000,0.9999984871430277,0.9999984871429846,0.9999984871429983,0.9999984871429847,0.9999984871429847,4.307671852437189e-14,1.110224704236389e-16,1.3655763862107583e-14,0.0,20260913
662000,0.9999984894283069,0.9999984894282636,0.9999984894282649,0.9999984894282636,0.9999984894282637,4.318774089609934e-14,1.1102247016992118e-16,1.1102247016992118e-15,1.1102247016992118e-16,20260913
663000,0.9999984917066924,0.999998491706649,0.9999984917066963,0.999998491706649,0.999998491706649,4.3409785737534815e-14,0.0,4.7295572184628723e-14,0.0,20260913
664000,0.9999984939782153,0.9999984939781716,0.9999984939781641,0.9999984939781718,0.9999984939781718,4.352080810859313e-14,1.110224696647784e-16,7.66055040686971e-15,0.0,20260913
665000,0.9999984962429062,0.9999984962428627,0.9999984962428522,0.9999984962428627,0.9999984962428627,4.3409785540618453e-14,0.0,1.0547134594267911e-14,0.0,20260913
666000,0.9999984985007964,0.999998498500753,0.9999984985007896,0.999998498500753,0.999998498500753,4.340978544260378e-14,0.0,3.6637414823680936e-14,0.0,20260913
667000,0.9999985007519162,0.9999985007518729,0.9999985007519291,0.9999985007518729,0.9999985007518729,4.329876287597025e-14,0.0,5.6177369269848585e-14,0.0,20260913
668000,0.9999985029962967,0.9999985029962529,0.9999985029962618,0.999998502996253,0.999998502996253,4.3631830184781925e-14,1.1102246866356725e-16,8.770775024421812e-15,0.0,20260913
669000,0.9999985052339668,0.9999985052339234,0.9999985052339253,0.9999985052339234,0.9999985052339234,4.340978515031786e-14,0.0,1.8873819630572982e-15,0.0,20260913
670000,0.9999985074649574,0.9999985074649141,0.9999985074649572,0.9999985074649143,0.9999985074649143,4.3187740117135987e-14,1.110224681674447e-16,4.29656951808011e-14,0.0,20260913
671000,0.9999985096892986,0.9999985096892553,0.9999985096892675,0.9999985096892553,0.9999985096892553,4.329876248899207e-14,0.0,1.2212471471254174e-14,0.0,20260913
672000,0.9999985119070194,0.9999985119069763,0.9999985119070113,0.9999985119069763,0.9999985119069763,4.3076717457618806e-14,0.0,3.497207731739671e-14,0.0,20260913
673000,0.99999851411815,0.9999985141181068,0.999998514118109,0.9999985141181068,0.9999985141181068,4.318773982979921e-14,0.0,2.220449348575795e-15,0.0,20260913
674000,0.9999985163227199,0.999998516322676,0.9999985163227236,0.9999985163226761,0.9999985163226761,4.374285207050887e-14,1.1102246718403266e-16,4.751761595476598e-14,0.0,20260913
675000,0.9999985185207577,0.9999985185207133,0.9999985185207434,0.9999985185207133,0.9999985185207133,4.440898677600031e-14,0.0,3.0087088540740215e-14,0.0,20260913
676000,0.999998520712292,0.9999985207122474,0.9999985207122798,0.9999985207122475,0.9999985207122475,4.452000914537305e-14,1.1102246669669089e-16,3.230753780873705e-14,0.0,20260913
677000,0.9999985228973517,0.9999985228973074,0.9999985228973359,0.9999985228973074,0.9999985228973074,4.429796411518582e-14,0.0,2.853277387870365e-14,0.0,20260913
678000,0.9999985250759661,0.9999985250759217,0.999998525075941,0.9999985250759217,0.9999985250759217,4.440898648488972e-14,0.0,1.931790912092703e-14,0.0,20260913
679000,0.9999985272481633,0.9999985272481189,0.9999985272481522,0.9999985272481189,0.9999985272481189,4.4408986388424504e-14,0.0,3.3306739791318376e-14,0.0,20260913
680000,0.9999985294139716,0.9999985294139273,0.9999985294139812,0.9999985294139273,0.9999985294139273,4.4297963826512396e-14,0.0,5.3845895879344645e-14,0.0,20260913
681000,0.9999985315734193,0.999998531573375,0.999998531573418,0.999998531573375,0.999998531573375,4.429796373085312e-14,0.0,4.29656941449628e-14,0.0,20260913
682000,0.9999985337265345,0.9999985337264901,0.9999985337265217,0.9999985337264902,0.9999985337264902,4.4297963635474367e-14,1.1102246525181545e-16,3.153038013151559e-14,0.0,20260913
683000,0.9999985358733446,0.9999985358733002,0.9999985358733203,0.9999985358733003,0.9999985358733003,4.4297963540374906e-14,1.1102246501347094e-16,1.998404370242477e-14,0.0,20260913
684000,0.9999985380138773,0.9999985380138333,0.999998538013843,0.9999985380138333,0.9999985380138333,4.3964896051226045e-14,0.0,9.658954435496632e-15,0.0,20260913
685000,0.9999985401481606,0.9999985401481165,0.9999985401481044,0.9999985401481165,0.9999985401481166,4.3964895957392365e-14,1.110224645388696e-16,1.2212471099275658e-14,1.110224645388696e-16,20260913
686000,0.9999985422762215,0.9999985422761773,0.9999985422761957,0.9999985422761775,0.9999985422761775,4.407591832813486e-14,1.110224643026067e-16,1.82076841456275e-14,0.0,20260913
687000,0.9999985443980873,0.999998544398043,0.9999985443980378,0.999998544398043,0.9999985443980431,4.418694069867858e-14,1.1102246406703161e-16,5.329078275217517e-15,1.1102246406703161e-16,20260913
688000,0.9999985465137847,0.9999985465137405,0.9999985465137663,0.9999985465137405,0.9999985465137405,4.4186940605192245e-14,0.0,2.5757211609056788e-14,0.0,20260913
689000,0.9999985486233409,0.9999985486232966,0.9999985486233492,0.9999985486232966,0.9999985486232966,4.429796297557522e-14,0.0,5.262464774542018e-14,0.0,20260913
690000,0.9999985507267823,0.999998550726738,0.9999985507267768,0.999998550726738,0.999998550726738,4.429796288239691e-14,0.0,3.874683971417675e-14,0.0,20260913
691000,0.9999985528241356,0.9999985528240913,0.999998552824119,0.9999985528240914,0.9999985528240914,4.418694032635674e-14,1.110224631315496e-16,2.75335708566243e-14,0.0,20260913
692000,0.9999985549154274,0.999998554915383,0.9999985549153938,0.999998554915383,0.999998554915383,4.4408985159747574e-14,0.0,1.0769178901238787e-14,0.0,20260913
693000,0.9999985570006834,0.9999985570006392,0.9999985570006872,0.9999985570006392,0.9999985570006392,4.418694014180761e-14,0.0,4.796170387251479e-14,0.0,20260913
694000,0.9999985590799308,0.999998559079886,0.9999985590799142,0.999998559079886,0.9999985590798861,4.4742052362116997e-14,1.1102246243701488e-16,2.8088682996564764e-14,1.1102246243701488e-16,20260913
695000,0.9999985611531943,0.9999985611531493,0.9999985611531438,0.9999985611531494,0.9999985611531494,4.485307473156164e-14,1.1102246220683575e-16,5.6621455725486226e-15,0.0,20260913
696000,0.9999985632204997,0.9999985632204551,0.9999985632204851,0.9999985632204551,0.9999985632204551,4.463102971488186e-14,0.0,2.997606473387587e-14,0.0,20260913
697000,0.9999985652818738,0.9999985652818288,0.9999985652818429,0.9999985652818288,0.9999985652818288,4.4964097008125866e-14,0.0,1.4099852642054285e-14,0.0,20260913
698000,0.999998567337341,0.9999985673372961,0.9999985673373046,0.9999985673372961,0.9999985673372961,4.496409691570351e-14,0.0,8.548729537059679e-15,0.0,20260913
699000,0.9999985693869269,0.9999985693868821,0.9999985693869224,0.9999985693868821,0.9999985693868821,4.4742051900960176e-14,0.0,4.030115344925197e-14,0.0,20260913
700000,0.9999985714306574,0.9999985714306122,0.9999985714306425,0.9999985714306122,0.9999985714306122,4.518614165378259e-14,0.0,3.030913187096473e-14,0.0,20260913
701000,0.9999985734685566,0.9999985734685114,0.9999985734685068,0.9999985734685114,0.9999985734685115,4.50751191008581e-14,1.1102246083955198e-16,4.6629433552611826e-15,1.1102246083955198e-16,20260913
702000,0.99999857550065,0.9999985755006047,0.9999985755006074,0.9999985755006047,0.9999985755006047,4.5297163930489016e-14,0.0,2.7755615153485915e-15,0.0,20260913
703000,0.999998577526962,0.9999985775269167,0.9999985775269558,0.9999985775269168,0.9999985775269168,4.5186141378313717e-14,1.1102246038897718e-16,3.8968883596530996e-14,0.0,20260913
704000,0.9999985795475173,0.9999985795474722,0.9999985795475036,0.9999985795474722,0.9999985795474723,4.496409636668318e-14,1.1102246016464982e-16,3.130833376643125e-14,1.1102246016464982e-16,20260913
705000,0.9999985815623407,0.9999985815622956,0.9999985815623335,0.9999985815622956,0.9999985815622957,4.4964096276088335e-14,1.1102245994095887e-16,3.7747636379926014e-14,1.1102245994095887e-16,20260913
706000,0.9999985835714562,0.9999985835714114,0.9999985835714337,0.9999985835714114,0.9999985835714114,4.485307372603224e-14,0.0,2.2315514403298218e-14,0.0,20260913
707000,0.9999985855748883,0.9999985855748436,0.9999985855748886,0.9999985855748436,0.9999985855748436,4.474205117667654e-14,0.0,4.507511855516297e-14,0.0,20260913
708000,0.9999985875726611,0.9999985875726164,0.9999985875726611,0.9999985875726164,0.9999985875726164,4.474205108729196e-14,0.0,4.474205108729196e-14,0.0,20260913
709000,0.9999985895647985,0.9999985895647537,0.9999985895647757,0.9999985895647537,0.9999985895647537,4.474205099815953e-14,0.0,2.1982446892395996e-14,0.0,20260913
710000,0.9999985915513242,0.9999985915512795,0.999998591551281,0.9999985915512795,0.9999985915512795,4.4742050909278166e-14,0.0,1.5543144236473804e-15,0.0,20260913
711000,0.9999985935322618,0.9999985935322172,0.999998593532206,0.9999985935322172,0.9999985935322172,4.46310283620348e-14,0.0,1.1213268319814713e-14,0.0,20260913
712000,0.9999985955076354,0.9999985955075905,0.9999985955075746,0.9999985955075905,0.9999985955075906,4.474205073226444e-14,1.1102245839271573e-16,1.5987234008551065e-14,1.1102245839271573e-16,20260913
713000,0.9999985974774676,0.9999985974774228,0.9999985974774642,0.9999985974774229,0.9999985974774229,4.463102818595596e-14,1.110224581740198e-16,4.130035444073537e-14,0.0,20260913
714000,0.9999985994417823,0.9999985994417374,0.9999985994417558,0.9999985994417374,0.9999985994417375,4.4742050556242394e-14,1.1102245795593646e-16,1.8318705562729516e-14,1.1102245795593646e-16,20260913
715000,0.9999986014006021,0.9999986014005574,0.9999986014005854,0.9999986014005575,0.9999986014005575,4.4631028010862185e-14,1.1102245773846314e-16,2.786663689235425e-14,0.0,20260913
716000,0.9999986033539505,0.9999986033539059,0.9999986033539406,0.9999986033539059,0.9999986033539059,4.463102792368212e-14,0.0,3.475002920425996e-14,0.0,20260913
717000,0.9999986053018503,0.9999986053018056,0.9999986053018229,0.9999986053018057,0.9999986053018057,4.452000537943989e-14,1.1102245730533637e-16,1.720848088232714e-14,0.0,20260913
718000,0.999998607244324,0.9999986072442796,0.9999986072443148,0.9999986072442796,0.9999986072442796,4.4408982835871143e-14,0.0,3.5194118897427884e-14,0.0,20260913
719000,0.9999986091813946,0.9999986091813502,0.9999986091813399,0.9999986091813502,0.9999986091813502,4.440898274984769e-14,0.0,1.0325088489339587e-14,0.0,20260913
720000,0.9999986111130846,0.9999986111130401,0.9999986111130834,0.9999986111130401,0.9999986111130401,4.452000512072334e-14,0.0,4.3298758097461605e-14,0.0,20260913
721000,0.9999986130394162,0.9999986130393717,0.9999986130393839,0.9999986130393717,0.9999986130393717,4.4520005034962935e-14,0.0,1.2212470209092077e-14,0.0,20260913
722000,0.9999986149604115,0.999998614960367,0.9999986149603985,0.9999986149603671,0.9999986149603671,4.440898249320707e-14,1.1102245623301768e-16,3.1419355113944e-14,0.0,20260913
723000,0.999998616876093,0.9999986168760485,0.9999986168760956,0.9999986168760485,0.9999986168760486,4.440898240813349e-14,1.1102245602033373e-16,4.696249889660116e-14,1.1102245602033373e-16,20260913
724000,0.9999986187864838,0.9999986187864381,0.999998618786483,0.9999986187864381,0.9999986187864381,4.5630229337185524e-14,0.0,4.4853072146527867e-14,0.0,20260913
725000,0.9999986206916031,0.9999986206915576,0.9999986206915634,0.9999986206915576,0.9999986206915576,4.5408184339060916e-14,0.0,5.773167691029749e-15,0.0,20260913
726000,0.9999986225914742,0.9999986225914289,0.9999986225914579,0.9999986225914289,0.9999986225914289,4.529716179740529e-14,0.0,2.897686085569309e-14,0.0,20260913
727000,0.999998624486119,0.9999986244860736,0.9999986244861155,0.9999986244860736,0.9999986244860736,4.54081841667586e-14,0.0,4.196648805631968e-14,0.0,20260913
728000,0.9999986263755587,0.9999986263755132,0.9999986263755474,0.9999986263755132,0.9999986263755132,4.551920653592814e-14,0.0,3.419491612942894e-14,0.0,20260913
729000,0.9999986282598147,0.9999986282597692,0.9999986282597552,0.9999986282597692,0.9999986282597692,4.551920645015818e-14,0.0,1.3988829299316905e-14,0.0,20260913
730000,0.9999986301389081,0.9999986301388628,0.9999986301388928,0.9999986301388628,0.9999986301388628,4.529716145552749e-14,0.0,2.9976062727922604e-14,0.0,20260913
731000,0.9999986320128608,0.9999986320128152,0.99999863201282,0.9999986320128152,0.9999986320128154,4.540818382498245e-14,1.110224543398104e-16,4.662943082272036e-15,1.110224543398104e-16,20260913
732000,0.999998633881693,0.9999986338816477,0.9999986338816482,0.9999986338816477,0.9999986338816477,4.5297161285989726e-14,0.0,5.551122706616388e-16,0.0,20260913
733000,0.9999986357454262,0.999998635745381,0.9999986357454218,0.999998635745381,0.999998635745381,4.529716120156779e-14,0.0,4.0856263044551336e-14,0.0,20260913
734000,0.9999986376040814,0.999998637604036,0.9999986376040627,0.999998637604036,0.999998637604036,4.5408183571094935e-14,0.0,2.6756411346293103e-14,0.0,20260913
735000,0.9999986394576792,0.9999986394576333,0.9999986394576376,0.9999986394576333,0.9999986394576333,4.58522733009794e-14,0.0,4.218853233504158e-15,0.0,20260913
736000,0.9999986413062397,0.9999986413061939,0.9999986413061881,0.9999986413061939,0.9999986413061939,4.585227321621858e-14,0.0,5.7731675720178355e-15,0.0,20260913
737000,0.9999986431497838,0.9999986431497379,0.9999986431497753,0.999998643149738,0.999998643149738,4.585227313168778e-14,1.1102245310336024e-16,3.730354424272904e-14,0.0,20260913
738000,0.9999986449883317,0.9999986449882858,0.9999986449882828,0.999998644988286,0.999998644988286,4.574125059448682e-14,1.1102245289923985e-16,3.108628681178716e-15,0.0,20260913
739000,0.9999986468219036,0.9999986468218581,0.9999986468219002,0.9999986468218581,0.9999986468218581,4.551920560522548e-14,0.0,4.207750957165965e-14,0.0,20260913
740000,0.9999986486505207,0.9999986486504747,0.9999986486504913,0.9999986486504748,0.9999986486504748,4.5852272879466146e-14,1.110224524926541e-16,1.643132296891281e-14,0.0,20260913
741000,0.9999986504742018,0.9999986504741558,0.9999986504741574,0.9999986504741559,0.9999986504741559,4.5852272795846113e-14,1.110224522901843e-16,1.4432918797723958e-15,0.0,20260913
742000,0.9999986522929675,0.9999986522929214,0.9999986522929614,0.9999986522929214,0.9999986522929214,4.607431761662799e-14,0.0,3.996808275177368e-14,0.0,20260913
743000,0.9999986541068372,0.9999986541067912,0.9999986541068391,0.9999986541067912,0.9999986541067912,4.5963295081168184e-14,0.0,4.785067676324514e-14,0.0,20260913
744000,0.9999986559158309,0.999998655915785,0.999998655915808,0.9999986559157851,0.9999986559157851,4.585227254633471e-14,1.1102245168604048e-16,2.2981647499010377e-14,0.0,20260913
745000,0.9999986577199685,0.9999986577199225,0.9999986577199547,0.9999986577199225,0.9999986577199226,4.5963294915096536e-14,1.1102245148574044e-16,3.2085488479378987e-14,1.1102245148574044e-16,20260913
746000,0.9999986595192702,0.9999986595192231,0.9999986595192669,0.9999986595192232,0.9999986595192232,4.7073519345254415e-14,1.1102245128597739e-16,4.374284580667509e-14,0.0,20260913
747000,0.9999986613137536,0.9999986613137064,0.999998661313727,0.9999986613137064,0.9999986613137064,4.718454171186841e-14,0.0,2.065017590213535e-14,0.0,20260913
748000,0.999998663103439,0.9999986631033915,0.9999986631034009,0.9999986631033916,0.9999986631033916,4.740658652919893e-14,1.110224508880537e-16,9.325885874596512e-15,0.0,20260913
749000,0.9999986648883451,0.9999986648882978,0.9999986648883249,0.9999986648882979,0.9999986648882979,4.7184541543202725e-14,1.1102245068988877e-16,2.6978455517642968e-14,0.0,20260913
750000,0.9999986666684916,0.9999986666684444,0.9999986666684973,0.9999986666684444,0.9999986666684444,4.718454145920722e-14,0.0,5.295770888480434e-14,0.0,20260913
751000,0.9999986684438977,0.9999986684438502,0.9999986684438824,0.9999986684438502,0.9999986684438503,4.7406586276025674e-14,1.110224502951421e-16,3.2085488135296067e-14,1.110224502951421e-16,20260913
752000,0.9999986702145818,0.9999986702145343,0.9999986702145713,0.9999986702145343,0.9999986702145343,4.751760864218204e-14,0.0,3.708149833291776e-14,0.0,20260913
753000,0.9999986719805629,0.9999986719805153,0.9999986719805426,0.9999986719805153,0.9999986719805153,4.7628631008169224e-14,0.0,2.7311522676013122e-14,0.0,20260913
754000,0.9999986737418596,0.999998673741812,0.9999986737418077,0.999998673741812,0.9999986737418121,4.751760847457401e-14,1.1102244970694863e-16,4.329875538570996e-15,1.1102244970694863e-16,20260913
755000,0.9999986754984905,0.999998675498443,0.99999867549846,0.999998675498443,0.999998675498443,4.7517608391103e-14,0.0,1.6986434775324204e-14,0.0,20260913
756000,0.9999986772504743,0.9999986772504269,0.9999986772504229,0.9999986772504269,0.9999986772504269,4.740658585853539e-14,0.0,3.9968081754268715e-15,0.0,20260913
757000,0.9999986789978287,0.9999986789977819,0.9999986789978199,0.999998678997782,0.999998678997782,4.662942863183522e-14,1.110224491234172e-16,3.7858655151085264e-14,0.0,20260913
758000,0.9999986807405737,0.9999986807405267,0.9999986807405523,0.9999986807405267,0.9999986807405268,4.696249589736172e-14,1.1102244892993314e-16,2.5535163253884625e-14,1.1102244892993314e-16,20260913
759000,0.9999986824787261,0.9999986824786792,0.9999986824786767,0.9999986824786792,0.9999986824786792,4.6962495815733636e-14,0.0,2.442493872213097e-15,0.0,20260913
760000,0.9999986842123044,0.9999986842122576,0.9999986842122541,0.9999986842122576,0.9999986842122576,4.685147328577587e-14,0.0,3.4416959048792702e-15,0.0,20260913
761000,0.9999986859413267,0.9999986859412799,0.9999986859413129,0.9999986859412799,0.9999986859412799,4.6740450756415983e-14,0.0,3.2973667160702017e-14,0.0,20260913
762000,0.9999986876658115,0.9999986876657642,0.9999986876657897,0.9999986876657642,0.9999986876657642,4.7295562916618085e-14,0.0,2.5535163077047323e-14,0.0,20260913
763000,0.9999986893857754,0.9999986893857281,0.9999986893857493,0.9999986893857282,0.9999986893857282,4.718454038730119e-14,1.1102244797012045e-16,2.1094265114322887e-14,0.0,20260913
764000,0.9999986911012371,0.9999986911011897,0.9999986911011914,0.9999986911011897,0.9999986911011897,4.740658520191716e-14,0.0,1.7763591644746475e-15,0.0,20260913
765000,0.9999986928122137,0.9999986928121662,0.999998692812171,0.9999986928121662,0.9999986928121662,4.7406585120805496e-14,0.0,4.773965246357462e-15,0.0,20260913
766000,0.999998694518723,0.9999986945186755,0.9999986945186822,0.9999986945186755,0.9999986945186755,4.751760748730586e-14,0.0,6.66134684401484e-15,0.0,20260913
767000,0.9999986962207817,0.999998696220735,0.9999986962207859,0.999998696220735,0.999998696220735,4.6740450275948997e-14,0.0,5.084828082276637e-14,0.0,20260913
768000,0.9999986979184089,0.999998697918362,0.9999986979183687,0.999998697918362,0.999998697918362,4.685147264362385e-14,0.0,6.661346821368319e-15,0.0,20260913
769000,0.9999986996116209,0.999998699611574,0.9999986996116225,0.999998699611574,0.999998699611574,4.6962495011129093e-14,0.0,4.851680926681658e-14,0.0,20260913
770000,0.9999987013004348,0.9999987013003879,0.9999987013004153,0.9999987013003879,0.9999987013003879,4.685147248517075e-14,0.0,2.742254432188904e-14,0.0,20260913
771000,0.9999987029848679,0.999998702984821,0.9999987029848388,0.999998702984821,0.9999987029848211,4.685147240625247e-14,1.1102244646031392e-16,1.7763591433650227e-14,1.1102244646031392e-16,20260913
772000,0.999998704664937,0.9999987046648903,0.9999987046649335,0.9999987046648903,0.9999987046648904,4.6629427434991075e-14,1.1102244627378828e-16,4.3076709154229846e-14,1.1102244627378828e-16,20260913
773000,0.9999987063406596,0.9999987063406127,0.9999987063406224,0.9999987063406127,0.9999987063406127,4.685147224902849e-14,0.0,9.658952809633835e-15,0.0,20260913
774000,0.9999987080120518,0.9999987080120051,0.9999987080120571,0.9999987080120052,0.9999987080120052,4.6629427278916826e-14,1.1102244590218292e-16,5.19585046822216e-14,0.0,20260913
775000,0.9999987096791312,0.9999987096790842,0.9999987096791323,0.9999987096790842,0.9999987096790843,4.685147209261598e-14,1.1102244571709947e-16,4.7961696549786973e-14,1.1102244571709947e-16,20260913
776000,0.9999987113419138,0.9999987113418668,0.9999987113418818,0.9999987113418668,0.9999987113418668,4.6962494460244564e-14,0.0,1.4988030146886562e-14,0.0,20260913
777000,0.9999987130004162,0.9999987130003694,0.9999987130003825,0.9999987130003694,0.9999987130003694,4.6851471937008684e-14,0.0,1.3100648551106694e-14,0.0,20260913
778000,0.9999987146546551,0.9999987146546083,0.9999987146546159,0.9999987146546084,0.9999987146546084,4.662942696917564e-14,1.110224451647039e-16,7.438503826035162e-15,0.0,20260913
779000,0.9999987163046471,0.9999987163046004,0.9999987163046271,0.9999987163046004,0.9999987163046004,4.674044933721888e-14,0.0,2.6756409240545725e-14,0.0,20260913
780000,0.9999987179504082,0.9999987179503615,0.9999987179503904,0.9999987179503615,0.9999987179503615,4.6629426815496366e-14,0.0,2.8865835647688225e-14,0.0,20260913
781000,0.9999987195919549,0.9999987195919083,0.999998719591924,0.9999987195919083,0.9999987195919083,4.651840429433533e-14,0.0,1.5654164690933845e-14,0.0,20260913
782000,0.9999987212293034,0.9999987212292567,0.9999987212292792,0.9999987212292567,0.9999987212292567,4.6740449107037936e-14,0.0,2.2537556220258197e-14,0.0,20260913
783000,0.9999987228624699,0.9999987228624229,0.999998722862472,0.9999987228624229,0.9999987228624229,4.7073516363463276e-14,0.0,4.9182942804278843e-14,0.0,20260913
784000,0.9999987244914694,0.9999987244914228,0.99999872449143,0.9999987244914228,0.9999987244914228,4.662942651049004e-14,0.0,7.216458864718696e-15,0.0,20260913
785000,0.9999987261163191,0.9999987261162724,0.999998726116309,0.9999987261162725,0.9999987261162725,4.662942643472413e-14,1.1102244389220032e-16,3.6526384040533905e-14,0.0,20260913
786000,0.9999987277370344,0.9999987277369876,0.9999987277370391,0.9999987277369876,0.9999987277369876,4.674044880286329e-14,0.0,5.151441388249065e-14,0.0,20260913
787000,0.9999987293536322,0.999998729353584,0.999998729353614,0.999998729353584,0.999998729353584,4.818374049322896e-14,0.0,2.9976059753852115e-14,0.0,20260913
788000,0.9999987309661255,0.9999987309660774,0.999998730966089,0.9999987309660774,0.9999987309660775,4.796169552882537e-14,1.1102244335376242e-16,1.1546334108791292e-14,1.1102244335376242e-16,20260913
789000,0.9999987325745313,0.9999987325744834,0.9999987325745211,0.9999987325744835,0.9999987325744835,4.7850673008508204e-14,1.1102244317519303e-16,3.763660823639044e-14,0.0,20260913
790000,0.9999987341788654,0.9999987341788175,0.9999987341788579,0.9999987341788175,0.9999987341788175,4.796169537473672e-14,0.0,4.041216925093557e-14,0.0,20260913
791000,0.999998735779143,0.999998735779095,0.9999987357791186,0.999998735779095,0.9999987357790951,4.785067285516518e-14,1.1102244281940878e-16,2.342573543489525e-14,1.1102244281940878e-16,20260913
792000,0.9999987373753801,0.9999987373753315,0.9999987373753687,0.9999987373753316,0.9999987373753316,4.851680743463724e-14,1.1102244264219048e-16,3.708149584249162e-14,0.0,20260913
793000,0.9999987389675905,0.9999987389675422,0.9999987389675501,0.9999987389675423,0.9999987389675423,4.81837400299919e-14,1.1102244246541913e-16,7.77157097257934e-15,0.0,20260913
794000,0.9999987405557903,0.9999987405557423,0.9999987405557746,0.9999987405557423,0.9999987405557423,4.79616950688882e-14,0.0,3.230753070612608e-14,0.0,20260913
795000,0.999998742139995,0.999998742139947,0.9999987421399492,0.999998742139947,0.999998742139947,4.796169499290697e-14,0.0,2.2204488422642117e-15,0.0,20260913
796000,0.9999987437202194,0.9999987437201712,0.999998743720199,0.9999987437201712,0.9999987437201712,4.8183739800992183e-14,0.0,2.786663292638027e-14,0.0,20260913
797000,0.9999987452964776,0.99999874529643,0.9999987452964878,0.99999874529643,0.99999874529643,4.76286275162282e-14,0.0,5.784269215840301e-14,0.0,20260913
798000,0.999998746868786,0.9999987468687382,0.9999987468687307,0.9999987468687382,0.9999987468687382,4.7739649882929426e-14,0.0,7.549526027998141e-15,0.0,20260913
799000,0.9999987484371584,0.9999987484371108,0.999998748437094,0.9999987484371108,0.9999987484371109,4.75176049252276e-14,1.1102244141408317e-16,1.6875411094940643e-14,1.1102244141408317e-16,20260913
800000,0.9999987500016101,0.9999987500015625,0.9999987500015963,0.9999987500015625,0.9999987500015625,4.7628627292128915e-14,0.0,3.386184457832009e-14,0.0,20260913
801000,0.9999987515621558,0.9999987515621078,0.9999987515621255,0.9999987515621079,0.9999987515621079,4.785067209993646e-14,1.1102244106713796e-16,1.7541545688607797e-14,0.0,20260913
802000,0.9999987531188094,0.9999987531187616,0.9999987531187627,0.9999987531187616,0.9999987531187617,4.7628627143660806e-14,1.1102244089431424e-16,9.99201968048828e-16,1.1102244089431424e-16,20260913
803000,0.9999987546715859,0.9999987546715383,0.9999987546715697,0.9999987546715384,0.9999987546715384,4.751760462898217e-14,1.1102244072192096e-16,3.130832828358171e-14,0.0,20260913
804000,0.9999987562204999,0.9999987562204524,0.9999987562204771,0.9999987562204524,0.9999987562204524,4.7517604555381394e-14,0.0,2.464698180209035e-14,0.0,20260913
805000,0.9999987577655659,0.9999987577655183,0.9999987577655338,0.9999987577655183,0.9999987577655183,4.76286269223419e-14,0.0,1.5543141652978707e-14,0.0,20260913
806000,0.9999987593067983,0.9999987593067502,0.9999987593067684,0.9999987593067502,0.9999987593067502,4.8072716609764275e-14,0.0,1.820768019399848e-14,0.0,20260913
807000,0.9999987608442108,0.9999987608441625,0.9999987608441716,0.9999987608441625,0.9999987608441625,4.829476141592984e-14,0.0,9.103840083002867e-15,0.0,20260913
808000,0.9999987623778176,0.9999987623777693,0.9999987623778036,0.9999987623777693,0.9999987623777693,4.829476134186457e-14,0.0,3.43059339187038e-14,0.0,20260913
809000,0.9999987639076332,0.9999987639075847,0.999998763907593,0.9999987639075848,0.9999987639075848,4.840578370767892e-14,1.110224396965113e-16,8.215660537541834e-15,0.0,20260913
810000,0.9999987654336713,0.9999987654336229,0.9999987654336233,0.9999987654336229,0.9999987654336229,4.840578363380976e-14,0.0,4.440897581083464e-16,0.0,20260913
811000,0.9999987669559462,0.9999987669558976,0.9999987669558816,0.9999987669558977,0.9999987669558977,4.851680599948084e-14,1.1102243935807973e-16,1.609825370692156e-14,0.0,20260913
812000,0.9999987684744713,0.999998768474423,0.9999987684744163,0.999998768474423,0.999998768474423,4.829476104742777e-14,0.0,6.772368790558837e-15,0.0,20260913
813000,0.9999987699892611,0.9999987699892128,0.9999987699892418,0.9999987699892128,0.9999987699892128,4.829476097427127e-14,0.0,2.8976856584562766e-14,0.0,20260913
814000,0.9999987715003289,0.9999987715002807,0.9999987715003117,0.9999987715002807,0.9999987715002807,4.818373846244097e-14,0.0,3.0975260440140625e-14,0.0,20260913
815000,0.99999877300769,0.9999987730076404,0.9999987730076891,0.9999987730076405,0.9999987730076405,4.951600765404504e-14,1.1102243868619965e-16,4.862782814455545e-14,0.0,20260913
816000,0.9999987745113549,0.9999987745113057,0.9999987745113513,0.9999987745113057,0.9999987745113057,4.918294026403168e-14,0.0,4.5630222231415396e-14,0.0,20260913
817000,0.9999987760113392,0.9999987760112901,0.9999987760113314,0.9999987760112901,0.9999987760112901,4.918294019025795e-14,0.0,4.130034706721435e-14,0.0,20260913
818000,0.9999987775076562,0.9999987775076069,0.9999987775076099,0.9999987775076069,0.9999987775076069,4.9293962554851197e-14,0.0,2.9976058310382484e-15,0.0,20260913
819000,0.9999987790003191,0.9999987790002698,0.9999987790002735,0.9999987790002698,0.9999987790002698,4.929396248127184e-14,0.0,3.663740454689123e-15,0.0,20260913
820000,0.9999987804893413,0.999998780489292,0.9999987804893031,0.999998780489292,0.9999987804892921,4.9182939970016374e-14,1.1102243785556742e-16,1.0991221347701176e-14,1.1102243785556742e-16,20260913
821000,0.9999987819747358,0.999998781974687,0.9999987819746757,0.999998781974687,0.999998781974687,4.8849872583888235e-14,0.0,1.1213266206756162e-14,0.0,20260913
822000,0.9999987834565172,0.9999987834564678,0.9999987834564983,0.9999987834564678,0.9999987834564679,4.9293962261607913e-14,1.1102243752614394e-16,3.0420147882163445e-14,1.1102243752614394e-16,20260913
823000,0.9999987849346966,0.9999987849346477,0.9999987849346949,0.9999987849346477,0.9999987849346477,4.896089487665639e-14,0.0,4.718453587886387e-14,0.0,20260913
824000,0.9999987864092895,0.9999987864092398,0.9999987864092514,0.9999987864092398,0.9999987864092398,4.973805186484719e-14,0.0,1.165735590582356e-14,0.0,20260913
825000,0.9999987878803069,0.9999987878802571,0.9999987878802867,0.9999987878802571,0.9999987878802571,4.984907422871657e-14,0.0,2.964299068834593e-14,0.0,20260913
826000,0.9999987893477625,0.9999987893477126,0.9999987893477262,0.9999987893477127,0.9999987893477127,4.9849074155565175e-14,1.110224368720828e-16,1.35447372983941e-14,0.0,20260913
827000,0.999998790811669,0.9999987908116192,0.9999987908116571,0.9999987908116194,0.9999987908116194,4.9627029209171585e-14,1.110224367095561e-16,3.774762848124908e-14,0.0,20260913
828000,0.9999987922720396,0.99999879227199,0.9999987922720386,0.99999879227199,0.99999879227199,4.962702913669764e-14,0.0,4.8627827207770845e-14,0.0,20260913
829000,0.9999987937288872,0.9999987937288375,0.9999987937288326,0.9999987937288375,0.9999987937288375,4.973805150078422e-14,0.0,4.884987200969879e-15,0.0,20260913
830000,0.9999987951822241,0.9999987951821744,0.9999987951822303,0.9999987951821745,0.9999987951821745,4.9627028992273654e-14,1.1102243622432584e-16,5.58442854208359e-14,0.0,20260913
831000,0.9999987966320631,0.9999987966320136,0.9999987966319884,0.9999987966320136,0.9999987966320136,4.9516006484258997e-14,0.0,2.5202092986382943e-14,0.0,20260913
832000,0.9999987980784169,0.9999987980783677,0.9999987980783903,0.9999987980783677,0.9999987980783677,4.918293910493289e-14,0.0,2.264857692416774e-14,0.0,20260913
833000,0.9999987995212982,0.999998799521249,0.9999987995212722,0.999998799521249,0.999998799521249,4.9182939033967656e-14,0.0,2.3203689070201445e-14,0.0,20260913
834000,0.9999988009607195,0.9999988009606703,0.9999988009607206,0.9999988009606703,0.9999988009606703,4.91829389631726e-14,0.0,5.029316331900043e-14,0.0,20260913
835000,0.9999988023966929,0.9999988023966437,0.9999988023966764,0.9999988023966438,0.9999988023966438,4.907191645712376e-14,1.1102243542335693e-16,3.252957357904358e-14,0.0,20260913
836000,0.9999988038292311,0.9999988038291819,0.9999988038291872,0.999998803829182,0.999998803829182,4.907191638682628e-14,1.1102243526431286e-16,5.107032022158391e-15,0.0,20260913
837000,0.9999988052583462,0.9999988052582971,0.999998805258331,0.9999988052582972,0.9999988052582972,4.896089388159113e-14,1.1102243510564882e-16,3.375082027211724e-14,0.0,20260913
838000,0.9999988066840507,0.9999988066840015,0.9999988066839958,0.9999988066840015,0.9999988066840015,4.9182938681682015e-14,0.0,5.7731666172629e-15,0.0,20260913
839000,0.9999988081063564,0.9999988081063074,0.9999988081063194,0.9999988081063074,0.9999988081063074,4.9071916176939294e-14,0.0,1.1990422957261186e-14,0.0,20260913
840000,0.999998809525276,0.9999988095252267,0.9999988095252637,0.9999988095252268,0.9999988095252268,4.918293854194204e-14,1.1102243463192335e-16,3.685944829779855e-14,0.0,20260913
841000,0.9999988109408203,0.9999988109407717,0.9999988109408117,0.9999988109407718,0.9999988109407718,4.8516803865472696e-14,1.110224344747659e-16,3.985705397644096e-14,0.0,20260913
842000,0.999998812353003,0.9999988123529544,0.9999988123529576,0.9999988123529544,0.9999988123529544,4.8627826231276016e-14,0.0,3.219650595221471e-15,0.0,20260913
843000,0.9999988137618355,0.9999988137617867,0.9999988137617916,0.9999988137617868,0.9999988137617868,4.873884859692905e-14,1.1102243416156957e-16,4.773964668947492e-15,0.0,20260913
844000,0.9999988151673295,0.9999988151672805,0.9999988151673251,0.9999988151672806,0.9999988151672806,4.884987096243234e-14,1.1102243400552805e-16,4.4519996036216746e-14,0.0,20260913
845000,0.9999988165694966,0.9999988165694478,0.9999988165694965,0.9999988165694478,0.9999988165694479,4.8738848460086716e-14,1.1102243384985585e-16,4.862782602623686e-14,1.1102243384985585e-16,20260913
846000,0.999998817968349,0.9999988179683003,0.9999988179682741,0.9999988179683003,0.9999988179683003,4.873884839190818e-14,0.0,2.6201294351914193e-14,0.0,20260913
847000,0.9999988193638982,0.9999988193638496,0.9999988193638497,0.9999988193638496,0.9999988193638496,4.862782589035102e-14,0.0,1.110224335396142e-16,0.0,20260913
848000,0.9999988207561564,0.9999988207561076,0.9999988207561089,0.9999988207561076,0.9999988207561076,4.8849870689418544e-14,0.0,1.3322692006205058e-15,0.0,20260913
849000,0.9999988221451342,0.9999988221450857,0.9999988221450854,0.9999988221450858,0.9999988221450858,4.840578088864372e-14,1.1102243323083423e-16,4.440897329233369e-16,0.0,20260913
850000,0.9999988235308441,0.9999988235307958,0.9999988235308392,0.9999988235307958,0.9999988235307958,4.8294758388490277e-14,0.0,4.340977133310276e-14,0.0,20260913
851000,0.9999988249132976,0.9999988249132492,0.9999988249133013,0.9999988249132492,0.9999988249132492,4.840578075464845e-14,0.0,5.2069521041124137e-14,0.0,20260913
852000,0.9999988262925055,0.9999988262924574,0.9999988262924691,0.9999988262924574,0.9999988262924574,4.8072713389575577e-14,0.0,1.1657355440890151e-14,0.0,20260913
853000,0.9999988276684799,0.9999988276684317,0.9999988276684781,0.9999988276684318,0.9999988276684318,4.8072713323428675e-14,1.1102243261761818e-16,4.629635440154678e-14,0.0,20260913
854000,0.9999988290412323,0.9999988290411838,0.9999988290411923,0.9999988290411838,0.9999988290411838,4.8516802987297534e-14,0.0,8.548727299821305e-15,0.0,20260913
855000,0.9999988304107732,0.9999988304107246,0.9999988304107731,0.9999988304107247,0.9999988304107247,4.851680292085171e-14,1.110224323131618e-16,4.840578048853855e-14,0.0,20260913
856000,0.9999988317771143,0.9999988317770656,0.9999988317770645,0.9999988317770657,0.9999988317770657,4.86278252867226e-14,1.1102243216146713e-16,1.2212467537761384e-15,0.0,20260913
857000,0.9999988331402665,0.999998833140218,0.9999988331402265,0.999998833140218,0.9999988331402181,4.8405780356415133e-14,1.1102243201012646e-16,8.43770483276961e-15,1.1102243201012646e-16,20260913
858000,0.9999988345002409,0.9999988345001929,0.9999988345002235,0.9999988345001929,0.9999988345001929,4.796169056314786e-14,0.0,3.064219119312224e-14,0.0,20260913
859000,0.9999988358570493,0.9999988358570013,0.9999988358570289,0.9999988358570013,0.9999988358570013,4.796169049807296e-14,0.0,2.753356306370855e-14,0.0,20260913
860000,0.9999988372107026,0.9999988372106544,0.9999988372107033,0.9999988372106544,0.9999988372106544,4.8183735296265825e-14,0.0,4.8849869885615124e-14,0.0,20260913
861000,0.999998838561211,0.9999988385611631,0.9999988385611672,0.9999988385611631,0.9999988385611631,4.785066793696836e-14,0.0,4.107829962106332e-15,0.0,20260913
862000,0.9999988399085861,0.9999988399085383,0.9999988399085196,0.9999988399085383,0.9999988399085384,4.7628623009978096e-14,1.110224312586902e-16,1.8873813313977335e-14,1.110224312586902e-16,20260913
863000,0.9999988412528388,0.999998841252791,0.9999988412528017,0.9999988412527911,0.9999988412527911,4.7628622945953117e-14,1.1102243110944782e-16,1.0547130955397543e-14,0.0,20260913
864000,0.9999988425939799,0.9999988425939321,0.999998842593951,0.9999988425939321,0.9999988425939322,4.7628622882076335e-14,1.110224309605509e-16,1.8762790832333105e-14,1.110224309605509e-16,20260913
865000,0.9999988439320199,0.9999988439319722,0.99999884393199,0.9999988439319724,0.9999988439319724,4.751760038753526e-14,1.1102243081199828e-16,1.7652566499107724e-14,0.0,20260913
866000,0.9999988452669707,0.9999988452669223,0.9999988452669899,0.9999988452669223,0.9999988452669223,4.8405779769411876e-14,0.0,6.761266027424732e-14,0.0,20260913
867000,0.9999988465988413,0.9999988465987928,0.9999988465988265,0.9999988465987928,0.9999988465987929,4.840577970494157e-14,1.1102243051592103e-16,3.363979644632407e-14,1.1102243051592103e-16,20260913
868000,0.9999988479276426,0.9999988479275945,0.9999988479276196,0.9999988479275945,0.9999988479275945,4.807271234951463e-14,0.0,2.509106926325706e-14,0.0,20260913
869000,0.9999988492533867,0.9999988492533379,0.9999988492533709,0.999998849253338,0.999998849253338,4.86278244368885e-14,1.1102243022120664e-16,3.286263934547716e-14,0.0,20260913
870000,0.9999988505760818,0.9999988505760338,0.9999988505760589,0.9999988505760338,0.9999988505760338,4.807271222219683e-14,0.0,2.509106919680481e-14,0.0,20260913
871000,0.9999988518957406,0.9999988518956924,0.9999988518957492,0.9999988518956924,0.9999988518956924,4.818373458868503e-14,0.0,5.684348412305699e-14,0.0,20260913
872000,0.9999988532123727,0.9999988532123243,0.9999988532123067,0.9999988532123243,0.9999988532123243,4.8405779384808055e-14,0.0,1.7541543905503838e-14,0.0,20260913
873000,0.9999988545259881,0.9999988545259398,0.9999988545259926,0.9999988545259398,0.9999988545259398,4.829475689158557e-14,0.0,5.273565407701873e-14,0.0,20260913
874000,0.9999988558365979,0.9999988558365493,0.9999988558365895,0.9999988558365493,0.9999988558365493,4.851680168727057e-14,0.0,4.019011947549645e-14,0.0,20260913
875000,0.9999988571442118,0.9999988571441633,0.9999988571441979,0.9999988571441633,0.9999988571441633,4.851680162382926e-14,0.0,3.463899795568588e-14,0.0,20260913
876000,0.9999988584488401,0.9999988584487917,0.9999988584488448,0.9999988584487917,0.9999988584487918,4.829475670213217e-14,1.1102242920030385e-16,5.306872115774524e-14,1.1102242920030385e-16,20260913
877000,0.9999988597504931,0.9999988597504449,0.9999988597504955,0.999998859750445,0.999998859750445,4.80727117811575e-14,1.1102242905579097e-16,5.05152052203849e-14,0.0,20260913
878000,0.9999988610491815,0.9999988610491332,0.9999988610491379,0.9999988610491332,0.9999988610491332,4.8294756576549176e-14,0.0,4.773964443199114e-15,0.0,20260913
879000,0.999998862344915,0.9999988623448665,0.9999988623448799,0.9999988623448665,0.9999988623448665,4.8516801371507486e-14,0.0,1.3433713880897954e-14,0.0,20260913
880000,0.9999988636377033,0.9999988636376549,0.9999988636377,0.9999988636376549,0.999998863637655,4.8294756451537e-14,1.11022428624223e-16,4.496408359281031e-14,1.11022428624223e-16,20260913
881000,0.999998864927557,0.9999988649275086,0.9999988649275262,0.9999988649275086,0.9999988649275086,4.840577881772479e-14,0.0,1.7652566128482206e-14,0.0,20260913
882000,0.999998866214487,0.9999988662144373,0.9999988662144448,0.9999988662144373,0.9999988662144375,4.9516003038811345e-14,1.1102242833814202e-16,7.327480270317374e-15,1.1102242833814202e-16,20260913
883000,0.9999988674985005,0.9999988674984512,0.9999988674984479,0.9999988674984512,0.9999988674984513,4.9182935690645274e-14,1.1102242819558753e-16,3.441695274063213e-15,1.1102242819558753e-16,20260913
884000,0.9999988687796093,0.9999988687795601,0.9999988687795988,0.9999988687795602,0.9999988687795602,4.907191319958315e-14,1.1102242805335554e-16,3.852478253451437e-14,0.0,20260913
885000,0.9999988700578228,0.9999988700577739,0.9999988700577798,0.9999988700577739,0.999998870057774,4.884986828103579e-14,1.1102242791144498e-16,5.773166251395139e-15,1.1102242791144498e-16,20260913
886000,0.9999988713331514,0.9999988713331023,0.9999988713331465,0.9999988713331023,0.9999988713331023,4.907191307427581e-14,0.0,4.41869262524022e-14,0.0,20260913
887000,0.9999988726056043,0.9999988726055551,0.9999988726055624,0.9999988726055551,0.9999988726055551,4.9182935439462634e-14,0.0,7.327480223486533e-15,0.0,20260913
888000,0.9999988738751914,0.999998873875142,0.999998873875161,0.999998873875142,0.9999988738751421,4.929395780450818e-14,1.1102242748763104e-16,1.8873812672897277e-14,1.1102242748763104e-16,20260913
889000,0.9999988751419214,0.9999988751418727,0.9999988751418983,0.9999988751418727,0.9999988751418727,4.8738845605330966e-14,0.0,2.564618071715593e-14,0.0,20260913
890000,0.9999988764058055,0.9999988764057568,0.9999988764058109,0.9999988764057568,0.9999988764057568,4.873884554373065e-14,0.0,5.406792204965108e-14,0.0,20260913
891000,0.9999988776668526,0.999998877666804,0.999998877666867,0.999998877666804,0.999998877666804,4.862782305520192e-14,0.0,6.306073857386916e-14,0.0,20260913
892000,0.9999988789250724,0.9999988789250236,0.9999988789250148,0.9999988789250236,0.9999988789250236,4.884986784787133e-14,0.0,8.770771727231444e-15,0.0,20260913
893000,0.9999988801804739,0.9999988801804253,0.9999988801804274,0.9999988801804253,0.9999988801804254,4.851680050618224e-14,1.110224267876024e-16,1.998403682176843e-15,1.110224267876024e-16,20260913
894000,0.9999988814330671,0.9999988814330185,0.9999988814330264,0.9999988814330185,0.9999988814330185,4.86278228720589e-14,0.0,7.882592292046079e-15,0.0,20260913
895000,0.9999988826828614,0.9999988826828126,0.9999988826827794,0.9999988826828127,0.9999988826828127,4.873884523779385e-14,1.1102242650978098e-16,3.3306727952934294e-14,0.0,20260913
896000,0.9999988839298658,0.999998883929817,0.9999988839298541,0.9999988839298171,0.9999988839298171,4.8738845177016224e-14,1.1102242637133537e-16,3.708149040802601e-14,0.0,20260913
897000,0.99999888517409,0.999998885174041,0.9999988851740197,0.999998885174041,0.999998885174041,4.8960889968840516e-14,0.0,2.1316305836774102e-14,0.0,20260913
898000,0.9999988864155427,0.999998886415494,0.9999988864155004,0.999998886415494,0.999998886415494,4.873884505586707e-14,0.0,6.4393007135314126e-15,0.0,20260913
899000,0.9999988876542335,0.999998887654185,0.9999988876542124,0.999998887654185,0.999998887654185,4.851680014357894e-14,0.0,2.7422539211588097e-14,0.0,20260913
900000,0.9999988888901717,0.9999988888901234,0.9999988888901405,0.9999988888901234,0.9999988888901234,4.8294755231973836e-14,0.0,1.7097453576376944e-14,0.0,20260913
901000,0.999998890123367,0.9999988901233183,0.9999988901233439,0.9999988901233183,0.9999988901233184,4.851680002378435e-14,1.1102242568371705e-16,2.5424135481571203e-14,1.1102242568371705e-16,20260913
902000,0.9999988913538275,0.999998891353779,0.9999988913537818,0.999998891353779,0.999998891353779,4.851679996408628e-14,0.0,2.8865830642248127e-15,0.0,20260913
903000,0.9999988925815627,0.9999988925815143,0.9999988925815408,0.9999988925815143,0.9999988925815143,4.840577747910962e-14,0.0,2.653435967318165e-14,0.0,20260913
904000,0.999998893806582,0.9999988938065334,0.9999988938065433,0.9999988938065334,0.9999988938065334,4.8627822270361146e-14,0.0,9.880995849456945e-15,0.0,20260913
905000,0.9999988950288944,0.9999988950288452,0.9999988950288641,0.9999988950288452,0.9999988950288453,4.9071911911479087e-14,1.1102242513909295e-16,1.876278984850671e-14,1.1102242513909295e-16,20260913
906000,0.9999988962485077,0.9999988962484588,0.9999988962484355,0.9999988962484588,0.9999988962484588,4.8849867001622876e-14,0.0,2.3314709250774554e-14,0.0,20260913
907000,0.9999988974654318,0.9999988974653832,0.9999988974653812,0.9999988974653832,0.9999988974653832,4.8627822092439053e-14,0.0,1.998403647634482e-15,0.0,20260913
908000,0.9999988986796756,0.999998898679627,0.9999988986796331,0.999998898679627,0.999998898679627,4.862782203339296e-14,0.0,6.106233360357563e-15,0.0,20260913
909000,0.999998899891248,0.9999988998911992,0.9999988998912391,0.9999988998911993,0.9999988998911993,4.873884439907603e-14,1.1102242459926202e-16,3.985705043113507e-14,0.0,20260913
910000,0.9999989011001574,0.9999989011001086,0.9999989011001444,0.9999989011001087,0.9999989011001087,4.873884434015512e-14,1.1102242446504582e-16,3.5749220677744755e-14,0.0,20260913
911000,0.999998902306413,0.999998902306364,0.9999989023063407,0.9999989023063641,0.9999989023063641,4.884986670569468e-14,1.1102242433112428e-16,2.3425731533867224e-14,0.0,20260913
912000,0.9999989035100229,0.9999989035099742,0.9999989035100016,0.9999989035099742,0.9999989035099742,4.8627821798503434e-14,0.0,2.7422538776781617e-14,0.0,20260913
913000,0.9999989047109966,0.9999989047109477,0.9999989047109988,0.9999989047109478,0.9999989047109478,4.8849866588230965e-14,1.1102242406416128e-16,5.107031506951419e-14,0.0,20260913
914000,0.9999989059093419,0.9999989059092933,0.9999989059093182,0.9999989059092933,0.9999989059092933,4.8627821681829644e-14,0.0,2.486902296057041e-14,0.0,20260913
915000,0.9999989071050687,0.9999989071050195,0.9999989071050494,0.9999989071050196,0.9999989071050196,4.907191131887748e-14,1.1102242379836534e-16,2.975400957796191e-14,0.0,20260913
916000,0.9999989082981838,0.999998908298135,0.9999989082981571,0.999998908298135,0.9999989082981351,4.873884398933125e-14,1.110224236659026e-16,2.198243988584872e-14,1.110224236659026e-16,20260913
917000,0.9999989094886976,0.9999989094886482,0.999998909488686,0.9999989094886483,0.9999989094886483,4.929395604897559e-14,1.1102242353372881e-16,3.763660157793406e-14,0.0,20260913
918000,0.9999989106766165,0.9999989106765679,0.9999989106765839,0.9999989106765679,0.9999989106765679,4.8627821450007216e-14,0.0,1.5987228969865384e-14,0.0,20260913
919000,0.9999989118619512,0.9999989118619022,0.9999989118618998,0.9999989118619022,0.9999989118619023,4.8960888662177655e-14,1.1102242327024412e-16,2.4424933119453706e-15,1.1102242327024412e-16,20260913
920000,0.9999989130447087,0.9999989130446597,0.9999989130447089,0.9999989130446597,0.9999989130446597,4.896088860426874e-14,0.0,4.91829334505466e-14,0.0,20260913
921000,0.9999989142248978,0.9999989142248488,0.9999989142248543,0.9999989142248488,0.9999989142248489,4.896088854648556e-14,1.1102242300790377e-16,5.440098727387285e-15,1.1102242300790377e-16,20260913
922000,0.9999989154025269,0.9999989154024779,0.999998915402506,0.9999989154024779,0.9999989154024779,4.90719109117049e-14,0.0,2.8088672987921583e-14,0.0,20260913
923000,0.9999989165776041,0.9999989165775551,0.9999989165775736,0.9999989165775551,0.9999989165775551,4.896088843129485e-14,0.0,1.8429722175952257e-14,0.0,20260913
924000,0.9999989177501377,0.999998917750089,0.9999989177501191,0.999998917750089,0.999998917750089,4.8738843528653447e-14,0.0,3.008707652907764e-14,0.0,20260913
925000,0.9999989189201363,0.9999989189200876,0.9999989189201423,0.9999989189200876,0.9999989189200876,4.862782104914237e-14,0.0,5.46230318634202e-14,0.0,20260913
926000,0.9999989200876083,0.9999989200875593,0.9999989200875831,0.9999989200875593,0.9999989200875593,4.896088825944174e-14,0.0,2.37587983844003e-14,0.0,20260913
927000,0.9999989212525611,0.9999989212525121,0.9999989212525443,0.9999989212525121,0.9999989212525121,4.896088820240456e-14,0.0,3.219650244602567e-14,0.0,20260913
928000,0.999998922415003,0.9999989224149542,0.9999989224149848,0.9999989224149542,0.9999989224149542,4.873884330129306e-14,0.0,3.05311660771198e-14,0.0,20260913
929000,0.999998923574943,0.9999989235748938,0.999998923574888,0.9999989235748938,0.9999989235748938,4.918293293263824e-14,0.0,5.884188364401415e-15,0.0,20260913
930000,0.9999989247323877,0.999998924732339,0.9999989247323408,0.999998924732339,0.999998924732339,4.8738843188346286e-14,0.0,1.7763587494613683e-15,0.0,20260913
931000,0.9999989258873464,0.9999989258872976,0.9999989258873454,0.9999989258872977,0.9999989258872977,4.8738843132054876e-14,1.1102242171310906e-16,4.7739641336636895e-14,0.0,20260913
932000,0.999998927039827,0.9999989270397778,0.999998927039785,0.9999989270397779,0.9999989270397779,4.907191034063974e-14,1.1102242158515777e-16,7.105434981450097e-15,0.0,20260913
933000,0.9999989281898363,0.9999989281897875,0.9999989281898416,0.9999989281897875,0.9999989281897875,4.873884301983407e-14,0.0,5.406791924979314e-14,0.0,20260913
934000,0.9999989293373834,0.9999989293373347,0.9999989293373233,0.9999989293373347,0.9999989293373348,4.86278205425738e-14,1.1102242133007718e-16,1.1546331818328026e-14,1.1102242133007718e-16,20260913
935000,0.999998930482476,0.9999989304824273,0.9999989304824632,0.9999989304824273,0.9999989304824273,4.873884290809334e-14,0.0,3.5971264469754536e-14,0.0,20260913
936000,0.9999989316251219,0.999998931625073,0.9999989316251182,0.999998931625073,0.999998931625073,4.8849865273478134e-14,0.0,4.518612537796727e-14,0.0,20260913
937000,0.9999989327653288,0.9999989327652798,0.9999989327653179,0.9999989327652798,0.9999989327652798,4.896088763872862e-14,0.0,3.8080690385677816e-14,0.0,20260913
938000,0.9999989339031047,0.9999989339030555,0.9999989339030997,0.9999989339030555,0.9999989339030555,4.9182932424668413e-14,0.0,4.418692348762535e-14,0.0,20260913
939000,0.9999989350384574,0.9999989350384078,0.9999989350384526,0.9999989350384079,0.9999989350384079,4.951599963091978e-14,1.1102242069712956e-16,4.4742035540943216e-14,0.0,20260913
940000,0.9999989361713939,0.9999989361713445,0.9999989361713915,0.9999989361713445,0.9999989361713445,4.940497715424989e-14,0.0,4.696248390168023e-14,0.0,20260913
941000,0.9999989373019225,0.9999989373018732,0.9999989373019151,0.9999989373018732,0.9999989373018732,4.929395467795025e-14,0.0,4.1966474928525214e-14,0.0,20260913
942000,0.9999989384300516,0.9999989384300016,0.9999989384300405,0.9999989384300016,0.9999989384300016,4.9960089144263795e-14,0.0,3.885784711220517e-14,0.0,20260913
943000,0.9999989395557867,0.9999989395557375,0.9999989395557517,0.9999989395557375,0.9999989395557375,4.9182932146652645e-14,0.0,1.4210869785037333e-14,0.0,20260913
944000,0.9999989406791381,0.9999989406790882,0.9999989406791022,0.9999989406790882,0.9999989406790882,4.9849066611828226e-14,0.0,1.398882492893175e-14,0.0,20260913
945000,0.999998941800111,0.9999989418000615,0.9999989418000859,0.9999989418000615,0.9999989418000615,4.940497687616296e-14,0.0,2.431390996826896e-14,0.0,20260913
946000,0.9999989429187145,0.999998942918665,0.9999989429186856,0.999998942918665,0.999998942918665,4.9515999240720565e-14,0.0,2.0650170086937274e-14,0.0,20260913
947000,0.9999989440349561,0.999998944034906,0.9999989440349228,0.999998944034906,0.999998944034906,5.018213370363861e-14,0.0,1.6875407794143957e-14,0.0,20260913
948000,0.9999989451488421,0.999998945148792,0.9999989451487931,0.9999989451487921,0.9999989451487921,5.0071111228166724e-14,1.1102241957464905e-16,9.992017761718415e-16,0.0,20260913
949000,0.9999989462603804,0.9999989462603306,0.99999894626038,0.9999989462603306,0.9999989462603306,4.9849066333608205e-14,0.0,4.9404976655803235e-14,0.0,20260913
950000,0.9999989473695787,0.999998947369529,0.999998947369555,0.9999989473695291,0.9999989473695291,4.9627021439659444e-14,1.110224193280972e-16,2.5868223703446646e-14,0.0,20260913
951000,0.9999989484764445,0.9999989484763948,0.9999989484764108,0.9999989484763948,0.9999989484763949,4.962702138472893e-14,1.1102241920521015e-16,1.587620594634505e-14,1.1102241920521015e-16,20260913
952000,0.9999989495809852,0.9999989495809353,0.9999989495810002,0.9999989495809353,0.9999989495809353,4.996008858716157e-14,0.0,6.494811516331004e-14,0.0,20260913
953000,0.999998950683208,0.9999989506831577,0.9999989506831686,0.9999989506831577,0.9999989506831577,5.029315578897501e-14,0.0,1.0880197058100555e-14,0.0,20260913
954000,0.9999989517831191,0.9999989517830694,0.9999989517830818,0.9999989517830694,0.9999989517830694,4.973804363946645e-14,0.0,1.2434510909866612e-14,0.0,20260913
955000,0.9999989528807273,0.9999989528806775,0.9999989528806895,0.9999989528806776,0.9999989528806776,4.962702116615727e-14,1.110224187162355e-16,1.18793988026372e-14,0.0,20260913
956000,0.9999989539760396,0.9999989539759895,0.9999989539760215,0.9999989539759896,0.9999989539759896,4.996008836758404e-14,1.110224185946312e-16,3.1863434136659155e-14,0.0,20260913
957000,0.9999989550690621,0.9999989550690124,0.9999989550690244,0.9999989550690125,0.9999989550690125,4.9627021057556616e-14,1.1102241847328102e-16,1.187939877664107e-14,0.0,20260913
958000,0.9999989561598032,0.9999989561597534,0.9999989561597754,0.9999989561597534,0.9999989561597535,4.962702100342633e-14,1.1102241835218419e-16,2.1871416415380285e-14,1.1102241835218419e-16,20260913
959000,0.9999989572482693,0.9999989572482197,0.9999989572482136,0.9999989572482197,0.9999989572482197,4.95159985311776e-14,0.0,6.106233002723695e-15,0.0,20260913
960000,0.9999989583344682,0.9999989583344183,0.9999989583344239,0.9999989583344184,0.9999989583344184,4.9738043313614824e-14,1.110224181107474e-16,5.440098487426622e-15,0.0,20260913
961000,0.9999989594184058,0.9999989594183565,0.9999989594183881,0.9999989594183565,0.9999989594183565,4.929395358774019e-14,0.0,3.164138912726566e-14,0.0,20260913
962000,0.9999989605000903,0.999998960500041,0.999998960500075,0.999998960500041,0.9999989605000411,4.918293111654931e-14,1.1102241787031447e-16,3.386183745044591e-14,1.1102241787031447e-16,20260913
963000,0.9999989615795287,0.9999989615794791,0.9999989615794951,0.9999989615794791,0.9999989615794791,4.962702073446122e-14,0.0,1.5987228156068043e-14,0.0,20260913
964000,0.9999989626567275,0.9999989626566776,0.9999989626566996,0.9999989626566778,0.9999989626566778,4.973804309863388e-14,1.110224176308792e-16,2.1871416273283203e-14,0.0,20260913
965000,0.9999989637316934,0.9999989637316438,0.9999989637316467,0.9999989637316438,0.9999989637316438,4.962702062765559e-14,0.0,2.8865828552998775e-15,0.0,20260913
966000,0.9999989648044336,0.9999989648043842,0.9999989648043939,0.9999989648043842,0.9999989648043842,4.940497573963375e-14,0.0,9.65895031314188e-15,0.0,20260913
967000,0.9999989658749555,0.999998965874906,0.9999989658749218,0.999998965874906,0.999998965874906,4.951599810401818e-14,0.0,1.5765183252848835e-14,0.0,20260913
968000,0.9999989669432655,0.9999989669432159,0.9999989669432309,0.999998966943216,0.999998966943216,4.9515998051119683e-14,1.1102241715497688e-16,1.4877003898766902e-14,0.0,20260913
969000,0.99999896800937,0.9999989680093209,0.9999989680093725,0.999998968009321,0.999998968009321,4.907190833018392e-14,1.110224170366152e-16,5.151440150498945e-14,0.0,20260913
970000,0.9999989690732768,0.9999989690732277,0.9999989690732594,0.9999989690732277,0.9999989690732277,4.907190827797593e-14,0.0,3.164138882177181e-14,0.0,20260913
971000,0.9999989701349923,0.9999989701349432,0.9999989701349835,0.9999989701349432,0.9999989701349432,4.9071908225875474e-14,0.0,4.0301137298626236e-14,0.0,20260913
972000,0.9999989711945236,0.999998971194474,0.9999989711945254,0.9999989711944741,0.9999989711944741,4.9515997840614177e-14,1.1102241668299144e-16,5.1292356507542044e-14,0.0,20260913
973000,0.9999989722518758,0.999998972251827,0.9999989722518562,0.9999989722518271,0.9999989722518271,4.873884087229903e-14,1.1102241656560144e-16,2.908787314018757e-14,0.0,20260913
974000,0.9999989733070583,0.9999989733070089,0.9999989733070533,0.9999989733070089,0.9999989733070089,4.940497531956135e-14,0.0,4.440896657938099e-14,0.0,20260913
975000,0.999998974360075,0.9999989743600263,0.9999989743600587,0.9999989743600263,0.9999989743600263,4.873884076954774e-14,0.0,3.24185455688108e-14,0.0,20260913
976000,0.9999989754109352,0.9999989754108858,0.9999989754108937,0.9999989754108858,0.9999989754108859,4.929395279940438e-14,1.1102241621487472e-16,7.771569135041231e-15,1.1102241621487472e-16,20260913
977000,0.9999989764596432,0.9999989764595941,0.9999989764595988,0.9999989764595942,0.9999989764595942,4.896088549941402e-14,1.1102241609844447e-16,4.551919060036224e-15,0.0,20260913
978000,0.9999989775062068,0.999998977506158,0.9999989775061854,0.999998977506158,0.999998977506158,4.884986303219102e-14,0.0,2.7422536747616325e-14,0.0,20260913
979000,0.9999989785506322,0.9999989785505836,0.9999989785505597,0.9999989785505837,0.9999989785505837,4.8516795733572024e-14,1.1102241586629752e-16,2.3980841827120267e-14,0.0,20260913
980000,0.9999989795929269,0.9999989795928779,0.9999989795929212,0.999998979592878,0.999998979592878,4.896088534600551e-14,1.110224157505794e-16,4.318771972697538e-14,0.0,20260913
981000,0.9999989806330963,0.9999989806330473,0.9999989806330946,0.9999989806330473,0.9999989806330473,4.9071907710712946e-14,0.0,4.729554906055139e-14,0.0,20260913
982000,0.9999989816711471,0.999998981671098,0.9999989816710866,0.9999989816710981,0.9999989816710981,4.896088524425391e-14,1.1102241551985013e-16,1.1546331214064413e-14,0.0,20260913
983000,0.999998982707086,0.9999989827070369,0.9999989827070452,0.9999989827070369,0.9999989827070369,4.9071907608938214e-14,0.0,8.326681155362819e-15,0.0,20260913
984000,0.9999989837409194,0.9999989837408702,0.9999989837408652,0.9999989837408702,0.9999989837408702,4.9293952388786114e-14,0.0,4.996008688052646e-15,0.0,20260913
985000,0.9999989847726531,0.9999989847726043,0.9999989847726694,0.9999989847726043,0.9999989847726043,4.8849862677225754e-14,0.0,6.505913529285066e-14,0.0,20260913
986000,0.9999989858022942,0.9999989858022456,0.9999989858022834,0.9999989858022457,0.9999989858022457,4.8516795381744264e-14,1.110224150611997e-16,3.77476211208079e-14,0.0,20260913
987000,0.999998986829849,0.9999989868298005,0.9999989868297972,0.9999989868298006,0.9999989868298006,4.8405772916943425e-14,1.1102241494711796e-16,3.4416948633606564e-15,0.0,20260913
988000,0.9999989878553242,0.9999989878552754,0.9999989878553202,0.9999989878552754,0.9999989878552754,4.8738840111804275e-14,0.0,4.4742033177806655e-14,0.0,20260913
989000,0.9999989888787252,0.9999989888786766,0.9999989888787424,0.9999989888786766,0.9999989888786766,4.862781764720519e-14,0.0,6.583629192875041e-14,0.0,20260913
990000,0.9999989899000584,0.9999989899000101,0.9999989898999949,0.9999989899000102,0.9999989899000102,4.818372793911489e-14,1.1102241460625552e-16,1.532109321566326e-14,0.0,20260913
991000,0.9999989909193313,0.9999989909192826,0.9999989909193222,0.9999989909192826,0.9999989909192826,4.873883996246797e-14,0.0,3.9635001974034315e-14,0.0,20260913
992000,0.9999989919365481,0.9999989919365,0.9999989919364929,0.9999989919365001,0.9999989919365001,4.79616830122288e-14,1.1102241438015926e-16,7.216456934710352e-15,0.0,20260913
993000,0.9999989929517171,0.9999989929516687,0.9999989929516515,0.9999989929516687,0.9999989929516687,4.8405772620609366e-14,0.0,1.7208474211455166e-14,0.0,20260913
994000,0.9999989939648429,0.9999989939647947,0.9999989939648273,0.9999989939647947,0.9999989939647949,4.807270532910324e-14,1.1102241415497285e-16,3.2418544933252073e-14,1.1102241415497285e-16,20260913
995000,0.9999989949759324,0.9999989949758844,0.9999989949758807,0.9999989949758844,0.9999989949758844,4.796168286645467e-14,0.0,3.663739663409731e-15,0.0,20260913
996000,0.999998995984992,0.9999989959849438,0.9999989959849785,0.9999989959849438,0.9999989959849438,4.8183727645919815e-14,0.0,3.4750015560306224e-14,0.0,20260913
997000,0.9999989969920273,0.9999989969919789,0.9999989969919668,0.9999989969919789,0.9999989969919789,4.840577242503483e-14,0.0,1.2101443106258708e-14,0.0,20260913
998000,0.999998997997044,0.999998997996996,0.9999989979970517,0.999998997996996,0.999998997996996,4.7961682721556926e-14,0.0,5.5733251681068466e-14,0.0,20260913
999000,0.9999989990000487,0.999998999000001,0.9999989990000088,0.999998999000001,0.999998999000001,4.7739637846259166e-14,0.0,7.771568951716608e-15,0.0,20260913
1000000,0.9999990000010476,0.999999000001,0.9999990000010327,0.999999000001,0.999999000001,4.762861538498697e-14,0.0,3.2751611978021344e-14,0.0,20260913
