N,b_directa,b_telescopica,b_referencia,error_b_directa,error_b_telescopica,c_racionalizada,c_sustractiva,diferencia_c
1,0.5,0.5,0.5,0.0,0.0,0.4142135623730951,0.41421356237309515,5.551115123125783e-17
10,0.9090909090909091,0.909090909090909,0.9090909090909091,0.0,1.2212453270876723e-16,1.356033188972261,1.3560331889722608,2.220446049250313e-16
20,0.9523809523809522,0.9523809523809521,0.9523809523809523,1.1657341758564144e-16,2.331468351712829e-16,1.6900030914172015,1.6900030914172042,2.6645352591003757e-15
30,0.9677419354838708,0.9677419354838707,0.967741935483871,2.2944609175586566e-16,3.4416913763379854e-16,1.8885454340288446,1.8885454340288461,1.5543122344752192e-15
40,0.9756097560975606,0.9756097560975605,0.975609756097561,3.4139358007223566e-16,4.551914400963142e-16,2.0302943302117433,2.0302943302117464,3.1086244689504383e-15
50,0.9803921568627446,0.9803921568627445,0.9803921568627451,4.529709940470639e-16,5.662137425588299e-16,2.140611890167559,2.1406118901675635,4.440892098500626e-15
60,0.9836065573770487,0.9836065573770486,0.9836065573770492,4.51490696680897e-16,5.643633708511212e-16,2.2309369978850877,2.230936997885089,1.3322676295501878e-15
70,0.9859154929577462,0.985915492957746,0.9859154929577465,3.378250060645119e-16,4.504333414193492e-16,2.3074156707792284,2.307415670779215,1.3322676295501878e-14
80,0.9876543209876542,0.987654320987654,0.9876543209876543,1.124100812432971e-16,2.248201624865942e-16,2.3737340018231246,2.3737340018231032,2.1316282072803006e-14
90,0.9890109890109888,0.9890109890109887,0.989010989010989,2.245117672019761e-16,3.3676765080296414e-16,2.43227765038793,2.432277650387925,5.329070518200751e-15
100,0.9900990099009898,0.9900990099009896,0.9900990099009901,3.3639757646142246e-16,4.485301019485632e-16,2.4846796648839415,2.4846796648839353,6.217248937900877e-15
110,0.9909909909909906,0.9909909909909905,0.990990990990991,3.360947883637974e-16,4.481263844850632e-16,2.5321071359675007,2.5321071359675154,1.4654943925052066e-14
120,0.9917355371900822,0.9917355371900821,0.9917355371900827,4.477899532654798e-16,5.597374415818498e-16,2.575423166266878,2.575423166266895,1.7319479184152442e-14
130,0.99236641221374,0.9923664122137399,0.9923664122137404,4.475052806950631e-16,5.593816008688289e-16,2.615284057370286,2.615284057370297,1.1102230246251565e-14
140,0.9929078014184393,0.9929078014184392,0.9929078014184397,4.472612756347059e-16,5.590765945433824e-16,2.652200516646217,2.6522005166462117,5.329070518200751e-15
150,0.9933774834437081,0.993377483443708,0.9933774834437086,4.470498045823963e-16,5.588122557279954e-16,2.686577772017258,2.68657777201721,4.796163466380676e-14
160,0.9937888198757759,0.9937888198757758,0.9937888198757764,4.468647674116255e-16,5.585809592645319e-16,2.7187427570462557,2.7187427570461518,1.0391687510491465e-13
170,0.9941520467836251,0.994152046783625,0.9941520467836257,5.583768741497111e-16,6.700522489796534e-16,2.7489630657951265,2.7489630657950324,9.414691248821327e-14
180,0.9944751381215463,0.9944751381215462,0.994475138121547,6.698345581905111e-16,7.8147365122226295e-16,2.777460497495944,2.7774604974958033,1.4077627952246985e-13
190,0.9947643979057583,0.9947643979057582,0.9947643979057592,8.928530429617049e-16,1.004459673331918e-15,2.8044209444133226,2.804420944413203,1.1945999744966684e-13
200,0.9950248756218899,0.9950248756218898,0.9950248756218906,6.694644838489694e-16,7.810418978237976e-16,2.8300017471628705,2.8300017471627763,9.414691248821327e-14
210,0.9952606635071084,0.9952606635071083,0.995260663507109,5.577549004664477e-16,6.693058805597372e-16,2.854337258077471,2.854337258077373,9.814371537686384e-14
220,0.9954751131221713,0.9954751131221712,0.995475113122172,6.691616957513444e-16,7.80688645043235e-16,2.877543112247731,2.8775431122476443,8.659739592076221e-14
230,0.9956709956709952,0.995670995670995,0.9956709956709957,5.575250406269807e-16,6.690300487523769e-16,2.8997195505339914,2.89971955053391,8.126832540256146e-14
240,0.9958506224066385,0.9958506224066384,0.995850622406639,5.57424476947214e-16,6.689093723366568e-16,2.920954036367912,2.920954036367811,1.0080825063596421e-13
250,0.9960159362549796,0.9960159362549795,0.9960159362549801,4.458655666894629e-16,5.573319583618285e-16,2.941323339125108,2.9413233391249713,1.3677947663381929e-13
260,0.9961685823754785,0.9961685823754783,0.9961685823754789,4.457972452725629e-16,5.572465565907036e-16,2.9608952094586307,2.9608952094585215,1.092459456231154e-13
270,0.9963099630996306,0.9963099630996305,0.996309963099631,4.457339847013591e-16,5.571674808766989e-16,2.9797297388886896,2.979729738888545,1.4477308241112041e-13
280,0.9964412811387897,0.9964412811387896,0.99644128113879,3.342564320567882e-16,4.456752427423843e-16,2.9978804724704435,2.9978804724703645,7.904787935331115e-14
290,0.9965635738831613,0.9965635738831612,0.9965635738831615,2.228102759764969e-16,3.342154139647454e-16,3.015395326472479,3.0153953264723663,1.127986593019159e-13
300,0.9966777408637874,0.9966777408637872,0.9966777408637874,0.0,1.1139237680405738e-16,3.032317350686109,3.032317350685923,1.8607337892717624e-13
310,0.9967845659163985,0.9967845659163984,0.9967845659163987,2.227608778441443e-16,3.341413167662165e-16,3.0486853659003246,3.0486853659001207,2.0383694732117874e-13
320,0.996884735202492,0.9968847352024919,0.9968847352024922,2.2273849431542204e-16,3.3410774147313304e-16,3.064534500297508,3.0645345002972926,2.1538326677728037e-13
330,0.9969788519637461,0.996978851963746,0.9969788519637462,1.1135873368209902e-16,2.2271746736419805e-16,3.079896643412923,3.0798966434126323,2.90878432451791e-13
340,0.9970674486803519,0.9970674486803518,0.9970674486803519,0.0,1.1134883864622893e-16,3.0948008324087692,3.094800832408475,2.944311461305915e-13
350,0.9971509971509971,0.997150997150997,0.9971509971509972,1.1133950904098e-16,2.2267901808196e-16,3.1092735824231945,3.1092735824228948,2.9976021664879227e-13
360,0.9972299168975068,0.9972299168975067,0.997229916897507,1.1133069774713375e-16,2.226613954942675e-16,3.1233391704376965,3.1233391704374975,1.9895196601282805e-13
370,0.9973045822102427,0.9973045822102425,0.9973045822102425,1.1132236273944137e-16,0.0,3.1370198802967453,3.1370198802965428,2.0250467969162855e-13
380,0.9973753280839897,0.9973753280839895,0.9973753280839895,1.1131446641636437e-16,0.0,3.150336215089711,3.1503362150894754,2.3581137043038325e-13
390,0.9974424552429668,0.9974424552429667,0.9974424552429667,1.1130697503293236e-16,0.0,3.1633070819769493,3.1633070819766766,2.7267077484793845e-13
400,0.9975062344139652,0.9975062344139651,0.9975062344139651,1.1129985821867194e-16,0.0,3.175949953642092,3.175949953641827,2.651212582804874e-13
410,0.9975669099756693,0.9975669099756692,0.9975669099756691,2.2258617713216553e-16,1.1129308856608277e-16,3.188281009830326,3.188281009830086,2.398081733190338e-13
420,0.9976247030878862,0.9976247030878861,0.997624703087886,2.225732825558052e-16,1.112866412779026e-16,3.2003152618493425,3.20031526184905,2.9265478929119126e-13
430,0.997679814385151,0.9976798143851509,0.9976798143851509,1.1128049386359128e-16,0.0,3.2120666624361993,3.2120666624358245,3.7481129311345285e-13
440,0.9977324263038551,0.997732426303855,0.9977324263038548,2.2254925175440636e-16,1.1127462587720318e-16,3.2235482030069065,3.2235482030064526,4.53859172466764e-13
450,0.9977827050997784,0.9977827050997783,0.9977827050997783,1.1126901869021012e-16,0.0,3.2347719999885642,3.234771999988049,5.151434834260726e-13
460,0.9978308026030372,0.9978308026030371,0.9978308026030369,3.337909658818677e-16,2.225273105879118e-16,3.2457493716725394,3.245749371672013,5.262457136723242e-13
470,0.9978768577494695,0.9978768577494694,0.9978768577494692,3.3377556038198857e-16,2.2251704025465905e-16,3.256490906810797,3.2564909068103356,4.614086890342151e-13
480,0.9979209979209982,0.9979209979209981,0.997920997920998,2.2250719785195843e-16,1.1125359892597922e-16,3.267006525997544,3.267006525997055,4.889422200449189e-13
490,0.9979633401221997,0.9979633401221996,0.9979633401221996,1.1124887858999018e-16,0.0,3.277305536728029,3.2773055367275328,4.960476474025199e-13
500,0.998003992015968,0.9980039920159679,0.998003992015968,0.0,1.1124434706744069e-16,3.287396682900302,3.2873966828998045,4.973799150320701e-13
510,0.9980430528375734,0.9980430528375733,0.9980430528375733,1.1123999325165784e-16,0.0,3.2972881894197035,3.2972881894192136,4.898303984646191e-13
520,0.998080614203455,0.9980806142034548,0.9980806142034548,1.1123580689032818e-16,0.0,3.306987802476186,3.3069878024756685,5.173639294753229e-13
530,0.9981167608286254,0.9981167608286253,0.9981167608286252,2.2246355700979554e-16,1.1123177850489777e-16,3.316502825988659,3.3165028259881177,5.413447468072263e-13
540,0.9981515711645104,0.9981515711645103,0.9981515711645101,2.224557986378554e-16,1.112278993189277e-16,3.325840154645898,3.325840154645584,3.1441516057384433e-13
550,0.9981851179673324,0.9981851179673323,0.9981851179673321,3.3367248358279704e-16,2.2244832238853134e-16,3.335006303918443,3.3350063039180435,3.9968028886505635e-13
560,0.9982174688057044,0.9982174688057043,0.9982174688057041,3.336616697221676e-16,2.224411131481117e-16,3.3440074373687176,3.344007437368213,5.044853423896711e-13
570,0.9982486865148863,0.9982486865148862,0.9982486865148862,1.1121707843174814e-16,0.0,3.3528493915460786,3.3528493915456687,4.098943406916078e-13
580,0.9982788296041308,0.9982788296041307,0.9982788296041308,0.0,1.1121372022538205e-16,3.361537698718636,3.361537698718302,3.339550858072471e-13
590,0.9983079526226735,0.9983079526226734,0.9983079526226735,0.0,1.112104758565199e-16,3.37007760766355,3.3700776076631422,4.076738946423575e-13
600,0.9983361064891848,0.9983361064891847,0.9983361064891847,1.1120733963328652e-16,0.0,3.378474102711469,3.378474102710947,5.218048215738236e-13
610,0.998363338788871,0.9983633387888708,0.9983633387888707,2.2240861247408873e-16,1.1120430623704437e-16,3.386731921218134,3.3867319212175966,5.373479439185758e-13
620,0.9983896940418681,0.998389694041868,0.998389694041868,1.1120137069229391e-16,0.0,3.394855569616486,3.394855569616106,3.801403636316536e-13
630,0.9984152139461174,0.9984152139461173,0.9984152139461173,1.1119852833944028e-16,0.0,3.4028493381854776,3.4028493381851144,3.632649736573512e-13
640,0.9984399375975038,0.9984399375975037,0.9984399375975039,1.1119577481011332e-16,2.2239154962022665e-16,3.410717314656747,3.4107173146562895,4.574118861455645e-13
650,0.9984639016897081,0.998463901689708,0.9984639016897081,0.0,1.1119310600476567e-16,3.418463396767208,3.4184633967668328,3.752553823233029e-13
660,0.9984871406959155,0.9984871406959154,0.9984871406959153,2.223810361446147e-16,1.1119051807230734e-16,3.426091303854045,3.4260913038537177,3.2729374765949615e-13
670,0.9985096870342774,0.9985096870342773,0.9985096870342772,2.223760147831284e-16,1.111880073915642e-16,3.433604587578459,3.4336045875781105,3.4861002973229915e-13
680,0.998531571218796,0.9985315712187959,0.9985315712187959,1.111855705543723e-16,0.0,3.4410066418555667,3.441006641855119,4.476419235288631e-13
690,0.9985528219971058,0.9985528219971057,0.9985528219971056,2.22366408700285e-16,1.111832043501425e-16,3.4483007120599387,3.448300712059585,3.5349501104064984e-13
700,0.9985734664764625,0.9985734664764624,0.9985734664764622,3.335427172552435e-16,2.2236181150349567e-16,3.455489903569278,3.4554899035688544,4.2366110619695974e-13
710,0.9985935302391002,0.9985935302391001,0.9985935302390999,3.335360157078111e-16,2.223573438052074e-16,3.462577189702528,3.46257718970221,3.1796787425264483e-13
720,0.9986130374479892,0.9986130374479891,0.9986130374479889,3.3352950031447413e-16,2.223530002096494e-16,3.4695654191032133,3.4695654191031275,8.570921750106208e-14
730,0.9986320109439129,0.9986320109439127,0.9986320109439124,4.446975512334189e-16,3.3352316342506417e-16,3.476457322613874,3.476457322613805,6.927791673660977e-14
740,0.9986504723346832,0.9986504723346831,0.9986504723346828,3.3351699780293555e-16,2.2234466520195705e-16,3.4832555196831363,3.4832555196831203,1.5987211554602254e-14
750,0.9986684420772307,0.9986684420772306,0.9986684420772304,3.3351099659739703e-16,2.223406643982647e-16,3.4899625243430217,3.4899625243431496,1.2789769243681803e-13
760,0.9986859395532198,0.9986859395532197,0.9986859395532195,3.3350515331832003e-16,2.2233676887888e-16,3.496580750790641,3.496580750790849,2.078337502098293e-13
770,0.9987029831387813,0.9987029831387811,0.9987029831387808,4.446659490836342e-16,3.334994618127256e-16,3.503112518605276,3.503112518605371,9.50350909079134e-14
780,0.9987195902688863,0.9987195902688862,0.998719590268886,3.33493916243172e-16,2.22329277495448e-16,3.5095600576290624,3.5095600576290957,3.3306690738754696e-14
790,0.9987357774968397,0.9987357774968396,0.9987357774968394,3.3348851106778437e-16,2.223256740451896e-16,3.5159255125369824,3.515925512537046,6.350475700855895e-14
800,0.9987515605493137,0.9987515605493136,0.9987515605493134,3.334832410217814e-16,2.223221606811876e-16,3.522210947119582,3.522210947119583,8.881784197001252e-16
810,0.9987669543773122,0.9987669543773121,0.998766954377312,2.2231873406691403e-16,1.1115936703345702e-16,3.528418348299838,3.5284183482998737,3.552713678800501e-14
820,0.9987819732034109,0.9987819732034108,0.9987819732034104,4.446307820571968e-16,3.3347308654289765e-16,3.5345496299037173,3.534549629903858,1.4077627952246985e-13
830,0.998796630565584,0.9987966305655839,0.9987966305655837,3.3346819281813434e-16,2.223121285454229e-16,3.5406066362023387,3.5406066362023916,5.284661597215745e-14
840,0.9988109393579075,0.9988109393579074,0.9988109393579072,3.3346341561062737e-16,2.2230894374041825e-16,3.5465911452421452,3.5465911452422683,1.2301271112846734e-13
850,0.9988249118683903,0.9988249118683902,0.9988249118683902,1.1115291693600097e-16,0.0,3.5525048719781274,3.5525048719784076,2.802202914153895e-13
860,0.9988385598141697,0.9988385598141696,0.9988385598141696,1.1115139816305345e-16,0.0,3.558349471223906,3.5583494712240276,1.2168044349891716e-13
870,0.9988518943742826,0.9988518943742825,0.9988518943742825,1.111499143044266e-16,0.0,3.564126540431385,3.5641265404315385,1.5365486660812167e-13
880,0.9988649262202045,0.9988649262202044,0.9988649262202043,2.2229692833971886e-16,1.1114846416985943e-16,3.5698376223116424,3.569837622311888,2.4558133304708463e-13
890,0.9988776655443325,0.9988776655443324,0.9988776655443322,3.3344113986775767e-16,2.222940932451718e-16,3.575484207307823,3.575484207308045,2.220446049250313e-13
900,0.9988901220865709,0.9988901220865708,0.9988901220865705,4.445826423054516e-16,3.334369817290887e-16,3.581067735929951,3.5810677359301275,1.7630341631047486e-13
910,0.9989023051591662,0.9989023051591661,0.9989023051591658,4.44577219970777e-16,3.3343291497808273e-16,3.5865896009608127,3.5865896009611555,3.4283687000424834e-13
920,0.9989142236699247,0.9989142236699246,0.998914223669924,6.668578732694146e-16,5.557148943911789e-16,3.592051149541351,3.5920511495417253,3.743672039036028e-13
930,0.9989258861439319,0.9989258861439317,0.9989258861439313,5.557084064118391e-16,4.445667251294712e-16,3.5974536851433965,3.597453685143841,4.445332990599127e-13
940,0.9989373007438902,0.9989373007438901,0.9989373007438895,6.668424677695355e-16,5.557020564746129e-16,3.602798469436954,3.602798469437425,4.707345624410664e-13
950,0.9989484752891702,0.9989484752891701,0.9989484752891693,8.891133443524412e-16,7.77974176308386e-16,3.608086724058739,3.608086724059171,4.3209880118411093e-13
960,0.9989594172736741,0.998959417273674,0.9989594172736732,8.891036055539795e-16,7.779656548597321e-16,3.6133196322881576,3.6133196322885164,3.588240815588506e-13
970,0.9989701338825961,0.998970133882596,0.9989701338825953,8.890940675554862e-16,7.779573091110504e-16,3.6184983406364957,3.618498340636756,2.602362769721367e-13
980,0.9989806320081558,0.9989806320081557,0.9989806320081549,8.890847242100234e-16,7.779491336837704e-16,3.6236239603546476,3.6236239603548706,2.2293278334473143e-13
990,0.9989909182643801,0.99899091826438,0.9989909182643795,6.668066772142607e-16,5.556722310118839e-16,3.628697568864341,3.628697568864504,1.6298074001497298e-13
1000,0.9990009990009997,0.9990009990009996,0.999000999000999,6.66799948589869e-16,5.556666238248908e-16,3.6337202111174776,3.633720211117656,1.7852386235972517e-13
1010,0.9990108803165191,0.999010880316519,0.9990108803165183,7.77925578739825e-16,6.667933532055643e-16,3.6386929008878752,3.6386929008880537,1.7852386235972517e-13
1020,0.99902056807052,0.9990205680705199,0.9990205680705191,8.89049182856694e-16,7.779180349996072e-16,3.643616621999402,3.643616621999535,1.3322676295501878e-13
1030,0.9990300678952482,0.9990300678952481,0.9990300678952473,8.890407288454652e-16,7.779106377397821e-16,3.6484923294942337,3.648492329494183,5.062616992290714e-14
1040,0.9990393852065331,0.999039385206533,0.9990393852065321,1.0001614920877973e-15,8.890324374113753e-16,3.6533209507446918,3.6533209507444093,2.824407374646398e-13
1050,0.9990485252140827,0.9990485252140826,0.9990485252140818,8.890243039093635e-16,7.77896265920693e-16,3.6581033865119092,3.65810338651172,1.8918200339612667e-13
1060,0.9990574929311979,0.9990574929311978,0.9990574929311969,1.0001433643533604e-15,8.890163238696537e-16,3.6628405119543475,3.662840511954209,1.3855583347321954e-13
1070,0.9990662931839415,0.9990662931839414,0.9990662931839402,1.2223866778606514e-15,1.1112606162369557e-15,3.6675331775889815,3.6675331775890294,4.796163466380676e-14
1080,0.9990749306197976,0.9990749306197975,0.9990749306197965,1.1112510089072169e-15,1.0001259080164951e-15,3.672182210207795,3.6721822102082564,4.614086890342151e-13
1090,0.9990834097158581,0.999083409715858,0.999083409715857,1.1112415778587576e-15,1.000117420072882e-15,3.676788413752068,3.6767884137529103,8.424372310855688e-13
1100,0.9990917347865589,0.9990917347865588,0.9990917347865577,1.2223555501122973e-15,1.1112323182839068e-15,3.681352570146747,3.6813525701474186,6.714628852932947e-13
1110,0.9990999099910002,0.9990999099910001,0.9990999099909991,1.1112232255482423e-15,1.0001009029934182e-15,3.685875440097086,3.685875440097697,6.110667527536862e-13
1120,0.9991079393398763,0.9991079393398762,0.9991079393398751,1.2223357247011434e-15,1.1112142951828575e-15,3.690357763849573,3.690357763850124,5.511147094239277e-13
1130,0.9991158267020346,0.9991158267020345,0.9991158267020336,1.0000849705893335e-15,8.889644183016297e-16,3.694800261919055,3.69480026191959,5.346834086594754e-13
1140,0.9991235758106933,0.9991235758106932,0.9991235758106923,1.0000772140241871e-15,8.889575235770553e-16,3.6992036357838405,3.6992036357845786,7.380762667708041e-13
1150,0.9991311902693318,0.9991311902693317,0.9991311902693311,7.778319051656423e-16,6.667130615705505e-16,3.7035685685504616,3.703568568551554,1.092459456231154e-12
1160,0.9991386735572789,0.9991386735572788,0.9991386735572783,6.667080680636931e-16,5.555900567197443e-16,3.707895725589671,3.7078957255906966,1.0254019855437946e-12
1170,0.9991460290350136,0.9991460290350135,0.9991460290350128,7.778203532352486e-16,6.667031599159273e-16,3.712185755145152,3.712185755146174,1.021849271864994e-12
1180,0.9991532599491965,0.9991532599491963,0.9991532599491956,8.889311132761423e-16,7.778147241166245e-16,3.7164392889163382,3.716439288917308,9.698908343125368e-13
1190,0.9991603694374483,0.9991603694374482,0.9991603694374476,7.778091896050361e-16,6.66693591090031e-16,3.720656942616646,3.7206569426174605,8.144596108650148e-13
1200,0.99916736053289,0.9991673605328899,0.9991673605328892,7.778037473353076e-16,6.666889262874065e-16,3.724839316508369,3.724839316509496,1.127098414599459e-12
1210,0.9991742361684565,0.9991742361684564,0.9991742361684558,6.666843385889576e-16,5.555702821574647e-16,3.7289869959153745,3.7289869959164657,1.0911271886016038e-12
1220,0.999180999181,0.9991809991809999,0.9991809991809992,7.7779313044846e-16,6.666798260986801e-16,3.7331005517147178,3.733100551715915,1.1972645097557688e-12
1230,0.9991876523151916,0.9991876523151915,0.9991876523151909,6.666753869822281e-16,5.555628224851901e-16,3.7371805408081933,3.7371805408094128,1.219468970248272e-12
1240,0.9991941982272369,0.9991941982272368,0.9991941982272361,7.777828560418335e-16,6.666710194644287e-16,3.741227506574806,3.7412275065763874,1.581401676276073e-12
1250,0.9992006394884099,0.9992006394884098,0.9992006394884093,5.555556015224283e-16,4.444444812179426e-16,3.745241979305072,3.7452419793065923,1.5201173653167643e-12
1260,0.9992069785884224,0.9992069785884223,0.9992069785884219,5.555520770048898e-16,4.444416616039119e-16,3.7492244766180285,3.749224476619383,1.354472090042691e-12
1270,0.9992132179386316,0.9992132179386315,0.999213217938631,5.555486079915646e-16,4.444388863932516e-16,3.7531755038617645,3.753175503862985,1.220357148667972e-12
1280,0.999219359875098,0.9992193598750979,0.9992193598750976,4.44436154545258e-16,3.333271159089435e-16,3.757095554498251,3.757095554499437,1.1861622795095172e-12
1290,0.9992254066615031,0.999225406661503,0.9992254066615027,3.3332509878862256e-16,2.222167325257484e-16,3.7609851104732006,3.7609851104743024,1.1017853296380054e-12
1300,0.9992313604919294,0.9992313604919293,0.9992313604919293,1.1110770423364068e-16,0.0,3.764844642571654,3.7648446425727338,1.0795808691455022e-12
1310,0.9992372234935164,0.9992372234935163,0.9992372234935164,0.0,1.1110705231172369e-16,3.7686746107599474,3.7686746107607627,8.15347789284715e-13
1320,0.9992429977289933,0.9992429977289932,0.9992429977289932,1.111064102674115e-16,0.0,3.7724754645146796,3.7724754645159004,1.2208012378778221e-12
1330,0.9992486851990986,0.9992486851990985,0.9992486851990984,2.22211555755802e-16,1.11105777877901e-16,3.776247643139274,3.776247643140686,1.4122036873231991e-12
1340,0.999254287844892,0.9992542878448919,0.9992542878448919,1.111051549270399e-16,0.0,3.779991576068681,3.7799915760700964,1.4153123117921496e-12
1350,0.9992598075499631,0.999259807549963,0.999259807549963,1.1110454120508048e-16,0.0,3.7837076831627674,3.7837076831639473,1.1799450305716164e-12
1360,0.9992652461425424,0.9992652461425423,0.9992652461425422,2.2220787301688795e-16,1.1110393650844397e-16,3.787396374988874,3.787396374989748,8.739675649849232e-13
1370,0.9992706053975204,0.9992706053975203,0.9992706053975201,3.333100219184868e-16,2.2220668127899115e-16,3.791058053094029,3.7910580530950932,1.06403774680075e-12
1380,0.9992758870383784,0.9992758870383783,0.999275887038378,4.444110136253163e-16,3.333082602189872e-16,3.7946931102672736,3.79469311026869,1.4162004902118497e-12
1390,0.9992810927390372,0.9992810927390371,0.9992810927390366,5.555108731128032e-16,4.444086984902425e-16,3.798301930792507,3.7983019307936496,1.1426415369442111e-12
1400,0.9992862241256252,0.9992862241256251,0.9992862241256245,6.666096246427904e-16,5.555080205356587e-16,3.8018848906922833,3.801884890693281,9.978684545330907e-13
1410,0.999291282778172,0.9992912827781719,0.9992912827781715,5.555052084206014e-16,4.444041667364811e-16,3.8054423579629297,3.80544235796392,9.903189379656396e-13
1420,0.9992962702322312,0.9992962702322311,0.9992962702322308,4.444019487302388e-16,3.3330146154767907e-16,3.8089746928013604,3.8089746928023027,9.423573033018329e-13
1430,0.9993011879804337,0.9993011879804335,0.9993011879804332,4.443997617450627e-16,3.33299821308797e-16,3.812482247823938,3.8124822478245273,5.893063814710331e-13
1440,0.999306037473977,0.9993060374739768,0.9993060374739764,5.554970064183509e-16,4.443976051346808e-16,3.815965368277705,3.8159653682784205,7.154277170684509e-13
1450,0.999310820124053,0.9993108201240529,0.9993108201240524,6.665932174059733e-16,5.554943478383111e-16,3.819424392244314,3.819424392244991,6.767919558114954e-13
1460,0.9993155373032178,0.9993155373032176,0.999315537303217,7.776884159480462e-16,6.665900708126111e-16,3.8228596508369495,3.8228596508378354,8.859579736508749e-13
1470,0.9993201903467035,0.9993201903467034,0.9993201903467029,5.554891391917025e-16,4.443913113533619e-16,3.826271468390534,3.8262714683911776,6.434852650727407e-13
1480,0.9993247805536805,0.9993247805536803,0.9993247805536799,5.554865876587355e-16,4.443892701269883e-16,3.829660162645483,3.829660162645859,3.7614356074300304e-13
1490,0.9993293091884646,0.9993293091884645,0.9993293091884641,5.554840703745331e-16,4.443872562996265e-16,3.8330260449252824,3.833026044926009,7.265299473147024e-13
1500,0.9993337774816793,0.9993337774816792,0.9993337774816788,4.443852693232961e-16,3.33288951992472e-16,3.8363694203081207,3.8363694203086647,5.440092820663267e-13
1510,0.9993381866313704,0.9993381866313703,0.99933818663137,4.443833086645329e-16,3.3328748149839963e-16,3.839690587792828,3.83969058779362,7.922551503725117e-13
1520,0.9993425378040767,0.9993425378040766,0.9993425378040762,4.443813738039113e-16,3.332860303529335e-16,3.842989840459334,3.8429898404598584,5.24469356832924e-13
1530,0.9993468321358593,0.9993468321358592,0.999346832135859,3.3328459817668915e-16,2.2218973211779277e-16,3.846267465623873,3.8462674656242593,3.863576125695545e-13
1540,0.9993510707332904,0.9993510707332903,0.9993510707332901,3.3328318460013625e-16,2.2218878973342417e-16,3.8495237449891286,3.849523744989619,4.902744876744691e-13
1550,0.999355254674404,0.9993552546744039,0.9993552546744036,4.443757190177079e-16,3.3328178926328087e-16,3.8527589547895262,3.852758954789487,3.907985046680551e-14
1560,0.9993593850096096,0.9993593850096095,0.9993593850096092,4.443738824204793e-16,3.332804118153595e-16,3.8559733659318507,3.8559733659318676,1.687538997430238e-14
1570,0.999363462762572,0.9993634627625719,0.9993634627625716,4.443720692193939e-16,3.332790519145454e-16,3.859167244131376,3.8591672441313216,5.417888360170764e-14
1580,0.9993674889310569,0.9993674889310568,0.9993674889310563,5.554628487127761e-16,4.443702789702209e-16,3.8623408500436724,3.862340850043574,9.85878045867139e-14
1590,0.9993714644877443,0.9993714644877442,0.9993714644877436,6.665527668598581e-16,5.554606390498818e-16,3.86549443939226,3.8654944393923865,1.2656542480726785e-13
1600,0.9993753903810125,0.9993753903810124,0.9993753903810119,6.665501484093284e-16,5.554584570077736e-16,3.868628263092258,3.8686282630925684,3.1041835768519377e-13
1610,0.9993792675356928,0.9993792675356926,0.9993792675356921,7.776388229004902e-16,5.554563020717786e-16,3.8717425673701853,3.8717425673704833,2.97983859809392e-13
1620,0.9993830968537947,0.9993830968537945,0.999383096853794,6.66545008487918e-16,4.443633389919454e-16,3.874837593880051,3.8748375938800104,4.04121180963557e-14
1630,0.9993868792152062,0.999386879215206,0.9993868792152054,7.776329001316204e-16,5.55452071522586e-16,3.8779135798158793,3.8779135798160036,1.2434497875801753e-13
1640,0.9993906154783676,0.9993906154783674,0.9993906154783668,7.776299929188521e-16,5.554499949420371e-16,3.880970758020788,3.8809707580211574,3.694822225952521e-13
1650,0.9993943064809213,0.9993943064809211,0.9993943064809206,6.66537532238594e-16,4.443583548257294e-16,3.8840093570927547,3.8840093570931,3.4505731605349865e-13
1660,0.9993979530403377,0.9993979530403375,0.9993979530403372,5.554459168380677e-16,3.3326755010284063e-16,3.8870296014871912,3.88702960148762,4.285460875053104e-13
1670,0.9994015559545188,0.9994015559545186,0.9994015559545183,5.554439144157595e-16,3.3326634864945564e-16,3.8900317116164316,3.890031711616893,4.614086890342151e-13
1680,0.9994051160023804,0.9994051160023801,0.9994051160023796,7.776187101645367e-16,5.55441935831812e-16,3.893015903946264,3.8930159039467975,5.333511410299252e-13
1690,0.9994086339444124,0.9994086339444122,0.9994086339444116,7.776159729282827e-16,5.554399806630591e-16,3.8959823910895817,3.895982391090137,5.555556015224283e-13
1700,0.9994121105232223,0.9994121105232221,0.9994121105232217,6.665256581955498e-16,4.443504387970332e-16,3.8989313818972864,3.898931381898046,7.593925488436071e-13
1710,0.9994155464640567,0.9994155464640565,0.9994155464640561,6.665233667135589e-16,4.443489111423727e-16,3.901863081546521,3.9018630815468436,3.2240876635114546e-13
1720,0.9994189424753056,0.9994189424753054,0.999418942475305,5.554342515639228e-16,3.3326055093835366e-16,3.90477769162633,3.9047776916269408,6.106226635438361e-13
1730,0.9994222992489895,0.9994222992489893,0.9994222992489891,4.443459088152939e-16,2.2217295440764694e-16,3.9076754102208398,3.907675410221736,8.961720254774264e-13
1740,0.9994256174612296,0.9994256174612294,0.9994256174612292,4.443444335338845e-16,2.2217221676694224e-16,3.9105564319900403,3.910556431990835,7.94475596421762e-13
1750,0.9994288977727017,0.9994288977727015,0.9994288977727013,4.443429751128341e-16,2.2217148755641706e-16,3.9134209482482554,3.913420948248949,6.936673457857978e-13
1760,0.9994321408290748,0.9994321408290746,0.9994321408290744,4.443415332647501e-16,2.2217076663237506e-16,3.916269147040376,3.916269147041157,7.807088309164101e-13
1770,0.9994353472614347,0.9994353472614345,0.9994353472614342,4.44340107708735e-16,2.221700538543675e-16,3.9191012132159346,3.9191012132170266,1.092015367021304e-12
1780,0.9994385176866933,0.9994385176866931,0.9994385176866929,4.443386981702031e-16,2.2216934908510154e-16,3.9219173285010926,3.921917328502013,9.201528428093297e-13
1790,0.9994416527079849,0.9994416527079847,0.9994416527079844,5.554216304758814e-16,3.3325297828552885e-16,3.924717671568617,3.9247176715695327,9.157119507108291e-13
1800,0.9994447529150478,0.9994447529150475,0.9994447529150472,5.554199075971964e-16,3.332519445583178e-16,3.9275024181058997,3.927502418106905,1.0054179711005418e-12
1810,0.9994478188845947,0.9994478188845944,0.9994478188845941,5.55418203755845e-16,3.332509222535069e-16,3.930271740881103,3.930271740882426,1.3229417561433365e-12
1820,0.9994508511806707,0.9994508511806705,0.99945085118067,6.664998223656297e-16,4.443332149104198e-16,3.9330258098074724,3.9330258098088047,1.3322676295501878e-12
1830,0.9994538503549979,0.9994538503549977,0.9994538503549972,6.664978223241513e-16,4.443318815494343e-16,3.9357647920059,3.9357647920068297,9.299228054260311e-13
1840,0.9994568169473119,0.9994568169473117,0.9994568169473113,6.664958440222543e-16,4.443305626815029e-16,3.9384888518657717,3.938488851866759,9.872103134966892e-13
1850,0.999459751485684,0.9994597514856838,0.9994597514856834,5.55411572589504e-16,3.3324694355370237e-16,3.941198151104176,3.941198151105163,9.872103134966892e-13
1860,0.9994626544868357,0.9994626544868355,0.999462654486835,6.664919512346504e-16,4.443279674897669e-16,3.9438928488235097,3.9438928488242704,7.607248164731573e-13
1870,0.9994655264564409,0.9994655264564407,0.9994655264564404,5.554083633886813e-16,3.3324501803320874e-16,3.9465731015675463,3.9465731015683554,8.091305403468141e-13
1880,0.9994683678894212,0.999468367889421,0.9994683678894205,6.664881412723148e-16,4.443254275148765e-16,3.9492390633760004,3.949239063376944,9.43689570931383e-13
1890,0.9994711792702282,0.999471179270228,0.9994711792702274,7.775673109504336e-16,5.554052221074526e-16,3.9518908858376567,3.9518908858387016,1.0449419107771973e-12
1900,0.9994739610731201,0.9994739610731199,0.9994739610731194,7.775651467729978e-16,5.55403676266427e-16,3.9545287181420865,3.9545287181432736,1.1870504579292174e-12
1910,0.9994767137624289,0.9994767137624286,0.9994767137624281,7.775630052571057e-16,5.554021466122183e-16,3.9571527071300174,3.9571527071315353,1.517896919267514e-12
1920,0.9994794377928169,0.9994794377928167,0.9994794377928162,6.664807594702893e-16,4.443205063135262e-16,3.9597629973423776,3.9597629973442503,1.872724197937714e-12
1930,0.9994821336095295,0.9994821336095293,0.9994821336095288,7.775587888009451e-16,5.553991348578179e-16,3.9623597310680774,3.962359731069818,1.7408297026122455e-12
1940,0.9994848016486357,0.9994848016486355,0.9994848016486347,9.997157740812813e-16,7.7755671317433e-16,3.9649430483905457,3.9649430483924784,1.9326762412674725e-12
1950,0.9994874423372642,0.9994874423372639,0.9994874423372629,1.221871606742589e-15,9.99713132789391e-16,3.9675130872330815,3.9675130872348285,1.7470469515501463e-12
1960,0.9994900560938308,0.9994900560938306,0.9994900560938297,1.110789464943843e-15,8.886315719550743e-16,3.970069983403034,3.970069983404664,1.6298074001497298e-12
1970,0.9994926433282608,0.9994926433282606,0.9994926433282597,1.110786589612276e-15,8.886292716898209e-16,3.9726138706348704,3.9726138706363594,1.48903112062726e-12
1980,0.999495204442202,0.9994952044422017,0.9994952044422009,1.1107837433244622e-15,8.886269946595698e-16,3.9751448806321426,3.9751448806331604,1.0178524689763435e-12
1990,0.9994977398292325,0.9994977398292323,0.9994977398292315,9.997028330783005e-16,7.775466479497893e-16,3.977663143108409,3.9776631431097025,1.2936318682932324e-12
2000,0.9995002498750635,0.9995002498750633,0.9995002498750625,9.997003225237222e-16,7.775446952962284e-16,3.9801687858271193,3.980168785828618,1.4988010832439613e-12
2010,0.9995027349577335,0.9995027349577332,0.9995027349577325,9.996978369497865e-16,7.775427620720562e-16,3.9826619346405123,3.9826619346416914,1.1790568521519162e-12
2020,0.999505195447799,0.9995051954477988,0.9995051954477981,8.886181119871055e-16,6.664635839903291e-16,3.985142713527547,3.985142713528739,1.191935439237568e-12
2030,0.999507631708519,0.9995076317085188,0.999507631708518,9.996929392671545e-16,7.775389527633424e-16,3.9876112446308922,3.987611244632398,1.5059065106015623e-12
2040,0.9995100440960324,0.9995100440960322,0.9995100440960314,9.996905264382108e-16,7.775370761186084e-16,3.990067648293021,3.990067648294734,1.7132961716015416e-12
2050,0.999512432959533,0.9995124329595327,0.999512432959532,9.996881371490616e-16,7.775352177826035e-16,3.992512043091407,3.9925120430933925,1.98552285723963e-12
2060,0.9995147986414372,0.999514798641437,0.9995147986414362,9.996857710568946e-16,7.775333774886957e-16,3.994944545872874,3.9949445458741133,1.2394529846915248e-12
2070,0.9995171414775481,0.9995171414775479,0.9995171414775471,9.996834278255214e-16,7.775315549754055e-16,3.9973652717871104,3.9973652717884756,1.3651302310790925e-12
2080,0.999519461797214,0.9995194617972137,0.9995194617972128,1.110756785694688e-15,8.886054285557504e-16,3.99977433431938,3.999774334320045,6.648015471455437e-13
2090,0.9995217599234827,0.9995217599234825,0.9995217599234816,1.1107542318139724e-15,8.88603385451178e-16,4.002171845322443,4.002171845323027,5.844214001626824e-13
2100,0.999524036173252,0.9995240361732518,0.9995240361732508,1.2218268724815234e-15,9.996765320303374e-16,4.004557915047721,4.004557915048189,4.68070027181966e-13
2110,0.9995262908574148,0.9995262908574146,0.9995262908574135,1.3328990360096903e-15,1.110749196674742e-15,4.006932652175719,4.00693265217651,7.913669719528116e-13
2120,0.9995285242810008,0.9995285242810006,0.9995285242809995,1.3328960576773343e-15,1.1107467147311118e-15,4.009296163845723,4.0092961638460105,2.877698079828406e-13
2130,0.9995307367433143,0.999530736743314,0.999530736743313,1.2218186817013283e-15,9.99669830482905e-16,4.011648555684815,4.011648555684951,1.3589129821411916e-13
2140,0.9995329285380675,0.9995329285380673,0.9995329285380663,1.2218160024741618e-15,9.996676383879505e-16,4.01398993183619,4.013989931835476,7.140954494389007e-13
2150,0.9995350999535112,0.999535099953511,0.99953509995351,1.2218133481700386e-15,9.99665466684577e-16,4.016320394986827,4.0163203949863595,4.671818487622659e-13
2160,0.99953725127256,0.9995372512725598,0.999537251272559,9.99663315089568e-16,7.775159117363307e-16,4.018640046394504,4.018640046393011,1.4930279235159105e-12
2170,0.9995393827729165,0.9995393827729163,0.9995393827729157,8.88587718511047e-16,6.664407888832852e-16,4.020948985914207,4.020948985912491,1.715960706860642e-12
2180,0.9995414947271902,0.99954149472719,0.9995414947271893,8.885858409935656e-16,6.664393807451742e-16,4.023247312023919,4.023247312022158,1.7612578062653483e-12
2190,0.9995435874030131,0.9995435874030129,0.9995435874030123,7.775109830445675e-16,5.553649878889768e-16,4.025535121849823,4.025535121848315,1.5081269566508126e-12
2200,0.9995456610631539,0.9995456610631537,0.9995456610631531,7.775093700181721e-16,5.553638357272658e-16,4.0278125111909295,4.027812511189404,1.5258905250448151e-12
2210,0.9995477159656272,0.999547715965627,0.9995477159656264,7.775077715893008e-16,5.553626939923577e-16,4.030079574543147,4.030079574541923,1.2239098623467726e-12
2220,0.9995497523638008,0.9995497523638006,0.9995497523638001,7.775061875606896e-16,5.553615625433497e-16,4.032336405122813,4.03233640512135,1.4637180356658064e-12
2230,0.9995517705064999,0.9995517705064997,0.9995517705064993,5.553604412418664e-16,3.3321626474511983e-16,4.034583094889688,4.034583094888057,1.63069557856943e-12
2240,0.9995537706381086,0.9995537706381084,0.999553770638108,5.553593299520035e-16,3.332155979712021e-16,4.036819734569441,4.036819734568234,1.2070344723724702e-12
2250,0.999555752998668,0.9995557529986677,0.9995557529986673,6.664298742483273e-16,4.442865828322182e-16,4.039046413675633,4.039046413673895,1.738165167353145e-12
2260,0.9995577178239724,0.9995577178239722,0.9995577178239717,6.664285642506581e-16,4.442857095004387e-16,4.041263220531216,4.041263220528799,2.417621658423741e-12
2270,0.9995596653456633,0.9995596653456631,0.9995596653456627,6.664272657948186e-16,4.442848438632125e-16,4.043470242289551,4.043470242287548,2.0028423364237824e-12
2280,0.9995615957913203,0.9995615957913201,0.9995615957913196,6.664259787289426e-16,4.442839858192951e-16,4.04566756495497,4.045667564953328,1.6422418980255316e-12
2290,0.9995635093845491,0.9995635093845489,0.9995635093845482,8.885662705384223e-16,6.664247029038167e-16,4.047855273402884,4.0478552734006366,2.247091401841317e-12
2300,0.9995654063450682,0.999565406345068,0.9995654063450674,7.774940112016259e-16,5.553528651440185e-16,4.050033451399455,4.050033451396666,2.7888802378583932e-12
2310,0.9995672868887935,0.9995672868887933,0.9995672868887927,7.774925484571929e-16,5.553518203265664e-16,4.0522021816208476,4.052202181617667,3.1805669209461485e-12
2320,0.9995691512279198,0.9995691512279196,0.999569151227919,7.774910983226258e-16,5.553507845161612e-16,4.054361545672052,4.054361545668962,3.0899727221367357e-12
2330,0.9995709995710003,0.999570999571,0.9995709995709996,6.664197091161991e-16,4.442798060774661e-16,4.056511624105307,4.056511624102222,3.085531830038235e-12
2340,0.9995728321230251,0.9995728321230248,0.9995728321230244,6.664184873455106e-16,4.442789915636738e-16,4.05865249643814,4.058652496435024,3.1157298963080393e-12
2350,0.9995746490854963,0.9995746490854961,0.9995746490854955,7.77486821968349e-16,5.553477299773921e-16,4.060784241171004,4.060784241167675,3.3288927170360694e-12
2360,0.9995764506565022,0.999576450656502,0.9995764506565015,7.774854206771171e-16,5.553467290550836e-16,4.062906935804553,4.062906935800947,3.6060043839825084e-12
2370,0.9995782370307894,0.9995782370307892,0.9995782370307887,6.664148838952522e-16,4.442765892635014e-16,4.065020656856552,4.065020656851993,4.559019828320743e-12
2380,0.9995800083998327,0.9995800083998325,0.999580008399832,7.774826534213229e-16,5.55344752443802e-16,4.0671254798784195,4.067125479873902,4.517275442594837e-12
2390,0.9995817649519037,0.9995817649519034,0.999581764951903,6.664125318524057e-16,4.442750212349371e-16,4.069221479471436,4.0692214794670685,4.367173289665516e-12
2400,0.9995835068721373,0.999583506872137,0.9995835068721366,6.664113705312503e-16,4.442742470208335e-16,4.071308729302609,4.071308729298289,4.320099833421409e-12
2410,0.9995852343425972,0.9995852343425969,0.9995852343425964,7.774785886555505e-16,5.553418490396789e-16,4.073387302120212,4.073387302116225,3.987032926033862e-12
2420,0.9995869475423387,0.9995869475423385,0.9995869475423379,7.7747725612903e-16,5.553408972350214e-16,4.075457269768989,4.075457269764592,4.39648317751562e-12
2430,0.9995886466474712,0.9995886466474709,0.9995886466474702,9.99611915875465e-16,7.7747593456980615e-16,4.077518703205068,4.077518703201712,3.355538069627073e-12
2440,0.9995903318312177,0.9995903318312175,0.9995903318312167,9.996102306553305e-16,7.774746238430348e-16,4.0795716725105455,4.079571672507336,3.2098768087962526e-12
2450,0.9995920032639749,0.9995920032639747,0.9995920032639739,9.99608559192095e-16,7.774733238160739e-16,4.081616246907786,4.081616246904468,3.318234575999668e-12
2460,0.9995936611133693,0.9995936611133691,0.9995936611133686,7.774720343584379e-16,5.553371673988842e-16,4.083652494773428,4.08365249476983,3.5980107782052073e-12
2470,0.9995953055443149,0.9995953055443146,0.9995953055443141,7.774707553417543e-16,5.553362538155388e-16,4.085680483652107,4.085680483648866,3.240963053485757e-12
2480,0.9995969367190656,0.9995969367190654,0.9995969367190649,6.664024171197613e-16,4.442682780798409e-16,4.087700280269889,4.087700280267563,2.326139281194628e-12
2490,0.9995985547972708,0.9995985547972706,0.9995985547972702,5.553344486629046e-16,3.3320066919774276e-16,4.0897119505474615,4.089711950545188,2.2737367544323206e-12
2500,0.9996001599360261,0.9996001599360259,0.9996001599360256,5.553335569175033e-16,3.3320013415050197e-16,4.091715559613026,4.091715559611111,1.91491267287347e-12
2510,0.9996017522899249,0.9996017522899246,0.9996017522899243,5.553326722776431e-16,3.3319960336658584e-16,4.09371117181496,4.093711171812992,1.9682033780554775e-12
2520,0.9996033320111073,0.9996033320111071,0.9996033320111067,5.55331794658734e-16,3.3319907679524043e-16,4.095698850734216,4.095698850731787,2.4291679778798425e-12
2530,0.9996048992493093,0.9996048992493091,0.9996048992493086,6.663971087730287e-16,4.442647391820192e-16,4.097678659196469,4.097678659194025,2.4442670110147446e-12
2540,0.9996064541519095,0.9996064541519093,0.9996064541519087,7.774620842129e-16,5.553300601520714e-16,4.0996506592840465,4.099650659282724,1.3224976669334865e-12
2550,0.9996079968639757,0.9996079968639755,0.999607996863975,7.774608843424087e-16,5.553292031017205e-16,4.101614912347595,4.101614912346485,1.1102230246251565e-12
2560,0.99960952752831,0.9996095275283098,0.9996095275283092,7.774596938459055e-16,5.553283527470754e-16,4.103571479017539,4.1035714790167725,7.664979762012081e-13
2570,0.9996110462854927,0.9996110462854925,0.999611046285492,6.663930108119714e-16,4.442620072079809e-16,4.105520419215312,4.10552041921519,1.2168044349891716e-13
2580,0.9996125532739254,0.9996125532739252,0.9996125532739248,5.553266718134746e-16,3.3319600308808476e-16,4.107461792164364,4.107461792164849,4.849454171562684e-13
2590,0.9996140486298731,0.9996140486298729,0.9996140486298727,4.442606728654487e-16,2.2213033643272436e-16,4.109395656400964,4.109395656401738,7.744915819785092e-13
2600,0.9996155324875053,0.9996155324875051,0.9996155324875048,5.553250167403908e-16,3.3319501004423447e-16,4.1113220697847845,4.111322069785637,8.526512829121202e-13
2610,0.9996170049789356,0.9996170049789354,0.9996170049789352,3.331945192294579e-16,1.1106483974315265e-16,4.113241089509296,4.11324108951012,8.233413950620161e-13
2620,0.999618466234262,0.9996184662342618,0.9996184662342618,2.2212935477423934e-16,0.0,4.115152772111952,4.11515277211256,6.075140390748857e-13
2630,0.9996199163816042,0.999619916381604,0.999619916381604,2.2212903253146667e-16,0.0,4.1170571734841825,4.117057173485045,8.624212455288216e-13
2640,0.9996213555471416,0.9996213555471414,0.9996213555471413,3.331930690948907e-16,1.1106435636496356e-16,4.118954348881199,4.118954348882107,9.07718344933528e-13
2650,0.9996227838551494,0.9996227838551491,0.999622783855149,3.331925930129762e-16,1.1106419767099207e-16,4.120844352931618,4.12084435293209,4.716227408607665e-13
2660,0.9996242014280348,0.9996242014280345,0.9996242014280345,2.221280803404167e-16,0.0,4.122727239646895,4.1227272396476105,7.158718062783009e-13
2670,0.9996256083863723,0.999625608386372,0.9996256083863722,1.1106388384920573e-16,1.1106388384920573e-16,4.124603062430588,4.124603062431015,4.263256414560601e-13
2680,0.999627004848937,0.9996270048489367,0.999627004848937,0.0,2.2212745738955557e-16,4.126471874087448,4.1264718740875646,1.163513729807164e-13
2690,0.9996283909327388,0.9996283909327386,0.9996283909327388,0.0,2.221271493878287e-16,4.128333726832335,4.128333726832261,7.460698725481052e-14
2700,0.9996297667530543,0.999629766753054,0.9996297667530544,1.1106342183379807e-16,3.331902655013942e-16,4.130188672298969,4.130188672298936,3.2862601528904634e-14
2710,0.9996311324234599,0.9996311324234597,0.99963113242346,1.110632701018007e-16,3.331898103054021e-16,4.132036761548531,4.132036761548897,3.659295089164516e-13
2720,0.9996324880558619,0.9996324880558617,0.9996324880558618,1.1106311948547983e-16,1.1106311948547983e-16,4.1338780450780925,4.133878045078654,5.613287612504791e-13
2730,0.9996338337605273,0.9996338337605271,0.9996338337605273,0.0,2.2212593994515037e-16,4.135712572828885,4.13571257282856,3.241851231905457e-13
2740,0.9996351696461145,0.9996351696461143,0.9996351696461145,0.0,2.2212564310201123e-16,4.137540394194443,4.137540394194638,1.9539925233402755e-13
2750,0.9996364958197019,0.9996364958197017,0.9996364958197019,0.0,2.221253484177313e-16,4.139361558028578,4.139361558029031,4.5297099404706387e-13
2760,0.9996378123868163,0.999637812386816,0.9996378123868164,1.1106252793442236e-16,3.331875838032671e-16,4.141176112653211,4.141176112653192,1.865174681370263e-14
2770,0.9996391194514616,0.9996391194514613,0.9996391194514616,0.0,2.2212476543222446e-16,4.142984105866064,4.1429841058665255,4.618527782440651e-13
2780,0.9996404171161453,0.999640417116145,0.9996404171161453,0.0,2.221244770850763e-16,4.14478558494822,4.144785584948658,4.3787196091216174e-13
2790,0.9996417054819062,0.999641705481906,0.9996417054819061,1.1106209540246637e-16,1.1106209540246637e-16,4.146580596671539,4.146580596672174,6.350475700855895e-13
2800,0.9996429846483401,0.9996429846483399,0.9996429846483399,2.221239065696474e-16,0.0,4.1483691873059465,4.148369187306707,7.602807272633072e-13
2810,0.9996442547136252,0.999644254713625,0.9996442547136251,1.1106181217869448e-16,1.1106181217869448e-16,4.150151402626589,4.150151402627579,9.903189379656396e-13
2820,0.9996455157745483,0.9996455157745481,0.9996455157745481,2.221233441466359e-16,0.0,4.151927287920862,4.151927287922626,1.7639223415244487e-12
2830,0.999646767926528,0.9996467679265277,0.9996467679265277,2.221230659161709e-16,0.0,4.153696887995318,4.153696887997193,1.8749446439869644e-12
2840,0.9996480112636397,0.9996480112636394,0.9996480112636396,1.1106139482253767e-16,1.1106139482253767e-16,4.155460247182444,4.155460247184146,1.70174985214544e-12
2850,0.9996492458786392,0.999649245878639,0.9996492458786391,1.1106125765636214e-16,1.1106125765636214e-16,4.157217409347332,4.157217409348413,1.0809131367750524e-12
2860,0.9996504718629853,0.9996504718629851,0.999650471862985,3.33183364348172e-16,1.1106112144939065e-16,4.158968417894222,4.15896841789472,4.982680934517703e-13
2870,0.9996516893068621,0.9996516893068619,0.9996516893068618,3.3318295857479e-16,1.1106098619159665e-16,4.160713315772941,4.160713315773045,1.0480505352461478e-13
2880,0.9996528982992021,0.9996528982992019,0.9996528982992017,4.442434074923717e-16,2.2212170374618584e-16,4.162452145485216,4.16245214548544,2.2382096176443156e-13
2890,0.9996540989277071,0.9996540989277068,0.9996540989277066,4.44242873936516e-16,2.22121436968258e-16,4.164184949090889,4.164184949091486,5.968558980384842e-13
2900,0.9996552912788698,0.9996552912788695,0.9996552912788693,4.442423440603558e-16,2.221211720301779e-16,4.165911768214025,4.165911768214209,1.8385293287792592e-13
2910,0.9996564754379943,0.9996564754379941,0.9996564754379939,4.442418178259561e-16,2.2212090891297805e-16,4.16763264404891,4.167632644048717,1.936228954946273e-13
2920,0.9996576514892165,0.9996576514892163,0.999657651489216,4.442412951959016e-16,2.221206475979508e-16,4.169347617365944,4.169347617365838,1.0658141036401503e-13
2930,0.9996588195155242,0.9996588195155239,0.9996588195155237,4.442407761332879e-16,2.2212038806664394e-16,4.1710567285174385,4.171056728516668,7.700506898800086e-13
2940,0.9996599795987765,0.9996599795987763,0.999659979598776,5.553003257521403e-16,3.3318019545128424e-16,4.172760017443314,4.172760017443033,2.8066438062523957e-13
2950,0.9996611318197227,0.9996611318197225,0.9996611318197222,5.552996857065825e-16,3.331798114239495e-16,4.174457523676702,4.174457523675664,1.0382805726294464e-12
2960,0.9996622762580214,0.9996622762580212,0.999662276258021,4.442392399885255e-16,2.2211961999426273e-16,4.176149286349447,4.176149286348299,1.1475265182525618e-12
2970,0.9996634129922591,0.9996634129922589,0.9996634129922585,6.663581022548162e-16,4.442387348365441e-16,4.17783534419752,4.1778353441963185,1.2017054018542694e-12
2980,0.999664542099967,0.9996645420999668,0.9996645420999665,5.552977913435556e-16,3.331786748061334e-16,4.179515735566348,4.179515735565382,9.654499422140361e-13
2990,0.9996656636576402,0.99966566365764,0.9996656636576395,6.663566020041157e-16,4.442377346694105e-16,4.181190498416031,4.181190498415526,5.053735208093713e-13
3000,0.9996667777407536,0.9996667777407534,0.9996667777407531,5.552965494833492e-16,3.3317792969000947e-16,4.1828596703265015,4.182859670325706,7.958078640513122e-13
3010,0.9996678844237801,0.9996678844237799,0.9996678844237795,5.55295934741918e-16,3.331775608451508e-16,4.184523288502579,4.184523288501986,5.924150059399835e-13
3020,0.9996689837802055,0.9996689837802053,0.9996689837802052,3.331771944429733e-16,1.1105906481432445e-16,4.186181389778942,4.186181389778448,4.938272013532696e-13
3030,0.9996700758825473,0.9996700758825471,0.999670075882547,3.3317683045929203e-16,1.110589434864307e-16,4.187834010625031,4.1878340106244645,5.666578317686799e-13
3040,0.9996711608023681,0.9996711608023677,0.9996711608023676,4.44235291826987e-16,1.1105882295674676e-16,4.1894811871498545,4.1894811871497035,1.509903313490213e-13
3050,0.9996722386102921,0.9996722386102918,0.9996722386102918,3.331761096522642e-16,0.0,4.191122955106723,4.191122955106857,1.341149413747189e-13
3060,0.9996733093760213,0.999673309376021,0.999673309376021,3.3317575278211806e-16,0.0,4.192759349897906,4.192759349898005,9.947598300641403e-14
3070,0.9996743731683495,0.9996743731683492,0.9996743731683491,4.442338643158118e-16,1.1105846607895295e-16,4.194390406579215,4.194390406579623,4.076738946423575e-13
3080,0.9996754300551771,0.9996754300551768,0.9996754300551769,2.2211669732922774e-16,1.1105834866461387e-16,4.196016159864507,4.196016159864848,3.410605131648481e-13
3090,0.9996764801035267,0.9996764801035264,0.9996764801035264,3.3317469603071446e-16,0.0,4.197636644130121,4.197636644131216,1.0951239914902544e-12
3100,0.9996775233795554,0.9996775233795551,0.999677523379555,4.442324644338852e-16,1.110581161084713e-16,4.199251893419233,4.19925189341975,5.169198402654729e-13
3110,0.9996785599485699,0.9996785599485696,0.9996785599485696,3.331740028561603e-16,0.0,4.200861941446156,4.2008619414467825,6.261657858885883e-13
3120,0.9996795898750404,0.99967958987504,0.99967958987504,3.3317365960145325e-16,0.0,4.202466821600552,4.2024668216007735,2.2115642650533118e-13
3130,0.999680613222613,0.9996806132226127,0.9996806132226126,4.44231091386756e-16,1.11057772846689e-16,4.204066566951598,4.20406656695186,2.6201263381153694e-13
3140,0.9996816300541234,0.999681630054123,0.9996816300541229,4.442306395347283e-16,1.1105765988368207e-16,4.205661210252067,4.205661210251855,2.1227464230832993e-13
3150,0.9996826404316094,0.999682640431609,0.999682640431609,3.3317264291370175e-16,0.0,4.207250783942352,4.207250783942436,8.348877145181177e-14
3160,0.9996836444163242,0.9996836444163238,0.999683644416324,2.2211487220507088e-16,1.1105743610253544e-16,4.208835320154429,4.208835320154685,2.5579538487363607e-13
3170,0.9996846420687481,0.9996846420687477,0.9996846420687481,0.0,3.331719758125903e-16,4.21041485071575,4.2104148507163695,6.190603585309873e-13
3180,0.9996856334486012,0.9996856334486008,0.9996856334486011,1.11057215136246e-16,2.22114430272492e-16,4.211989407153086,4.211989407153305,2.184918912462308e-13
3190,0.9996866186148544,0.9996866186148541,0.9996866186148543,1.1105710569212773e-16,2.2211421138425545e-16,4.213559020696297,4.21355902069572,5.773159728050814e-13
3200,0.9996875976257421,0.9996875976257418,0.999687597625742,1.1105699693203518e-16,2.2211399386407037e-16,4.215123722282047,4.215123722281441,6.057376822354854e-13
3210,0.999688570538773,0.9996885705387727,0.9996885705387729,1.1105688884957564e-16,2.2211377769915127e-16,4.216683542557467,4.216683542557257,2.1049828546892968e-13
3220,0.9996895374107422,0.9996895374107418,0.999689537410742,2.2211356287687137e-16,1.1105678143843568e-16,4.218238511883757,4.218238511883919,1.616484723854228e-13
3230,0.9996904982977409,0.9996904982977406,0.9996904982977406,3.3317002407714066e-16,0.0,4.219788660339728,4.219788660340691,9.627854069549358e-13
3240,0.9996914532551685,0.9996914532551682,0.9996914532551682,3.33169705815753e-16,0.0,4.221334017725294,4.2213340177262575,9.636735853746359e-13
3250,0.9996924023377426,0.9996924023377423,0.9996924023377423,3.33169389512897e-16,0.0,4.222874613564917,4.222874613566,1.0826894936144527e-12
3260,0.9996933455995097,0.9996933455995094,0.9996933455995094,3.3316907515054924e-16,0.0,4.224410477110979,4.224410477112451,1.4717116414431075e-12
3270,0.9996942830938556,0.9996942830938552,0.9996942830938551,4.442250169478761e-16,1.1105625423696902e-16,4.22594163734712,4.225941637348478,1.3580248037214915e-12
3280,0.9996952148735145,0.9996952148735142,0.9996952148735142,3.3316845217638464e-16,0.0,4.227468122991526,4.227468122991831,3.0464519795714295e-13
3290,0.9996961409905809,0.9996961409905806,0.9996961409905804,5.552802392160168e-16,2.221120956864067e-16,4.228989962500154,4.228989962500145,8.881784197001252e-15
3300,0.9996970614965166,0.9996970614965163,0.9996970614965162,4.442237823378959e-16,1.1105594558447399e-16,4.230507184069912,4.230507184069119,7.931433287922118e-13
3310,0.9996979764421627,0.9996979764421624,0.9996979764421625,2.221116878872443e-16,1.1105584394362215e-16,4.232019815641803,4.232019815640251,1.552535877635819e-12
3320,0.9996988858777479,0.9996988858777476,0.9996988858777477,2.221114858301292e-16,1.110557429150646e-16,4.2335278849040066,4.23352788490265,1.3562484468820912e-12
3330,0.9996997898528972,0.9996997898528969,0.999699789852897,2.2211128498657037e-16,1.1105564249328519e-16,4.235031419294921,4.235031419293954,9.663381206337363e-13
3340,0.9997006884166417,0.9997006884166414,0.9997006884166417,0.0,3.3316662801850133e-16,4.236530446006158,4.236530446005781,3.774758283725532e-13
3350,0.9997015816174277,0.9997015816174274,0.9997015816174276,1.1105544344832537e-16,2.2211088689665074e-16,4.238024991985494,4.238024991985548,5.417888360170764e-14
3360,0.999702469503124,0.9997024695031237,0.999702469503124,0.0,3.331660344433171e-16,4.239515083939778,4.239515083939659,1.1901590823981678e-13
3370,0.9997033521210322,0.9997033521210319,0.9997033521210323,1.11055246765917e-16,4.44220987063668e-16,4.2410007483377905,4.241000748338046,2.5579538487363607e-13
3380,0.9997042295178941,0.9997042295178937,0.9997042295178941,0.0,3.3316544789269124e-16,4.242482011413075,4.242482011413721,6.465938895416912e-13
3390,0.9997051017398997,0.9997051017398993,0.9997051017398997,0.0,3.3316515721273505e-16,4.243958899166705,4.243958899167773,1.0684786388992507e-12
3400,0.9997059688326962,0.9997059688326959,0.9997059688326962,0.0,3.3316486824266096e-16,4.245431437370029,4.245431437371189,1.1599610161283636e-12
3410,0.9997068308413956,0.9997068308413952,0.9997068308413954,1.1105486032247533e-16,2.2210972064495066e-16,4.24689965156737,4.246899651568492,1.1217693440812582e-12
3420,0.9997076878105817,0.9997076878105814,0.9997076878105817,0.0,3.331642953721632e-16,4.248363567078679,4.248363567080923,2.2444268665822165e-12
3430,0.9997085397843195,0.9997085397843192,0.9997085397843194,1.110546704807263e-16,2.221093409614526e-16,4.249823209002159,4.249823209003261,1.1022294188478554e-12
3440,0.9997093868061611,0.9997093868061607,0.999709386806161,1.110545763876501e-16,2.221091527753002e-16,4.25127860221685,4.2512786022179165,1.0667022820598504e-12
3450,0.9997102289191541,0.9997102289191537,0.9997102289191538,2.2210896568008203e-16,1.1105448284004101e-16,4.252729771385164,4.252729771386748,1.5836221223253233e-12
3460,0.9997110661658483,0.9997110661658479,0.999711066165848,2.221087796663391e-16,1.1105438983316955e-16,4.2541767409554,4.254176740956972,1.5720758028692217e-12
3470,0.9997118985883034,0.9997118985883031,0.9997118985883031,3.3316289208708224e-16,0.0,4.255619535164215,4.25561953516526,1.0444978215673473e-12
3480,0.9997127262280956,0.9997127262280953,0.9997127262280954,2.2210841084598677e-16,1.1105420542299339e-16,4.257058178039056,4.257058178040006,9.494627306594339e-13
3490,0.9997135491263252,0.9997135491263248,0.9997135491263248,3.331623420314976e-16,0.0,4.258492693400564,4.258492693401785,1.2212453270876722e-12
3500,0.9997143673236223,0.999714367323622,0.9997143673236218,4.442160924814483e-16,1.1105402312036208e-16,4.259923104864939,4.2599231048660835,1.1448619829934614e-12
3510,0.9997151808601543,0.999715180860154,0.9997151808601538,5.552696637405876e-16,2.2210786549623504e-16,4.261349435846274,4.261349435847387,1.112887559884257e-12
3520,0.9997159897756325,0.9997159897756321,0.9997159897756319,5.552692144467579e-16,2.221076857787032e-16,4.262771709558855,4.262771709560547,1.6919798895287386e-12
3530,0.999716794109318,0.9997167941093177,0.9997167941093175,5.552687676985025e-16,2.22107507079401e-16,4.2641899490194275,4.264189949021238,1.8101076193488552e-12
3540,0.9997175939000288,0.9997175939000285,0.9997175939000282,5.552683234742485e-16,2.221073293896994e-16,4.265604177049427,4.265604177051409,1.9815260543509794e-12
3550,0.9997183891861452,0.9997183891861449,0.9997183891861448,4.442143054021331e-16,1.1105357635053327e-16,4.267014416277191,4.267014416278834,1.6431300764452317e-12
3560,0.9997191800056169,0.9997191800056165,0.9997191800056164,4.442139540101329e-16,1.1105348850253321e-16,4.268420689140127,4.268420689141203,1.0755840662568517e-12
3570,0.9997199663959678,0.9997199663959675,0.9997199663959675,3.3316020344003647e-16,0.0,4.26982301788685,4.269823017887483,6.332712132461893e-13
3580,0.9997207483943037,0.9997207483943034,0.9997207483943032,4.442132571153838e-16,1.1105331427884596e-16,4.271221424579302,4.271221424580198,8.961720254774264e-13
3590,0.999721526037316,0.9997215260373157,0.9997215260373155,5.552661394747824e-16,2.221064557899129e-16,4.272615931094832,4.272615931095424,5.915268275202834e-13
3600,0.9997222993612891,0.9997222993612888,0.9997222993612885,5.552657099548873e-16,2.2210628398195494e-16,4.2740065591282494,4.274006559129611,1.361577517400292e-12
3610,0.9997230684021053,0.999723068402105,0.9997230684021047,6.663183393775247e-16,3.3315916968876235e-16,4.2753933301938485,4.275393330195038,1.1892709039784677e-12
3620,0.9997238331952506,0.9997238331952503,0.9997238331952499,6.663178296410539e-16,3.3315891482052697e-16,4.2767762656274035,4.27677626562845,1.0462741784067475e-12
3630,0.99972459377582,0.9997245937758197,0.9997245937758193,6.663173227130485e-16,3.3315866135652425e-16,4.278155386588142,4.278155386589241,1.099564883588755e-12
3640,0.999725350178523,0.9997253501785227,0.9997253501785224,6.663168185703618e-16,3.331584092851809e-16,4.279530714060687,4.279530714062184,1.496580637194711e-12
3650,0.9997261024376888,0.9997261024376884,0.9997261024376883,4.442108781267338e-16,1.1105271953168346e-16,4.280902268856973,4.280902268859244,2.2710722191732202e-12
3660,0.9997268505872716,0.9997268505872713,0.9997268505872713,3.331579092748113e-16,0.0,4.282270071618132,4.282270071620041,1.908695423935569e-12
3670,0.9997275946608559,0.9997275946608556,0.9997275946608554,5.552627688554428e-16,2.221051075421771e-16,4.283634142816361,4.283634142818209,1.8482992913959606e-12
3680,0.9997283346916606,0.9997283346916602,0.9997283346916599,6.663148293986741e-16,3.3315741469933705e-16,4.284994502756757,4.2849945027582175,1.4601653219870059e-12
3690,0.9997290707125446,0.9997290707125442,0.999729070712544,5.552619490367822e-16,2.2210477961471287e-16,4.286351171579137,4.286351171580827,1.6893153542696382e-12
3700,0.9997298027560125,0.9997298027560122,0.9997298027560119,6.663138509412494e-16,3.331569254706247e-16,4.287704169259818,4.287704169261269,1.4503953593703045e-12
3710,0.9997305308542177,0.9997305308542174,0.9997305308542171,5.552611380571369e-16,2.2210445522285477e-16,4.289053515613394,4.2890535156151595,1.765698698363849e-12
3720,0.9997312550389686,0.9997312550389683,0.999731255038968,6.663128830048722e-16,3.331564415024361e-16,4.290399230294463,4.290399230297134,2.6707525080382766e-12
3730,0.9997319753417322,0.9997319753417319,0.9997319753417314,7.77364470084054e-16,4.442082686194594e-16,4.291741332799356,4.291741332801302,1.9459989175629744e-12
3740,0.999732691793639,0.9997326917936387,0.9997326917936381,8.884159005610076e-16,5.552599378506297e-16,4.293079842467825,4.2930798424694325,1.6076029396572267e-12
3750,0.9997334044254875,0.9997334044254872,0.9997334044254865,9.994671756885509e-16,6.663114504590339e-16,4.294414778484722,4.294414778486861,2.1396218130576017e-12
3760,0.999734113267749,0.9997341132677486,0.999734113267748,9.994664670355565e-16,6.663109780237043e-16,4.295746159881638,4.2957461598843105,2.672528864877677e-12
3770,0.9997348183505711,0.9997348183505708,0.9997348183505701,9.994657621419944e-16,6.66310508094663e-16,4.297074005538543,4.297074005541526,2.9825031333530205e-12
3780,0.9997355197037832,0.9997355197037828,0.999735519703782,1.110516734420031e-15,7.773617140940216e-16,4.298398334185385,4.298398334188186,2.801314735734195e-12
3790,0.9997362173568989,0.9997362173568985,0.9997362173568979,9.99464363514135e-16,6.6630957567609e-16,4.299719164403677,4.299719164406633,2.9558577807620168e-12
3800,0.9997369113391222,0.9997369113391219,0.9997369113391212,9.994636697211047e-16,6.663091131474032e-16,4.3010365146280645,4.301036514630504,2.439826118916244e-12
3810,0.9997376016793503,0.99973760167935,0.9997376016793492,1.1105144217444809e-15,7.773600952211365e-16,4.302350403147861,4.302350403150194,2.332356530132529e-12
3820,0.9997382884061773,0.999738288406177,0.9997382884061764,8.884109271398373e-16,5.552568294623983e-16,4.303660848108581,4.30366084811103,2.4487079031132453e-12
3830,0.9997389715478996,0.9997389715478993,0.9997389715478987,8.884103200708041e-16,5.552564500442526e-16,4.304967867513438,4.304967867516006,2.567723811353062e-12
3840,0.9997396511325185,0.9997396511325182,0.9997396511325176,8.884097161635888e-16,5.55256072602243e-16,4.30627147922483,4.306271479227143,2.312816604899126e-12
3850,0.9997403271877442,0.9997403271877439,0.9997403271877434,7.773579759693596e-16,4.442045576967769e-16,4.307571700965806,4.307571700968219,2.4131807663252403e-12
3860,0.9997409997410006,0.9997409997410003,0.9997409997409997,8.88408517736317e-16,5.552553235851981e-16,4.308868550321508,4.308868550323859,2.3510082769462315e-12
3870,0.9997416688194274,0.999741668819427,0.9997416688194265,8.88407923167748e-16,5.552549519798425e-16,4.3101620447406015,4.310162044743174,2.5721647034515627e-12
3880,0.9997423344498849,0.9997423344498846,0.999742334449884,8.884073316639655e-16,5.552545822899785e-16,4.311452201536681,4.311452201539304,2.62367905179417e-12
3890,0.9997429966589574,0.999742996658957,0.9997429966589566,7.773559003011668e-16,4.442033716006667e-16,4.312739037889664,4.3127390378916965,2.0321522242738865e-12
3900,0.9997436554729563,0.999743655472956,0.9997436554729556,6.66304618317344e-16,3.33152309158672e-16,4.31402257084716,4.314022570848828,1.6679990721968352e-12
3910,0.9997443109179244,0.999744310917924,0.9997443109179238,5.552534845663667e-16,2.2210139382654667e-16,4.315302817325832,4.315302817327301,1.4690471061840071e-12
3920,0.9997449630196383,0.999744963019638,0.9997449630196379,4.442024979137999e-16,1.1105062447844997e-16,4.316579794112723,4.316579794114568,1.84474657771716e-12
3930,0.9997456118036129,0.9997456118036125,0.9997456118036123,5.552527620612583e-16,2.2210110482450335e-16,4.317853517866587,4.317853517868934,2.346567384847731e-12
3940,0.9997462572951032,0.9997462572951029,0.9997462572951028,4.442019228474865e-16,1.1105048071187162e-16,4.319124005119192,4.319124005121375,2.183142555622908e-12
3950,0.9997468995191097,0.9997468995191093,0.9997468995191091,5.552520468726574e-16,2.2210081874906293e-16,4.3203912722765985,4.32039127227872,2.121858244663599e-12
3960,0.9997475385003793,0.999747538500379,0.9997475385003787,6.663020303848857e-16,3.3315101519244283e-16,4.321655335620441,4.32165533562229,1.8491874698156607e-12
3970,0.9997481742634104,0.9997481742634101,0.9997481742634097,7.773518744459818e-16,4.442010711119896e-16,4.322916211309178,4.3229162113110755,1.8971491044794675e-12
3980,0.9997488068324547,0.9997488068324544,0.9997488068324542,5.552509875669282e-16,2.2210039502677125e-16,4.324173915379336,4.324173915381288,1.9522161665008753e-12
3990,0.9997494362315216,0.9997494362315212,0.9997494362315209,6.663007656058647e-16,3.3315038280293233e-16,4.325428463746723,4.325428463749085,2.361666417982633e-12
4000,0.9997500624843794,0.999750062484379,0.9997500624843789,4.442002321525252e-16,1.110500580381313e-16,4.32667987220765,4.326679872210115,2.4655832930875476e-12
4010,0.9997506856145605,0.9997506856145602,0.9997506856145599,5.5524994411116e-16,2.22099977644464e-16,4.327928156440115,4.3279281564422485,2.133404564119701e-12
4020,0.9997513056453625,0.9997513056453622,0.9997513056453619,6.662995197041424e-16,3.331497598520712e-16,4.329173332004986,4.329173332007394,2.4078516958070395e-12
4030,0.9997519225998517,0.9997519225998514,0.9997519225998511,5.552492571047154e-16,2.2209970284188616e-16,4.330415414347161,4.330415414349681,2.5197621766892553e-12
4040,0.9997525365008666,0.9997525365008663,0.9997525365008662,4.441991329218076e-16,1.110497832304519e-16,4.331654418796724,4.331654418799098,2.3741009158584347e-12
4050,0.9997531473710201,0.9997531473710197,0.9997531473710195,5.552485768835197e-16,2.2209943075340787e-16,4.332890360570074,4.3328903605724,2.326139281194628e-12
4060,0.9997537552327019,0.9997537552327016,0.9997537552327013,6.662978871432652e-16,3.331489435716326e-16,4.334123254771047,4.334123254773567,2.5197621766892553e-12
4070,0.9997543601080822,0.9997543601080818,0.9997543601080816,5.552479033475444e-16,2.220991613390178e-16,4.335353116392027,4.335353116394253,2.225775119768514e-12
4080,0.9997549620191136,0.9997549620191133,0.999754962019113,6.662970828669506e-16,3.331485414334753e-16,4.3365799603150395,4.336579960316976,1.936228954946273e-12
4090,0.9997555609875342,0.9997555609875338,0.9997555609875336,5.552472363987182e-16,2.220988945594873e-16,4.337803801312828,4.337803801315112,2.284394895468722e-12
4100,0.9997561570348701,0.9997561570348698,0.9997561570348695,5.552469053643618e-16,2.2209876214574473e-16,4.339024654049922,4.339024654051991,2.0685675394815917e-12
4110,0.9997567501824379,0.9997567501824376,0.9997567501824374,5.552465759408782e-16,2.220986303763513e-16,4.3402425330837,4.340242533086802,3.1024072200125374e-12
4120,0.9997573404513472,0.9997573404513469,0.9997573404513468,4.441969984932301e-16,1.1104924962330752e-16,4.3414574528654155,4.34145745286687,1.4548362514688051e-12
4130,0.9997579278625036,0.9997579278625033,0.9997579278625031,5.552459218797241e-16,2.2209836875188966e-16,4.34266942774124,4.342669427743112,1.872280108727864e-12
4140,0.9997585124366101,0.9997585124366097,0.9997585124366095,5.55245597218934e-16,2.2209823888757357e-16,4.343878471953271,4.343878471954576,1.304734098539484e-12
4150,0.9997590941941706,0.9997590941941703,0.9997590941941701,5.552452741227741e-16,2.2209810964910964e-16,4.345084599640543,4.345084599642996,2.4522606167920458e-12
4160,0.999759673155492,0.9997596731554916,0.9997596731554914,5.552449525799611e-16,2.2209798103198445e-16,4.346287824840014,4.346287824841874,1.8598456108520622e-12
4170,0.9997602493406862,0.9997602493406859,0.9997602493406856,5.552446325793199e-16,2.22097853031728e-16,4.347488161487545,4.347488161489218,1.6724399642953358e-12
4180,0.9997608227696728,0.9997608227696725,0.9997608227696724,4.441954512878258e-16,1.1104886282195645e-16,4.3486856234188735,4.34868562342026,1.3864465131518955e-12
4190,0.9997613934621813,0.999761393462181,0.9997613934621808,4.441951977283085e-16,1.1104879943207711e-16,4.349880224370568,4.349880224372009,1.4406253967536031e-12
4200,0.9997619614377533,0.999761961437753,0.9997619614377529,4.441949453762175e-16,1.1104873634405436e-16,4.351071977980969,4.351071977984156,3.1867841698840493e-12
4210,0.9997625267157448,0.9997625267157445,0.9997625267157445,3.3314602066721143e-16,0.0,4.352260897791133,4.3522608977945305,3.397282455352979e-12
4220,0.9997630893153283,0.999763089315328,0.9997630893153281,2.220972221299899e-16,1.1104861106499494e-16,4.353446997245748,4.353446997249102,3.353761712787673e-12
4230,0.9997636492554954,0.9997636492554951,0.9997636492554951,3.331456466091516e-16,0.0,4.3546302896940485,4.354630289696524,2.475353255704249e-12
4240,0.9997642065550579,0.9997642065550576,0.9997642065550578,1.110484869678134e-16,2.220969739356268e-16,4.355810788390713,4.355810788393591,2.878586258248106e-12
4250,0.9997647612326513,0.999764761232651,0.9997647612326511,2.2209685071442544e-16,1.1104842535721272e-16,4.356988506496762,4.356988506498873,2.1112001036271977e-12
4260,0.9997653133067357,0.9997653133067353,0.9997653133067355,2.2209672807172733e-16,1.1104836403586367e-16,4.358163457080434,4.358163457082719,2.284394895468722e-12
4270,0.9997658627955982,0.9997658627955979,0.9997658627955982,0.0,3.3314490900520215e-16,4.3593356531180545,4.359335653119069,1.014299755297543e-12
4280,0.9997664097173559,0.9997664097173555,0.9997664097173558,1.1104824225281063e-16,2.2209648450562126e-16,4.360505107494899,4.360505107495464,5.648814749292796e-13
4290,0.9997669540899558,0.9997669540899554,0.9997669540899558,0.0,3.3314454536129696e-16,4.36167183300604,4.3616718330066755,6.350475700855895e-13
4300,0.9997674959311789,0.9997674959311785,0.9997674959311788,1.110481216026232e-16,2.220962432052464e-16,4.362835842357191,4.362835842358344,1.1537437671904627e-12
4310,0.9997680352586408,0.9997680352586404,0.9997680352586407,1.1104806169742576e-16,2.2209612339485152e-16,4.363997148165532,4.363997148166981,1.4495071809506044e-12
4320,0.9997685720897941,0.9997685720897938,0.9997685720897941,0.0,3.3314400620870145e-16,4.36515576296053,4.365155762961785,1.254996107036277e-12
4330,0.9997691064419303,0.99976910644193,0.9997691064419303,0.0,3.331438281513778e-16,4.366311699184758,4.366311699186462,1.7044143874045403e-12
4340,0.9997696383321815,0.9997696383321811,0.9997696383321816,1.1104788363819826e-16,4.44191534552793e-16,4.367464969194688,4.367464969197408,2.7196023211217835e-12
4350,0.9997701677775224,0.999770167777522,0.9997701677775224,0.0,3.3314347449269355e-16,4.368615585261485,4.368615585263705,2.220446049250313e-12
4360,0.9997706947947719,0.9997706947947715,0.9997706947947719,0.0,3.33143298880067e-16,4.369763559571793,4.369763559574403,2.609468197078968e-12
4370,0.9997712194005948,0.9997712194005944,0.9997712194005949,1.110477080237199e-16,4.441908320948796e-16,4.370908904228512,4.370908904230327,1.815436689867056e-12
4380,0.9997717416115041,0.9997717416115037,0.9997717416115042,1.110476500201555e-16,4.44190600080622e-16,4.372051631251554,4.37205163125227,7.158718062783009e-13
4390,0.9997722614438626,0.9997722614438622,0.9997722614438624,1.1104759228084425e-16,2.220951845616885e-16,4.37319175257861,4.373191752580078,1.4672707493446069e-12
4400,0.9997727789138833,0.9997727789138829,0.9997727789138832,1.110475348039844e-16,2.220950696079688e-16,4.374329280065893,4.374329280067195,1.3020695632803836e-12
4410,0.9997732940376332,0.9997732940376328,0.9997732940376332,0.0,3.331424327633718e-16,4.375464225488878,4.375464225490668,1.7896795156957523e-12
4420,0.9997738068310337,0.9997738068310333,0.9997738068310337,0.0,3.331422618914808e-16,4.376596600543038,4.37659660054478,1.7426060594516457e-12
4430,0.9997743173098624,0.9997743173098621,0.9997743173098623,1.1104736393034014e-16,2.220947278606803e-16,4.377726416844556,4.377726416845598,1.0418332863082469e-12
4440,0.9997748254897546,0.9997748254897543,0.9997748254897546,0.0,3.331419224567784e-16,4.378853685931058,4.3788536859318805,8.22453216642316e-13
4450,0.9997753313862054,0.9997753313862051,0.9997753313862053,1.110472512945297e-16,2.220945025890594e-16,4.379978419262301,4.37997841926417,1.8696155734687636e-12
4460,0.9997758350145709,0.9997758350145706,0.9997758350145707,2.2209439071088893e-16,1.1104719535544447e-16,4.381100628220883,4.381100628222975,2.091660178393795e-12
4470,0.9997763363900697,0.9997763363900694,0.9997763363900694,3.331414189999379e-16,0.0,4.382220324112933,4.382220324115132,2.19912976717751e-12
4480,0.9997768355277844,0.9997768355277841,0.999776835527784,4.441883369058328e-16,1.110470842264582e-16,4.383337518168792,4.3833375181701735,1.3811174426336947e-12
4490,0.9997773324426635,0.9997773324426632,0.9997773324426631,4.4418811613288e-16,1.1104702903322e-16,4.38445222154369,4.38445222154487,1.1803891197814664e-12
4500,0.9997778271495228,0.9997778271495225,0.9997778271495223,4.441878963411404e-16,1.110469740852851e-16,4.385564445318413,4.385564445318686,2.7355895326763857e-13
4510,0.9997783196630464,0.9997783196630461,0.9997783196630459,5.552345969051088e-16,2.220938387620435e-16,4.386674200499967,4.3866742005001464,1.794120407794253e-13
4520,0.9997788099977886,0.9997788099977882,0.9997788099977881,4.441874596752507e-16,1.1104686491881268e-16,4.38778149802223,4.3877814980231955,9.654499422140361e-13
4530,0.9997792981681753,0.999779298168175,0.9997792981681748,5.552340534852742e-16,2.2209362139410967e-16,4.3888863487465954,4.3888863487472,6.048495038157853e-13
4540,0.9997797841885051,0.9997797841885048,0.9997797841885048,3.331402701424781e-16,0.0,4.389988763462615,4.389988763462406,2.0872192862952943e-13
4550,0.9997802680729514,0.9997802680729511,0.999780268072951,4.441868118742055e-16,1.1104670296855138e-16,4.391088752888632,4.391088752889027,3.943512183468556e-13
4560,0.9997807498355628,0.9997807498355624,0.9997807498355624,3.331399483760091e-16,0.0,4.392186327672404,4.392186327673607,1.2034817586936697e-12
4570,0.9997812294902652,0.9997812294902648,0.9997812294902647,4.441863847318678e-16,1.1104659618296696e-16,4.39328149839172,4.393281498392661,9.414691248821327e-13
4580,0.9997817070508628,0.9997817070508624,0.9997817070508622,5.552327156995461e-16,2.2209308627981846e-16,4.394374275555015,4.39437427555631,1.2949641359227826e-12
4590,0.9997821825310395,0.9997821825310391,0.999782182531039,4.441859613119036e-16,1.110464903279759e-16,4.395464669601975,4.395464669601915,6.039613253960852e-14
4600,0.9997826559443606,0.9997826559443602,0.9997826559443599,6.662786264739581e-16,3.3313931323697905e-16,4.396552690904134,4.396552690904991,8.570921750106208e-13
4610,0.999783127304273,0.9997831273042727,0.9997831273042724,5.552319269573315e-16,2.220927707829326e-16,4.3976383497654625,4.397638349768294,2.8315128020039992e-12
4620,0.9997835966241078,0.9997835966241074,0.9997835966241073,4.441853330556579e-16,1.1104633326391448e-16,4.3987216564229605,4.3987216564263685,3.4079405963893805e-12
4630,0.999784063917081,0.9997840639170806,0.9997840639170805,4.441851254461426e-16,1.1104628136153564e-16,4.399802621047233,4.399802621050093,2.8599345114344032e-12
4640,0.9997845291962943,0.999784529196294,0.9997845291962939,4.441849187314958e-16,1.1104622968287396e-16,4.400881253743062,4.400881253745774,2.7116087153444823e-12
4650,0.9997849924747372,0.9997849924747368,0.9997849924747366,5.552308911324304e-16,2.220923564529722e-16,4.401957564549975,4.401957564553322,3.346656285430072e-12
4660,0.9997854537652868,0.9997854537652865,0.9997854537652864,4.441845079637644e-16,1.110461269909411e-16,4.403031563442801,4.403031563446256,3.455014052633487e-12
4670,0.9997859130807111,0.9997859130807107,0.9997859130807107,3.331382279244608e-16,0.0,4.404103260332236,4.40410326033716,4.924061158817494e-12
4680,0.9997863704336684,0.999786370433668,0.999786370433668,3.3313807553015114e-16,0.0,4.405172665065379,4.4051726650722225,6.843414723789465e-12
4690,0.999786825836709,0.9997868258367086,0.9997868258367086,3.331379237857106e-16,0.0,4.40623978742628,4.40623978743215,5.869971175798128e-12
4700,0.9997872793022765,0.9997872793022762,0.9997872793022761,4.441836969159882e-16,1.1104592422899705e-16,4.40730463713648,4.407304637142169,5.688782778179302e-12
4710,0.999787730842709,0.9997877308427087,0.9997877308427086,4.441834963065063e-16,1.1104587407662658e-16,4.408367223855541,4.408367223861114,5.572431405198586e-12
4720,0.9997881804702398,0.9997881804702394,0.9997881804702393,4.441832965470648e-16,1.110458241367662e-16,4.409427557181571,4.409427557185972,4.4009240696141205e-12
4730,0.999788628196999,0.9997886281969987,0.9997886281969985,4.441830976322719e-16,1.1104577440806799e-16,4.410485646651741,4.410485646654615,2.8741453661496053e-12
4740,0.9997890740350139,0.9997890740350136,0.9997890740350137,2.2209144977839104e-16,1.1104572488919552e-16,4.411541501742804,4.411541501744886,2.0818902157770935e-12
4750,0.9997895179962116,0.9997895179962113,0.9997895179962113,3.3313702673647067e-16,0.0,4.412595131871603,4.412595131874604,3.001154880166723e-12
4760,0.9997899600924178,0.9997899600924175,0.9997899600924176,2.2209125295127606e-16,1.1104562647563803e-16,4.413646546395576,4.413646546397012,1.4361845046551025e-12
4770,0.9997904003353597,0.9997904003353594,0.9997904003353595,2.220911551566718e-16,1.110455775783359e-16,4.414695754613254,4.414695754616241,2.986944025451521e-12
4780,0.9997908387366661,0.9997908387366657,0.999790838736666,1.1104552888562498e-16,2.2209105777124995e-16,4.415742765764751,4.41574276576639,1.638689184346731e-12
4790,0.9997912753078692,0.9997912753078688,0.9997912753078689,2.220909607924478e-16,1.110454803962239e-16,4.416787589032259,4.416787589033356,1.0969003483296547e-12
4800,0.9997917100604042,0.9997917100604039,0.9997917100604041,1.1104543210886202e-16,2.2209086421772403e-16,4.417830233540521,4.417830233542099,1.5782930518071225e-12
4810,0.9997921430056124,0.999792143005612,0.9997921430056121,2.2209076804455836e-16,1.1104538402227918e-16,4.418870708357322,4.418870708359372,2.049915792667889e-12
4820,0.9997925741547398,0.9997925741547394,0.9997925741547397,1.1104533613522572e-16,2.2209067227045144e-16,4.419909022493955,4.419909022496449,2.4940050025179517e-12
4830,0.9997930035189403,0.99979300351894,0.9997930035189402,1.1104528844646233e-16,2.2209057689292467e-16,4.420945184905687,4.420945184910033,4.345857007592713e-12
4840,0.9997934311092751,0.9997934311092748,0.999793431109275,1.1104524095475997e-16,2.2209048190951995e-16,4.421979204492229,4.421979204496801,4.572342504616245e-12
4850,0.9997938569367141,0.9997938569367137,0.9997938569367141,0.0,3.33135580976699e-16,4.423011090098185,4.4230110901024995,4.314770762903208e-12
4860,0.9997942810121374,0.9997942810121371,0.9997942810121374,0.0,3.3313543967301766e-16,4.424040850513519,4.4240408505164845,2.965627743378718e-12
4870,0.9997947033463356,0.9997947033463352,0.9997947033463355,1.1104509964987961e-16,2.2209019929975923e-16,4.425068494473993,4.425068494478091,4.098055228496378e-12
4880,0.9997951239500102,0.9997951239500099,0.9997951239500102,0.0,3.3313515880299524e-16,4.426094030661617,4.426094030665717,4.099831585335778e-12
4890,0.9997955428337763,0.9997955428337759,0.9997955428337764,1.1104500640984949e-16,4.441800256393979e-16,4.427117467705089,4.427117467709558,4.46931380793103e-12
4900,0.9997959600081615,0.9997959600081612,0.9997959600081616,1.110449600752631e-16,4.441798403010524e-16,4.428138814180227,4.428138814186149,5.922373702560435e-12
4910,0.9997963754836082,0.9997963754836079,0.9997963754836082,0.0,3.3313474178823687e-16,4.4291580786104054,4.429158078617456,7.050360295579594e-12
4920,0.9997967892704733,0.999796789270473,0.9997967892704734,1.1104486797114625e-16,4.44179471884585e-16,4.430175269466979,4.430175269474511,7.532641177476762e-12
4930,0.9997972013790305,0.9997972013790302,0.9997972013790306,1.1104482219932347e-16,4.441792887972939e-16,4.431190395169702,4.431190395177418,7.715605931934988e-12
4940,0.9997976118194698,0.9997976118194695,0.9997976118194697,1.1104477661281173e-16,2.2208955322562346e-16,4.432203464087157,4.432203464093527,6.370015626089298e-12
4950,0.9997980206018986,0.9997980206018983,0.9997980206018986,0.0,3.3313419363146363e-16,4.433214484537153,4.433214484542895,5.74207348336131e-12
4960,0.9997984277363434,0.9997984277363431,0.9997984277363435,1.1104468599123794e-16,4.441787439649518e-16,4.434223464787151,4.434223464791921,4.7695181137896725e-12
4970,0.9997988332327499,0.9997988332327495,0.99979883323275,1.110446409539568e-16,4.441785638158272e-16,4.435230413054659,4.435230413060617,5.95790083934844e-12
4980,0.9997992371009837,0.9997992371009834,0.9997992371009837,0.0,3.331337882926449e-16,4.436235337507638,4.436235337514426,6.788347661768057e-12
4990,0.9997996393508314,0.999799639350831,0.9997996393508315,1.1104455142092498e-16,4.441782056836999e-16,4.437238246264897,4.4372382462724085,7.511324895403959e-12
5000,0.9998000399920015,0.9998000399920012,0.9998000399920016,1.1104450692300815e-16,4.441780276920326e-16,4.43823914739649,4.43823914740451,8.020251129892131e-12
5010,0.999800439034125,0.9998004390341246,0.999800439034125,0.0,3.331333878081832e-16,4.439238048924109,4.439238048931565,7.456257833382551e-12
5020,0.9998008364867557,0.9998008364867553,0.9998008364867557,0.0,3.331332553770664e-16,4.440234958821452,4.4402349588280225,6.5707439489415265e-12
5030,0.999801232359372,0.9998012323593717,0.9998012323593719,1.110443744908382e-16,2.220887489816764e-16,4.441229885014627,4.44122988501922,4.5927706082693476e-12
5040,0.9998016266613768,0.9998016266613765,0.9998016266613767,1.1104433069713123e-16,2.2208866139426246e-16,4.44222283538252,4.442222835386837,4.317435298162309e-12
5050,0.9998020194020987,0.9998020194020983,0.9998020194020986,1.1104428707686467e-16,2.2208857415372933e-16,4.443213817757164,4.443213817760715,3.5509373219611007e-12
5060,0.9998024105907926,0.9998024105907922,0.9998024105907923,2.2208848725802047e-16,1.1104424362901023e-16,4.444202839924125,4.444202839928857,4.732214620162267e-12
5070,0.99980280023664,0.9998028002366397,0.9998028002366397,3.3313260105764315e-16,0.0,4.445189909622849,4.445189909628334,5.484501741648273e-12
5080,0.9998031883487505,0.9998031883487501,0.9998031883487503,2.2208831449292996e-16,1.1104415724646498e-16,4.4461750345470445,4.446175034552561,5.516476164757478e-12
5090,0.9998035749361621,0.9998035749361618,0.9998035749361619,2.220882286195156e-16,1.110441143097578e-16,4.447158222345029,4.447158222351299,6.269651464663184e-12
5100,0.999803960007842,0.9998039600078417,0.9998039600078416,4.441762861657195e-16,1.1104407154142988e-16,4.448139480620094,4.448139480627014,6.919798067883676e-12
5110,0.9998043435726869,0.9998043435726865,0.9998043435726863,5.552201447024633e-16,2.2208805788098533e-16,4.4491188169308495,4.449118816938516,7.666756118851481e-12
5120,0.999804725639524,0.9998047256395237,0.9998047256395235,5.552199325298268e-16,2.2208797301193074e-16,4.450096238791579,4.450096238798232,6.653344541973638e-12
5130,0.9998051062171122,0.9998051062171118,0.9998051062171117,4.441757769474993e-16,1.1104394423687482e-16,4.451071753672587,4.451071753680389,7.8017592386459e-12
5140,0.9998054853141417,0.9998054853141414,0.9998054853141413,4.441756085290218e-16,1.1104390213225544e-16,4.452045369000537,4.452045369007373,6.836309296431864e-12
5150,0.9998058629392358,0.9998058629392355,0.9998058629392351,6.662631611468949e-16,3.3313158057344746e-16,4.453017092158788,4.45301709216701,8.22186763116406e-12
5160,0.9998062391009501,0.9998062391009498,0.9998062391009495,6.662629104756317e-16,3.3313145523781586e-16,4.453986930487746,4.453986930495284,7.537970247994963e-12
5170,0.9998066138077749,0.9998066138077746,0.9998066138077741,7.773064375697639e-16,4.441751071827222e-16,4.454954891285174,4.454954891291799,6.624922832543234e-12
5180,0.9998069870681344,0.9998069870681341,0.9998069870681335,8.883498827155114e-16,5.552186766971946e-16,4.45592098180654,4.455920981814324,7.783995670251898e-12
5190,0.9998073588903882,0.9998073588903879,0.9998073588903872,9.993932463865643e-16,6.662621642577096e-16,4.456885209265334,4.456885209272422,7.0885519676266995e-12
5200,0.9998077292828311,0.9998077292828308,0.9998077292828302,8.883492232423752e-16,5.552182645264846e-16,4.457847580833393,4.4578475808401885,6.795453089125658e-12
5210,0.999808098253695,0.9998080982536947,0.9998080982536941,8.883488954044822e-16,5.552180596278015e-16,4.458808103641225,4.458808103648061,6.836309296431864e-12
5220,0.9998084658111482,0.9998084658111479,0.9998084658111472,9.993921399255073e-16,6.662614266170049e-16,4.459766784778319,4.459766784784642,6.3229421698451915e-12
5230,0.9998088319632965,0.9998088319632962,0.9998088319632957,7.77304713053525e-16,4.441741217448714e-16,4.460723631293463,4.460723631299424,5.9614535530272406e-12
5240,0.9998091967181844,0.999809196718184,0.9998091967181836,7.773044294737236e-16,4.441739596992706e-16,4.461678650195057,4.4616786502018835,6.8265393338151625e-12
5250,0.9998095600837943,0.999809560083794,0.9998095600837935,7.773041469742263e-16,4.441737982709865e-16,4.4626318484514185,4.4626318484587495,7.331024676204834e-12
5260,0.9998099220680486,0.9998099220680483,0.9998099220680479,7.773038655488715e-16,4.44173637456498e-16,4.463583232991084,4.463583232998553,7.468692331258353e-12
5270,0.9998102826788093,0.999810282678809,0.9998102826788086,7.773035851915446e-16,4.441734772523112e-16,4.464532810703119,4.464532810710716,7.596590023695171e-12
5280,0.999810641923879,0.9998106419238787,0.999810641923878,9.993899647236566e-16,6.662599764824377e-16,4.465480588437409,4.465480588444643,7.23332505003782e-12
5290,0.9998109998110009,0.9998109998110005,0.9998109998109999,9.993896069872463e-16,6.662597379914975e-16,4.466426573004965,4.466426573012449,7.484679542812955e-12
5300,0.9998113563478598,0.9998113563478594,0.9998113563478589,8.883460005340309e-16,5.552162503337693e-16,4.46737077117821,4.467370771186233,8.022915665151231e-12
5310,0.9998117115420834,0.999811711542083,0.9998117115420825,8.8834568493924e-16,5.552160530870251e-16,4.468313189691272,4.468313189698983,7.711165039836487e-12
5320,0.9998120654012411,0.9998120654012408,0.9998120654012403,7.77302199214534e-16,4.441726852654479e-16,4.469253835240272,4.469253835248218,7.94653232105702e-12
5330,0.9998124179328463,0.9998124179328459,0.9998124179328456,6.662587929767403e-16,3.3312939648837016e-16,4.470192714483608,4.47019271449144,7.831957304915704e-12
5340,0.9998127691443557,0.9998127691443554,0.999812769144355,6.662585589351642e-16,3.331292794675821e-16,4.471129834042246,4.47112983404977,7.523759393279761e-12
5350,0.9998131190431702,0.9998131190431698,0.9998131190431695,6.662583257685099e-16,3.3312916288425494e-16,4.472065200499989,4.4720652005079495,7.960743175772222e-12
5360,0.9998134676366356,0.9998134676366353,0.9998134676366349,6.662580934718803e-16,3.3312904673594017e-16,4.472998820403758,4.472998820411612,7.854161765408207e-12
5370,0.999813814932043,0.9998138149320427,0.9998138149320425,5.552148850336793e-16,2.220859540134717e-16,4.473930700263871,4.4739307002709205,7.049472117159894e-12
5380,0.9998141609366296,0.9998141609366292,0.9998141609366289,6.662576314692901e-16,3.3312881573464503e-16,4.474860846554314,4.474860846562387,8.072653656654438e-12
5390,0.999814505657578,0.9998145056575777,0.9998145056575775,5.552145014614303e-16,2.220858005845721e-16,4.475789265713006,4.475789265722505,9.49906819869284e-12
5400,0.9998148491020187,0.9998148491020183,0.9998148491020181,5.552143107407843e-16,2.2208572429631374e-16,4.476715964142072,4.476715964151389,9.316991622654314e-12
5410,0.9998151912770288,0.9998151912770284,0.9998151912770282,5.552141207252054e-16,2.220856482900822e-16,4.4776409482081085,4.477640948217322,9.213074747549399e-12
5420,0.9998155321896334,0.999815532189633,0.9998155321896329,4.441711451286327e-16,1.1104278628215818e-16,4.478564224242436,4.478564224252204,9.768186259861977e-12
5430,0.9998158718468056,0.9998158718468053,0.9998158718468054,2.2208549711746685e-16,1.1104274855873342e-16,4.479485798541371,4.479485798552468,1.1096901175733365e-11
5440,0.9998162102554681,0.9998162102554677,0.9998162102554677,3.331281329219932e-16,0.0,4.48040567736648,4.480405677377257,1.077626876622162e-11
5450,0.9998165474224916,0.9998165474224913,0.9998165474224913,3.33128020581563e-16,0.0,4.481323866944833,4.481323866955699,1.0865974786611332e-11
5460,0.9998168833546974,0.9998168833546971,0.999816883354697,4.441705448701817e-16,1.1104263621754542e-16,4.482240373469254,4.482240373481454,1.220001877300092e-11
5470,0.9998172180588561,0.9998172180588558,0.9998172180588558,3.33127797132956e-16,0.0,4.483155203098577,4.4831552031118,1.3223200312495464e-11
5480,0.9998175515416898,0.9998175515416895,0.9998175515416895,3.331276860202819e-16,0.0,4.484068361957892,4.484068361970366,1.2474465904688259e-11
5490,0.9998178838098709,0.9998178838098706,0.9998178838098707,2.220850502082599e-16,1.1104252510412995e-16,4.48497985613879,4.484979856150766,1.1976197811236489e-11
5500,0.9998182148700239,0.9998182148700235,0.9998182148700236,2.220849766713813e-16,1.1104248833569064e-16,4.485889691699609,4.485889691711145,1.1535661315065227e-11
5510,0.9998185447287244,0.9998185447287241,0.9998185447287243,1.1104245170071213e-16,2.2208490340142426e-16,4.486797874665674,4.4867978746769035,1.1229239760268683e-11
5520,0.9998188733925013,0.999818873392501,0.9998188733925013,0.0,3.33127245595407e-16,4.487704411029539,4.487704411040704,1.1164402735630574e-11
5530,0.9998192008678359,0.9998192008678356,0.9998192008678358,1.1104237882824124e-16,2.2208475765648248e-16,4.488609306751218,4.488609306762464,1.1246115150242986e-11
5540,0.9998195271611623,0.999819527161162,0.9998195271611623,0.0,3.3312702776794183e-16,4.489512567758427,4.489512567769361,1.0933476346508542e-11
5550,0.9998198522788687,0.9998198522788684,0.9998198522788687,0.0,3.331269194429321e-16,4.490414199946815,4.490414199957649,1.0834000363502128e-11
5560,0.9998201762272974,0.999820176227297,0.9998201762272972,1.110422705025269e-16,2.220845410050538e-16,4.491314209180192,4.491314209189931,9.738876372011873e-12
5570,0.999820499012745,0.9998204990127446,0.9998204990127446,3.331267039597889e-16,0.0,4.4922126012907615,4.492212601300616,9.85433956657289e-12
5580,0.9998208206414626,0.9998208206414623,0.999820820641462,5.552109946624551e-16,2.2208439786498203e-16,4.4931093820793455,4.49310938209046,1.1114664744127367e-11
5590,0.9998211411196571,0.9998211411196568,0.9998211411196566,5.552108166976073e-16,2.220843266790429e-16,4.494004557315607,4.49400455732748,1.1872280936131574e-11
5600,0.9998214604534909,0.9998214604534905,0.9998214604534904,4.441685114946787e-16,1.1104212787366967e-16,4.494898132738279,4.494898132750586,1.2306600183364935e-11
5610,0.9998217786490824,0.9998217786490821,0.9998217786490822,2.220841850685117e-16,1.1104209253425586e-16,4.495790114055381,4.495790114067767,1.2386536241137946e-11
5620,0.9998220957125068,0.9998220957125065,0.9998220957125067,1.1104205732060507e-16,2.2208411464121014e-16,4.496680506944434,4.4966805069569995,1.2565060103497672e-11
5630,0.999822411649796,0.9998224116497957,0.9998224116497958,2.2208404446409436e-16,1.1104202223204718e-16,4.497569317052686,4.497569317064426,1.1739942351596255e-11
5640,0.9998227264669388,0.9998227264669385,0.9998227264669385,3.331259618037504e-16,0.0,4.49845654999732,4.498456550008904,1.1584511128148733e-11
5650,0.9998230401698817,0.9998230401698813,0.9998230401698814,2.2208390485510655e-16,1.1104195242755328e-16,4.499342211365674,4.499342211377461,1.1787015807840362e-11
5660,0.9998233527645294,0.999823352764529,0.9998233527645293,1.1104191771030056e-16,2.220838354206011e-16,4.500226306715439,4.500226306727108,1.1668888078020245e-11
5670,0.9998236642567448,0.9998236642567445,0.9998236642567448,0.0,3.331256493465218e-16,4.5011088415748866,4.501108841587574,1.2687628725416289e-11
5680,0.9998239746523498,0.9998239746523495,0.99982397465235,1.1104184864252666e-16,4.441673945701067e-16,4.501989821443055,4.501989821455845,1.2789769243681803e-11
5690,0.9998242839571252,0.9998242839571249,0.9998242839571253,1.1104181429071644e-16,4.441672571628658e-16,4.502869251789979,4.50286925180253,1.255173742720217e-11
5700,0.999824592176811,0.9998245921768106,0.9998245921768111,1.110417800594389e-16,4.441671202377556e-16,4.503747138056873,4.503747138069138,1.226485579763903e-11
5710,0.9998248993171072,0.9998248993171068,0.9998248993171074,2.220834918961215e-16,5.552087297403038e-16,4.504623485656343,4.50462348566898,1.2637002555493382e-11
5720,0.999825205383674,0.9998252053836737,0.9998252053836741,1.1104171195595317e-16,4.441668478238127e-16,4.505498299972586,4.505498299985356,1.27702293184484e-11
5730,0.9998255103821323,0.999825510382132,0.9998255103821323,0.0,3.3312503424747497e-16,4.506371586361583,4.5063715863742795,1.269651050961329e-11
5740,0.9998258143180632,0.9998258143180628,0.999825814318063,1.1104164432705617e-16,2.2208328865411233e-16,4.507243350151305,4.507243350163571,1.226574397605873e-11
5750,0.9998261171970093,0.999826117197009,0.9998261171970092,1.1104161068903088e-16,2.2208322137806177e-16,4.508113596641902,4.508113596653765,1.1863399151934573e-11
5760,0.999826419024475,0.9998264190244747,0.9998264190244749,1.110415771678043e-16,2.220831543356086e-16,4.508982331105897,4.5089823311172035,1.1306511282782594e-11
5770,0.9998267198059264,0.9998267198059261,0.9998267198059262,2.2208308752553823e-16,1.1104154376276911e-16,4.509849558788376,4.509849558799851,1.1475265182525618e-11
5780,0.9998270195467914,0.9998270195467911,0.9998270195467912,2.220830209466446e-16,1.110415104733223e-16,4.5107152849071825,4.5107152849176595,1.0476952638782677e-11
5790,0.9998273182524609,0.9998273182524605,0.9998273182524607,1.1104147729886495e-16,2.220829545977299e-16,4.511579514653104,4.511579514664754,1.1649348152786843e-11
5800,0.9998276159282884,0.9998276159282881,0.9998276159282882,2.220828884776046e-16,1.110414442388023e-16,4.512442253190056,4.512442253202516,1.2460255049973057e-11
5810,0.9998279125795906,0.9998279125795902,0.9998279125795905,1.1104141129254363e-16,2.2208282258508726e-16,4.513303505655272,4.513303505666863,1.1590728377086634e-11
5820,0.9998282082116479,0.9998282082116475,0.9998282082116475,3.33124135378507e-16,0.0,4.514163277159482,4.514163277170973,1.149125239408022e-11
5830,0.9998285028297038,0.9998285028297035,0.9998285028297033,5.552067286954793e-16,2.220826914781917e-16,4.515021572787099,4.515021572799832,1.2733814003240695e-11
5840,0.9998287964389665,0.9998287964389662,0.9998287964389659,5.552065656537277e-16,2.2208262626149106e-16,4.515878397596395,4.515878397609321,1.2926548720315623e-11
5850,0.9998290890446084,0.9998290890446081,0.9998290890446078,6.662476838032606e-16,3.331238419016303e-16,4.516733756619681,4.516733756631674,1.1993073201210791e-11
5860,0.9998293806517663,0.999829380651766,0.999829380651766,3.3312374474375643e-16,0.0,4.517587654863491,4.517587654875478,1.198685595227289e-11
5870,0.9998296712655429,0.9998296712655426,0.9998296712655425,4.441648638892194e-16,1.1104121597230484e-16,4.518440097308748,4.518440097322036,1.3288037337133574e-11
5880,0.9998299608910054,0.9998299608910051,0.999829960891005,4.441647352258874e-16,1.1104118380647185e-16,4.519291088910944,4.519291088922636,1.1691980716932449e-11
5890,0.9998302495331866,0.9998302495331862,0.9998302495331862,3.331234552495822e-16,0.0,4.5201406346003115,4.520140634612198,1.1886491790846776e-11
5900,0.9998305371970856,0.9998305371970853,0.9998305371970853,3.3312335940574823e-16,0.0,4.520988739281993,4.520988739294716,1.2723155862204294e-11
5910,0.9998308238876673,0.999830823887667,0.9998308238876671,2.220821759241726e-16,1.110410879620863e-16,4.521835407836215,4.52183540784872,1.2505552149377763e-11
5920,0.9998311096098634,0.9998311096098631,0.9998311096098632,2.22082112459647e-16,1.110410562298235e-16,4.522680645118452,4.522680645131822,1.3369749751745985e-11
5930,0.9998313943685722,0.9998313943685718,0.9998313943685719,2.2208204920916707e-16,1.1104102460458353e-16,4.523524455959602,4.523524455971619,1.2017054018542694e-11
5940,0.9998316781686586,0.9998316781686583,0.9998316781686585,1.1104099308582585e-16,2.220819861716517e-16,4.524366845166138,4.524366845177519,1.1381118270037405e-11
5950,0.9998319610149556,0.9998319610149553,0.9998319610149554,2.2208192334602714e-16,1.1104096167301357e-16,4.5252078175202834,4.525207817531645,1.1361578344804002e-11
5960,0.9998322429122631,0.9998322429122628,0.999832242912263,1.110409303656134e-16,2.220818607312268e-16,4.526047377780175,4.526047377790655,1.0479617174041778e-11
5970,0.9998325238653492,0.9998325238653488,0.9998325238653492,0.0,3.331226974892869e-16,4.526885530680016,4.526885530690287,1.0270895245412248e-11
5980,0.99983280387895,0.9998328038789497,0.99983280387895,0.0,3.331226041948024e-16,4.527722280930245,4.527722280941725,1.1479706074624119e-11
5990,0.9998330829577698,0.9998330829577695,0.99983308295777,1.1104083707060622e-16,4.441633482824249e-16,4.52855763321769,4.528557633228865,1.1175060876666976e-11
6000,0.999833361106482,0.9998333611064817,0.9998333611064822,2.220816123591855e-16,5.552040308979637e-16,4.5293915922057275,4.5293915922165064,1.077893330148072e-11
6010,0.9998336383297286,0.9998336383297283,0.9998336383297288,2.2208155078275593e-16,5.552038769568899e-16,4.530224162534439,4.530224162544891,1.0452083643031074e-11
6020,0.9998339146321208,0.9998339146321205,0.9998339146321209,1.1104074470544963e-16,4.441629788217985e-16,4.5310553488207646,4.531055348831523,1.0758505197827617e-11
6030,0.9998341900182389,0.9998341900182386,0.9998341900182391,2.2208142824259766e-16,5.552035706064941e-16,4.531885155658658,4.53188515567208,1.3421264100088592e-11
6040,0.9998344644926335,0.9998344644926331,0.9998344644926337,2.220813672768401e-16,5.552034181921002e-16,4.53271358761924,4.5327135876331335,1.3893775019369059e-11
6050,0.9998347380598247,0.9998347380598244,0.9998347380598248,1.110406532563111e-16,4.441626130252444e-16,4.533540649250941,4.533540649263977,1.3035794665938738e-11
6060,0.9998350107243029,0.9998350107243026,0.9998350107243029,0.0,3.331218689234195e-16,4.534366345079666,4.534366345092985,1.3319123581823078e-11
6070,0.9998352824905288,0.9998352824905284,0.9998352824905288,0.0,3.3312177837723187e-16,4.535190679608929,4.535190679622155,1.3225864847754565e-11
6080,0.9998355533629338,0.9998355533629335,0.9998355533629337,1.110405627096312e-16,2.220811254192624e-16,4.5360136573200105,4.536013657334387,1.4376944079685927e-11
6090,0.9998358233459205,0.9998358233459201,0.9998358233459202,2.2208106545129155e-16,1.1104053272564578e-16,4.536835282672096,4.5368352826871154,1.5019097077129118e-11
6100,0.999836092443862,0.9998360924438616,0.9998360924438616,3.331215085199056e-16,0.0,4.537655560102426,4.537655560116854,1.4428458428028534e-11
6110,0.9998363606611033,0.9998363606611029,0.9998363606611029,3.3312141915635016e-16,0.0,4.538474494026436,4.5384744940410195,1.4583889651476056e-11
6120,0.9998366280019608,0.9998366280019605,0.9998366280019605,3.331213300848325e-16,0.0,4.539292088837905,4.539292088850652,1.2747136679536197e-11
6130,0.9998368944707232,0.9998368944707229,0.9998368944707225,6.662424826078468e-16,3.331212413039234e-16,4.54010834890909,4.54010834892133,1.2239986801887426e-11
6140,0.9998371600716502,0.9998371600716499,0.9998371600716496,6.662423056244058e-16,3.331211528122029e-16,4.5409232785908715,4.540923278602258,1.1386447340555605e-11
6150,0.9998374248089749,0.9998374248089745,0.9998374248089742,6.662421292165208e-16,3.331210646082604e-16,4.541736882212891,4.541736882224449,1.155786577555773e-11
6160,0.9998376886869024,0.999837688686902,0.9998376886869015,8.88322604508518e-16,5.552016278178238e-16,4.5425491640836855,4.542549164095271,1.1585399306568434e-11
6170,0.9998379517096102,0.9998379517096099,0.9998379517096094,7.772820744689285e-16,4.441611854108163e-16,4.543360128490831,4.543360128502081,1.1249667863921786e-11
6180,0.9998382138812497,0.9998382138812494,0.9998382138812489,7.772818706546383e-16,4.441610689455076e-16,4.544169779701074,4.544169779713138,1.2064127474786801e-11
6190,0.9998384752059449,0.9998384752059446,0.9998384752059442,7.772816674988758e-16,4.441609528565004e-16,4.544978121960465,4.544978121973053,1.2588152742409875e-11
6200,0.999838735687793,0.9998387356877927,0.9998387356877922,7.772814649984544e-16,4.4416083714197395e-16,4.545785159494498,4.54578515950825,1.3751666472217039e-11
6210,0.9998389953308653,0.999838995330865,0.9998389953308646,6.662410827001784e-16,3.331205413500892e-16,4.546590896508235,4.546590896522411,1.4176215756833699e-11
6220,0.9998392541392067,0.9998392541392064,0.9998392541392059,7.772810619509918e-16,4.441606068291382e-16,4.547395337186441,4.547395337201032,1.4590995078833657e-11
6230,0.9998395121168359,0.9998395121168355,0.9998395121168352,6.662407383408685e-16,3.3312036917043423e-16,4.548198485693722,4.5481984857086895,1.496758272878651e-11
6240,0.999839769267746,0.9998397692677456,0.9998397692677455,4.441603779926668e-16,1.110400944981667e-16,4.54900034617464,4.5490003461908595,1.6219026122143987e-11
6250,0.999840025595905,0.9998400255959047,0.9998400255959047,3.3312019809272897e-16,0.0,4.549800922753853,4.549800922770282,1.6428636229193216e-11
6260,0.9998402811052551,0.9998402811052548,0.9998402811052548,3.3312011296380693e-16,0.0,4.5506002195362365,4.550600219553325,1.708855279503041e-11
6270,0.9998405357997132,0.9998405357997129,0.999840535799713,2.22080018737619e-16,1.110400093688095e-16,4.5513982406070115,4.551398240625439,1.8427925851938198e-11
6280,0.9998407896831718,0.9998407896831715,0.9998407896831715,3.331199435192966e-16,0.0,4.552194990031869,4.552194990050247,1.837818786043499e-11
6290,0.999841042759498,0.9998410427594977,0.9998410427594977,3.331198592011221e-16,0.0,4.552990471857097,4.552990471875909,1.8812507107668353e-11
6300,0.9998412950325348,0.9998412950325345,0.9998412950325345,3.331197751506244e-16,0.0,4.553784690109698,4.553784690128759,1.9061197065184388e-11
6310,0.9998415465061009,0.9998415465061006,0.9998415465061005,4.441595884887077e-16,1.1103989712217691e-16,4.554577648797518,4.554577648816939,1.9420909325162938e-11
6320,0.9998417971839905,0.9998417971839901,0.9998417971839899,5.551993464126277e-16,2.2207973856505107e-16,4.5553693519093645,4.555369351930403,2.1038282227436866e-11
6330,0.9998420470699738,0.9998420470699735,0.9998420470699731,6.66239049185011e-16,3.331195245925055e-16,4.556159803415128,4.556159803435457,2.0328627670096466e-11
6340,0.9998422961677976,0.9998422961677973,0.9998422961677969,7.772786970668269e-16,4.441592554667582e-16,4.556949007265897,4.556949007286584,2.0687451751655317e-11
6350,0.9998425444811849,0.9998425444811846,0.999842544481184,8.883182903174009e-16,5.551989314483756e-16,4.557736967394083,4.557736967413711,1.9627854896953068e-11
6360,0.9998427920138353,0.999842792013835,0.9998427920138343,9.993578291944274e-16,6.662385527962849e-16,4.558523687713537,4.558523687734032,2.049471703458039e-11
6370,0.9998430387694248,0.9998430387694245,0.9998430387694239,8.883178511631864e-16,5.551986569769916e-16,4.559309172119661,4.559309172141092,2.1431745267364022e-11
6380,0.9998432847516071,0.9998432847516068,0.9998432847516063,7.772779285412519e-16,4.441588163092868e-16,4.560093424489527,4.560093424512069,2.254196829198918e-11
6390,0.9998435299640126,0.9998435299640123,0.9998435299640119,6.66238061068486e-16,3.33119030534243e-16,4.560876448681996,4.560876448704129,2.213340621892712e-11
6400,0.9998437744102491,0.9998437744102487,0.9998437744102484,6.662378981836525e-16,3.3311894909182627e-16,4.561658248537823,4.561658248559888,2.206501648061021e-11
6410,0.9998440180939018,0.9998440180939014,0.9998440180939011,6.662377358070401e-16,3.3311886790352004e-16,4.5624388278797765,4.562438827901951,2.2174262426233327e-11
6420,0.9998442610185336,0.9998442610185333,0.999844261018533,6.662375739362738e-16,3.331187869681369e-16,4.563218190512752,4.563218190536554,2.3801405291123956e-11
6430,0.9998445031876853,0.9998445031876849,0.9998445031876847,5.551978438074947e-16,2.2207913752299787e-16,4.563996340223876,4.563996340248104,2.4227730932580016e-11
6440,0.9998447446048755,0.9998447446048752,0.999844744604875,4.441581678019026e-16,1.1103954195047566e-16,4.564773280782624,4.5647732808055475,2.2923885012460232e-11
6450,0.9998449852736014,0.9998449852736011,0.999844985273601,4.441580608903495e-16,1.1103951522258737e-16,4.565549015940922,4.5655490159650975,2.417532840581771e-11
6460,0.9998452251973383,0.999845225197338,0.9998452251973379,4.441579543097917e-16,1.1103948857744794e-16,4.56632354943327,4.566323549458411,2.5140778348031745e-11
6470,0.9998454643795397,0.9998454643795394,0.9998454643795395,2.220789240293474e-16,1.110394620146737e-16,4.567096884976829,4.567096885001683,2.4853896718468604e-11
6480,0.9998457028236384,0.999845702823638,0.9998457028236384,0.0,3.3311830660164997e-16,4.567869026271544,4.567869026296557,2.5012880655594927e-11
6490,0.9998459405330459,0.9998459405330455,0.9998459405330458,1.1103940913469787e-16,2.2207881826939573e-16,4.5686399770002435,4.5686399770246675,2.4424018363333744e-11
6500,0.9998461775111523,0.999846177511152,0.9998461775111521,2.220787656334813e-16,1.1103938281674066e-16,4.569409740828748,4.569409740853097,2.4349411376078933e-11
6510,0.9998464137613272,0.9998464137613269,0.999846413761327,2.2207871315927476e-16,1.1103935657963738e-16,4.570178321405975,4.57017832142892,2.2945201294533035e-11
6520,0.9998466492869194,0.999846649286919,0.9998466492869191,2.2207866084603207e-16,1.1103933042301603e-16,4.570945722364035,4.570945722387386,2.3351098832335992e-11
6530,0.9998468840912573,0.999846884091257,0.9998468840912571,2.220786086930137e-16,1.1103930434650684e-16,4.571711947318347,4.571711947342828,2.4480861782194552e-11
6540,0.9998471181776492,0.9998471181776488,0.9998471181776487,4.441571133989694e-16,1.1103927834974234e-16,4.57247699986773,4.5724769998932056,2.5475621612258692e-11
6550,0.9998473515493824,0.9998473515493821,0.9998473515493818,6.662355145941436e-16,3.331177572970718e-16,4.573240883594508,4.57324088362011,2.560174294785611e-11
6560,0.9998475842097249,0.9998475842097245,0.9998475842097241,7.772745861579202e-16,4.441569063759544e-16,4.574003602064614,4.574003602089669,2.5054625041320833e-11
6570,0.9998478161619243,0.999847816161924,0.9998478161619236,6.662352050056533e-16,3.3311760250282665e-16,4.574765158827686,4.57476515885346,2.5774049561277934e-11
6580,0.9998480474092092,0.9998480474092089,0.9998480474092083,8.88313401222876e-16,5.551958757642975e-16,4.575525557417167,4.575525557442142,2.497468898354782e-11
6590,0.9998482779547875,0.9998482779547871,0.9998482779547868,6.662348972963041e-16,3.3311744864815204e-16,4.576284801350403,4.576284801375459,2.5055513219740533e-11
6600,0.9998485078018489,0.9998485078018485,0.9998485078018482,6.662347441409689e-16,3.3311737207048447e-16,4.57704289412874,4.577042894154055,2.531486131829297e-11
6610,0.9998487369535629,0.9998487369535626,0.9998487369535622,6.662345914490387e-16,3.3311729572451936e-16,4.577799839237626,4.577799839262206,2.4580337765200966e-11
6620,0.9998489654130804,0.9998489654130801,0.9998489654130795,8.883125856245512e-16,5.551953660153445e-16,4.578555640146699,4.5785556401714524,2.475353255704249e-11
6630,0.9998491931835326,0.9998491931835323,0.9998491931835319,6.662342874470057e-16,3.3311714372350285e-16,4.579310300309889,4.579310300334236,2.4346746840819833e-11
6640,0.9998494202680328,0.9998494202680325,0.9998494202680319,8.88312181510321e-16,5.551951134439507e-16,4.580063823165512,4.580063823190266,2.475442073546219e-11
6650,0.9998496466696746,0.9998496466696742,0.9998496466696737,8.883119803647417e-16,5.551949877279637e-16,4.580816212136355,4.580816212161062,2.4706459100798384e-11
6660,0.9998498723915337,0.9998498723915333,0.9998498723915328,8.883117798232034e-16,5.551948623895021e-16,4.5815674706297855,4.581567470655409,2.5623059229928913e-11
6670,0.9998500974366671,0.9998500974366668,0.9998500974366662,8.883115798829888e-16,5.5519473742686795e-16,4.582317602037829,4.582317602063903,2.6074253867136576e-11
6680,0.9998503218081136,0.9998503218081133,0.9998503218081125,1.1103892256767472e-15,7.772724579737231e-16,4.58306660973727,4.5830666097635,2.6229685090584098e-11
6690,0.9998505455088937,0.9998505455088934,0.9998505455088925,1.2214278749691502e-15,8.883111817957456e-16,4.5838144970897385,4.58381449711569,2.595168524521796e-11
6700,0.9998507685420099,0.9998507685420096,0.9998507685420086,1.3324664754650461e-15,9.993498565987846e-16,4.584561267441806,4.584561267467415,2.560884837521371e-11
6710,0.9998509909104468,0.9998509909104465,0.9998509909104455,1.3324661791224012e-15,9.993496343418007e-16,4.585306924125067,4.585306924148335,2.326761006088418e-11
6720,0.9998512126171714,0.999851212617171,0.99985121261717,1.3324658836617281e-15,9.99349412746296e-16,4.586051470456234,4.586051470479014,2.2780000108468812e-11
6730,0.9998514336651328,0.9998514336651325,0.9998514336651315,1.3324655890790958e-15,9.993491918093218e-16,4.586794909737229,4.58679490976001,2.2780888286888512e-11
6740,0.9998516540572631,0.9998516540572627,0.9998516540572615,1.5545428445990286e-15,1.2214265207563796e-15,4.587537245255261,4.587537245280054,2.4793500585928996e-11
6750,0.9998518737964761,0.9998518737964758,0.9998518737964746,1.5545425029544008e-15,1.2214262523213148e-15,4.588278480282921,4.5882784803078716,2.4950708166215918e-11
6760,0.9998520928856693,0.999852092885669,0.9998520928856678,1.5545421623205557e-15,1.2214259846804367e-15,4.5890186180782715,4.589018618103091,2.48192577601003e-11
6770,0.9998523113277228,0.9998523113277225,0.9998523113277211,1.6655805243139443e-15,1.3324644194511555e-15,4.589757661884921,4.58975766190897,2.404920707022029e-11
6780,0.9998525291254992,0.9998525291254988,0.9998525291254977,1.4435028066339443e-15,1.1103867743338033e-15,4.590495614932122,4.590495614956034,2.3912427593586472e-11
6790,0.9998527462818448,0.9998527462818445,0.9998527462818436,1.2214251864878324e-15,8.883092265366054e-16,4.59123248043485,4.591232480458438,2.3588242470395926e-11
6800,0.9998529627995895,0.9998529627995891,0.9998529627995882,1.2214249219887145e-15,8.883090341736106e-16,4.59196826159388,4.591968261617603,2.3722357411770645e-11
6810,0.9998531786815458,0.9998531786815454,0.9998531786815446,1.221424658266393e-15,8.883088423755584e-16,4.592702961595888,4.592702961620398,2.4509283491624956e-11
6820,0.9998533939305099,0.9998533939305095,0.9998533939305088,1.110385813924955e-15,7.772700697474685e-16,4.593436583613513,4.593436583637321,2.3808510718481557e-11
6830,0.999853608549262,0.9998536085492616,0.9998536085492608,1.2214241331384903e-15,8.883084604643566e-16,4.594169130805455,4.594169130828868,2.34123831432953e-11
6840,0.9998538225405653,0.999853822540565,0.9998538225405642,1.1103853379328503e-15,7.772697365529952e-16,4.594900606316551,4.594900606341889,2.5337953957205173e-11
6850,0.9998540359071679,0.9998540359071676,0.9998540359071668,1.1103851009791164e-15,7.772695706853815e-16,4.595631013277851,4.595631013303227,2.5376145629252278e-11
6860,0.9998542486518012,0.9998542486518008,0.9998542486518001,1.1103848647162097e-15,7.772694053013469e-16,4.596360354806711,4.59636035483154,2.4829027722717e-11
6870,0.9998544607771807,0.9998544607771803,0.9998544607771794,1.221423092055225e-15,8.883077033128908e-16,4.597088634006861,4.597088634033661,2.680078381445128e-11
6880,0.9998546722860062,0.9998546722860059,0.9998546722860049,1.3324612731009946e-15,9.99345954825746e-16,4.597815853968487,4.5978158539945975,2.611066918234428e-11
6890,0.9998548831809622,0.9998548831809618,0.9998548831809607,1.4434994080550855e-15,1.1103841600423734e-15,4.598542017768312,4.598542017793897,2.5584867557881807e-11
6900,0.9998550934647168,0.9998550934647165,0.9998550934647152,1.5545374971178968e-15,1.2214223191640617e-15,4.599267128469677,4.599267128494739,2.5061730468678434e-11
6910,0.9998553031399233,0.999855303139923,0.9998553031399219,1.4434988017568442e-15,1.110383693659111e-15,4.599991189122611,4.599991189149386,2.6775026640279975e-11
6920,0.9998555122092198,0.9998555122092194,0.9998555122092183,1.4434984999219538e-15,1.110383461478426e-15,4.6007142027639105,4.600714202791914,2.800337739472525e-11
6930,0.9998557206752288,0.9998557206752284,0.9998557206752272,1.5545365219549415e-15,1.2214215529645968e-15,4.60143617241722,4.601436172446392,2.9172220195050613e-11
6940,0.9998559285405576,0.9998559285405573,0.9998559285405562,1.4434978988616967e-15,1.1103829991243821e-15,4.602157101093102,4.602157101123248,3.014566374304195e-11
6950,0.9998561358077989,0.9998561358077985,0.9998561358077974,1.4434975996288206e-15,1.1103827689452464e-15,4.6028769917891195,4.602876991821085,3.196554132500751e-11
6960,0.9998563424795304,0.99985634247953,0.9998563424795288,1.5545355551985632e-15,1.2214207933702996e-15,4.6035958474899035,4.603595847522137,3.2233771207756945e-11
6970,0.9998565485583146,0.9998565485583143,0.999856548558313,1.6655734658526471e-15,1.3324587726821176e-15,4.6043136711672314,4.6043136711995425,3.2311042730270856e-11
6980,0.9998567540466997,0.9998567540466994,0.9998567540466982,1.5545349153111038e-15,1.2214202906015816e-15,4.605030465780102,4.6050304658127965,3.269473580758131e-11
6990,0.9998569589472193,0.9998569589472189,0.9998569589472178,1.4434964112590572e-15,1.1103818548146595e-15,4.605746234274801,4.605746234305934,3.113242996732879e-11
7000,0.9998571632623925,0.9998571632623922,0.999857163262391,1.4434961162887055e-15,1.1103816279143888e-15,4.606460979584984,4.606460979615712,3.072830878636523e-11
7010,0.9998573669947239,0.9998573669947236,0.9998573669947226,1.3324576819937755e-15,9.993432614953316e-16,4.607174704631738,4.60717470466252,3.078159949154724e-11
7020,0.9998575701467041,0.9998575701467037,0.9998575701467027,1.332457411263799e-15,9.993430584478493e-16,4.607887412323667,4.60788741235583,3.2163605112600635e-11
7030,0.9998577727208093,0.999857772720809,0.9998577727208079,1.4434952364127053e-15,1.1103809510866963e-15,4.608599105556947,4.608599105590565,3.361755318564974e-11
7040,0.9998579747195017,0.9998579747195013,0.9998579747195001,1.5545330174630707e-15,1.22141879943527e-15,4.609309787215408,4.609309787248002,3.2594371646155196e-11
7050,0.9998581761452293,0.999858176145229,0.9998581761452277,1.6655707546025486e-15,1.3324566036820388e-15,4.6100194601706015,4.610019460204875,3.427391703780813e-11
7060,0.9998583770004265,0.9998583770004261,0.9998583770004249,1.554532392015513e-15,1.2214183080121888e-15,4.610728127281867,4.610728127316087,3.4220626332626125e-11
7070,0.9998585772875139,0.9998585772875136,0.9998585772875124,1.5545320806187094e-15,1.2214180633432716e-15,4.611435791396404,4.611435791431085,3.468159093245049e-11
7080,0.9998587770088986,0.9998587770088982,0.999858777008897,1.5545317701015575e-15,1.2214178193655095e-15,4.612142455349341,4.612142455384764,3.5423219912900095e-11
7090,0.9998589761669738,0.9998589761669735,0.9998589761669722,1.6655694219217881e-15,1.3324555375374304e-15,4.612848121963799,4.612848122000195,3.639666346089143e-11
7100,0.9998591747641192,0.9998591747641189,0.9998591747641177,1.5545311516913425e-15,1.221417333471769e-15,4.6135527940509675,4.613552794086808,3.5840663770159154e-11
7110,0.9998593728027015,0.9998593728027012,0.9998593728027001,1.4434929263772622e-15,1.1103791741363555e-15,4.614256474410163,4.614256474446756,3.659295089164516e-11
7120,0.9998595702850737,0.9998595702850733,0.9998595702850723,1.3324547457902932e-15,9.993410593427199e-16,4.614959165828902,4.614959165864911,3.600852949148248e-11
7130,0.999859767213576,0.9998597672135756,0.9998597672135745,1.443492356968105e-15,1.1103787361293115e-15,4.615660871082966,4.6156608711188705,3.590461261637756e-11
7140,0.999859963590535,0.9998599635905346,0.9998599635905335,1.4434920734597642e-15,1.1103785180459724e-15,4.616361592936462,4.616361592972589,3.6126657221302594e-11
7150,0.9998601594182644,0.9998601594182641,0.9998601594182632,1.2214161306299221e-15,8.883026404581252e-16,4.617061334141895,4.617061334179106,3.7211123071756447e-11
7160,0.9998603546990655,0.9998603546990652,0.9998603546990644,1.110378083706808e-15,7.772646585947657e-16,4.61776009744023,4.6177600974769115,3.668176873361517e-11
7170,0.9998605494352263,0.999860549435226,0.9998605494352252,1.1103778674458854e-15,7.772645072121197e-16,4.618457885560955,4.618457885598127,3.717204322128964e-11
7180,0.9998607436290221,0.9998607436290218,0.999860743629021,1.1103776517873605e-15,7.772643562511525e-16,4.619154701222148,4.619154701259412,3.7264413776938454e-11
7190,0.9998609372827155,0.9998609372827152,0.9998609372827145,9.993396930558484e-16,6.662264620372323e-16,4.619850547130537,4.619850547168334,3.779732082875853e-11
7200,0.9998611303985567,0.9998611303985564,0.9998611303985557,9.993395000407191e-16,6.662263333604794e-16,4.620545425981564,4.620545426019725,3.816147398083558e-11
7210,0.9998613229787834,0.999861322978783,0.9998613229787824,9.993393075609992e-16,6.6622620504066605e-16,4.621239340459453,4.621239340496595,3.714184515501984e-11
7220,0.9998615150256206,0.9998615150256203,0.9998615150256197,8.883014361017458e-16,5.551883975635911e-16,4.621932293237264,4.621932293273766,3.650235669283575e-11
7230,0.9998617065412815,0.9998617065412811,0.9998617065412806,8.88301265954579e-16,5.551882912216118e-16,4.62262428697696,4.622624287014241,3.7281289166912757e-11
7240,0.9998618975279665,0.9998618975279662,0.9998618975279657,7.772634592427529e-16,4.44150548138716e-16,4.6233153243294645,4.623315324366467,3.700240114312692e-11
7250,0.9998620879878644,0.999862087987864,0.9998620879878637,6.662256953012698e-16,3.331128476506349e-16,4.624005407934729,4.624005407971617,3.68878261269856e-11
7260,0.9998622779231517,0.9998622779231514,0.9998622779231511,6.662255687440712e-16,3.331127843720356e-16,4.624694540421785,4.624694540457221,3.5435654410775896e-11
7270,0.9998624673359928,0.9998624673359925,0.9998624673359923,5.551878687791963e-16,2.220751475116785e-16,4.625382724408815,4.625382724443534,3.4718894426077895e-11
7280,0.9998626562285405,0.9998626562285402,0.99986265622854,5.5518776389394e-16,2.2207510555757596e-16,4.6260699625031965,4.626069962537167,3.397016001827069e-11
7290,0.9998628446029357,0.9998628446029354,0.9998628446029352,5.551876592964346e-16,2.220750637185738e-16,4.626756257301577,4.626756257336546,3.496936074043333e-11
7300,0.9998630324613075,0.9998630324613071,0.9998630324613067,7.772625769796969e-16,4.441500439883982e-16,4.627441611389924,4.627441611425547,3.562306005733262e-11
7310,0.999863219805773,0.9998632198057726,0.9998632198057721,8.882999215359255e-16,5.551874509599535e-16,4.628126027343584,4.6281260273780385,3.445421725700726e-11
7320,0.9998634066384382,0.9998634066384379,0.9998634066384374,7.772622861060847e-16,4.441498777749055e-16,4.6288095077273494,4.628809507762434,3.508482393499435e-11
7330,0.9998635929613977,0.9998635929613974,0.9998635929613968,8.882995900165918e-16,5.551872437603699e-16,4.629492055095501,4.629492055129867,3.4365399415037245e-11
7340,0.9998637787767344,0.999863778776734,0.9998637787767334,9.993368530512189e-16,6.662245687008126e-16,4.630173671991876,4.630173672026012,3.413624938275461e-11
7350,0.9998639640865198,0.9998639640865195,0.9998639640865188,9.993366678391256e-16,6.662244452260838e-16,4.6308543609499235,4.630854360983812,3.388844760365828e-11
7360,0.9998641488928144,0.999864148892814,0.9998641488928135,8.882990961158454e-16,5.551869350724033e-16,4.63153412449276,4.631534124526206,3.3445246572227916e-11
7370,0.9998643331976675,0.9998643331976672,0.9998643331976665,9.993362989227714e-16,6.662241992818477e-16,4.632212965133222,4.632212965167946,3.4723335318176396e-11
7380,0.9998645170031172,0.9998645170031168,0.9998645170031161,1.1103734613493605e-15,7.772614229445524e-16,4.632890885373927,4.632890885409233,3.530598036149968e-11
7390,0.9998647003111906,0.9998647003111902,0.9998647003111892,1.3324479093376779e-15,9.993359320032584e-16,4.633567887707327,4.633567887741173,3.384581503951267e-11
7400,0.9998648831239035,0.9998648831239032,0.9998648831239022,1.3324476657163433e-15,9.993357492872574e-16,4.634243974615764,4.6342439746503254,3.456168684579097e-11
7410,0.9998650654432614,0.999865065443261,0.99986506544326,1.3324474227525562e-15,9.993355670644172e-16,4.634919148571524,4.634919148606877,3.5353053817743785e-11
7420,0.9998652472712586,0.9998652472712583,0.9998652472712573,1.3324471804436582e-15,9.993353853327437e-16,4.635593412036888,4.63559341207283,3.594191611000497e-11
7430,0.999865428609879,0.9998654286098787,0.9998654286098776,1.4434841836859218e-15,1.1103724489891707e-15,4.636266767464193,4.6362667675001825,3.5989877744668775e-11
7440,0.9998656094610954,0.999865609461095,0.9998656094610939,1.4434839225949633e-15,1.1103722481499718e-15,4.636939217295879,4.636939217330927,3.504840861978664e-11
7450,0.9998657898268702,0.9998657898268699,0.9998657898268689,1.3324464574199261e-15,9.993348430649446e-16,4.637610763964547,4.637610764000692,3.6144420789696596e-11
7460,0.9998659697091554,0.9998659697091551,0.9998659697091543,1.1103718480869025e-15,7.772602936608318e-16,4.638281409893006,4.6382814099296406,3.6634695277371065e-11
7470,0.9998661491098928,0.9998661491098925,0.9998661491098916,1.2214088137445782e-15,8.88297319086966e-16,4.638951157494333,4.638951157531573,3.724043295960655e-11
7480,0.999866328031013,0.9998663280310127,0.9998663280310119,1.1103714501632079e-15,7.772600151142456e-16,4.639620009171916,4.639620009208465,3.6548541970660153e-11
7490,0.9998665064744371,0.9998665064744368,0.999866506474436,1.1103712519982708e-15,7.772598763987895e-16,4.640287967319517,4.6402879673568345,3.731770448212046e-11
7500,0.9998666844420754,0.999866684442075,0.9998666844420744,9.99333948925596e-16,6.662226326170639e-16,4.640955034321314,4.640955034358648,3.7334579872094764e-11
7510,0.9998668619358284,0.9998668619358281,0.9998668619358274,9.993337715264442e-16,6.662225143509628e-16,4.641621212551954,4.641621212589507,3.7553071763340995e-11
7520,0.9998670389575863,0.999867038957586,0.9998670389575854,8.882965285325322e-16,5.551853303328326e-16,4.642286504376607,4.642286504415005,3.8398617618895514e-11
7530,0.9998672155092295,0.9998672155092292,0.9998672155092285,9.993334181416798e-16,6.662222787611199e-16,4.642950912151013,4.642950912189826,3.881250876247577e-11
7540,0.9998673915926279,0.9998673915926276,0.9998673915926269,9.993332421523177e-16,6.662221614348784e-16,4.643614438221535,4.643614438259555,3.802025361210326e-11
7550,0.9998675672096423,0.999867567209642,0.9998675672096411,1.2214070814356308e-15,8.882960592259133e-16,4.644277084925208,4.644277084962504,3.729638820004766e-11
7560,0.9998677423621226,0.9998677423621223,0.9998677423621214,1.2214068674748531e-15,8.88295903618075e-16,4.644938854589784,4.644938854628799,3.90150134421674e-11
7570,0.9998679170519098,0.9998679170519095,0.9998679170519086,1.2214066540793615e-15,8.882957484213539e-16,4.645599749533785,4.645599749573102,3.9316994104865444e-11
7580,0.9998680912808346,0.9998680912808343,0.9998680912808336,9.99332542838388e-16,6.662216952255919e-16,4.646259772066555,4.646259772105531,3.8975933591700596e-11
7590,0.999868265050719,0.9998682650507187,0.9998682650507179,1.1103692990684537e-15,7.772585093479176e-16,4.646918924488305,4.646918924528017,3.9712233501632e-11
7600,0.9998684383633742,0.9998684383633739,0.9998684383633732,9.993321959418727e-16,6.662214639612485e-16,4.647577209090153,4.6475772091306675,4.051425861462121e-11
7610,0.9998686112206027,0.9998686112206023,0.9998686112206018,8.882951317132264e-16,5.551844573207665e-16,4.648234628154188,4.648234628194495,4.0307313042831083e-11
7620,0.9998687836241973,0.999868783624197,0.9998687836241963,9.993318508663368e-16,6.662212339108912e-16,4.648891183953505,4.6488911839932365,3.97317734268654e-11
7630,0.9998689555759415,0.9998689555759411,0.9998689555759402,1.2214053854529524e-15,8.882948257839654e-16,4.6495468787522585,4.649546878792443,4.0184744420912466e-11
7640,0.9998691270776089,0.9998691270776086,0.9998691270776077,1.2214051759524741e-15,8.882946734199813e-16,4.650201714805705,4.6502017148467525,4.104716566644129e-11
7650,0.9998692981309646,0.9998692981309643,0.9998692981309633,1.3324417821815016e-15,9.993313366361263e-16,4.650855694360254,4.650855694402616,4.236255790601717e-11
7660,0.9998694687377638,0.9998694687377635,0.9998694687377627,1.1103679623568307e-15,7.772575736497816e-16,4.651508819653509,4.6515088196955725,4.206324177857823e-11
7670,0.9998696388997534,0.9998696388997531,0.9998696388997523,1.110367773389775e-15,7.772574413728426e-16,4.652161092914321,4.652161092955702,4.1381120752248535e-11
7680,0.9998698086186706,0.9998698086186703,0.9998698086186695,1.1103675849148211e-15,7.772573094403749e-16,4.652812516362822,4.6528125164039915,4.1169734288359905e-11
7690,0.9998699778962433,0.999869977896243,0.9998699778962423,9.993306572370443e-16,6.662204381580296e-16,4.653463092210483,4.6534630922523315,4.18483026010108e-11
7700,0.9998701467341914,0.9998701467341911,0.9998701467341904,9.993304884901945e-16,6.662203256601296e-16,4.654112822660153,4.65411282270079,4.063682723653983e-11
7710,0.999870315134225,0.9998703151342246,0.9998703151342239,1.1103670224234218e-15,7.772569156963953e-16,4.654761709906106,4.654761709947615,4.150901844468535e-11
7720,0.9998704830980454,0.999870483098045,0.9998704830980443,1.1103668358977765e-15,7.772567851284434e-16,4.655409756134081,4.655409756175595,4.1513459336783853e-11
7730,0.9998706506273455,0.9998706506273451,0.9998706506273445,9.993299848692595e-16,6.662199899128398e-16,4.656056963521332,4.6560569635629685,4.163691613712217e-11
7740,0.9998708177238094,0.999870817723809,0.9998708177238083,1.1103664642924207e-15,7.772565250046946e-16,4.656703334236666,4.656703334278881,4.221512028834695e-11
7750,0.9998709843891123,0.9998709843891119,0.999870984389111,1.221402907129877e-15,8.882930233671833e-16,4.657348870440493,4.6573488704842925,4.3799630589091976e-11
7760,0.9998711506249206,0.9998711506249203,0.9998711506249195,1.1103660946025567e-15,7.772562662217897e-16,4.657993574284865,4.657993574328338,4.347278093064233e-11
7770,0.9998713164328926,0.9998713164328923,0.9998713164328915,1.1103659104713117e-15,7.772561373299182e-16,4.658637447913519,4.658637447956516,4.299671729768306e-11
7780,0.9998714818146779,0.9998714818146776,0.9998714818146768,1.1103657268134117e-15,7.772560087693882e-16,4.659280493461922,4.65928049350432,4.239808504280518e-11
7790,0.9998716467719175,0.9998716467719172,0.9998716467719163,1.2214020979897374e-15,8.882924349016271e-16,4.659922713057313,4.659922713099058,4.1745273904325586e-11
7800,0.9998718113062438,0.9998718113062435,0.9998718113062428,9.993288248193284e-16,6.662192165462189e-16,4.660564108818743,4.660564108860762,4.2018832857593225e-11
7810,0.9998719754192815,0.9998719754192812,0.9998719754192805,9.993286607954403e-16,6.662191071969601e-16,4.661204682857117,4.661204682897641,4.0524028577237914e-11
7820,0.9998721391126464,0.999872139112646,0.9998721391126455,8.88291997503156e-16,5.551824984394724e-16,4.661844437275243,4.6618444373169945,4.175149115326349e-11
7830,0.9998723023879461,0.9998723023879458,0.9998723023879453,7.772553708924292e-16,4.441459262242452e-16,4.662483374167858,4.662483374207931,4.007283394003025e-11
7840,0.9998724652467806,0.9998724652467803,0.9998724652467798,8.882917077638625e-16,5.55182317352414e-16,4.663121495621693,4.663121495663199,4.150546573100655e-11
7850,0.9998726276907407,0.9998726276907404,0.99987262769074,6.662186725858933e-16,3.3310933629294665e-16,4.663758803715488,4.663758803758264,4.277644904959743e-11
7860,0.9998727897214101,0.9998727897214098,0.9998727897214095,6.66218564624302e-16,3.33109282312151e-16,4.664395300520046,4.664395300561318,4.127187480662542e-11
7870,0.9998729513403641,0.9998729513403638,0.9998729513403634,7.772548664265851e-16,4.441456379580487e-16,4.665030988098276,4.665030988139642,4.136602171911363e-11
7880,0.9998731125491697,0.9998731125491693,0.9998731125491689,7.772547411103554e-16,4.441455663487746e-16,4.665665868505224,4.6656658685477845,4.25606216936103e-11
7890,0.999873273349386,0.9998732733493857,0.9998732733493854,6.662182423815293e-16,3.3310912119076465e-16,4.666299943788122,4.66629994383029,4.2168046832102846e-11
7900,0.999873433742565,0.9998734337425647,0.9998734337425642,7.77254491429665e-16,4.441454236740943e-16,4.666933215986418,4.666933216028064,4.164579792131917e-11
7910,0.9998735937302498,0.9998735937302494,0.999873593730249,7.772543670627977e-16,4.44145352607313e-16,4.667565687131828,4.667565687172918,4.1090686409006594e-11
7920,0.9998737533139761,0.9998737533139758,0.9998737533139755,5.551816021499915e-16,2.220726408599966e-16,4.668197359248359,4.668197359290297,4.193800862140051e-11
7930,0.9998739124952722,0.9998739124952719,0.9998739124952717,5.551815137643201e-16,2.2207260550572803e-16,4.668828234352366,4.668828234394732,4.2365222441276273e-11
7940,0.9998740712756585,0.9998740712756582,0.999874071275658,5.551814256012826e-16,2.2207257024051305e-16,4.669458314452575,4.669458314496205,4.362998851092925e-11
7950,0.9998742296566477,0.9998742296566474,0.999874229656647,7.772538727240546e-16,4.441450701280312e-16,4.6700876015501285,4.670087601591967,4.18385326383941e-11
7960,0.9998743876397446,0.9998743876397442,0.9998743876397438,7.772537499156545e-16,4.441449999518025e-16,4.670716097638622,4.670716097680178,4.155609190092946e-11
7970,0.9998745452264466,0.9998745452264463,0.9998745452264459,6.662173949275123e-16,3.3310869746375617e-16,4.6713438047041445,4.671343804745356,4.121147867408581e-11
7980,0.9998747024182439,0.9998747024182436,0.9998747024182433,6.662172901904793e-16,3.3310864509523967e-16,4.671970724725315,4.6719707247665605,4.1245229454034416e-11
7990,0.9998748592166194,0.9998748592166191,0.9998748592166187,7.772533833348859e-16,4.441447904770776e-16,4.672596859673318,4.672596859714667,4.134914632913933e-11
8000,0.9998750156230477,0.9998750156230474,0.9998750156230471,5.551809012516173e-16,2.220723605006469e-16,4.673222211511939,4.673222211553274,4.133582365284383e-11
8010,0.999875171638997,0.9998751716389966,0.9998751716389964,5.551808146237284e-16,2.220723258494914e-16,4.67384678219761,4.673846782238706,4.1096015479524795e-11
8020,0.9998753272659274,0.9998753272659271,0.999875327265927,4.441445825694953e-16,1.1103614564237383e-16,4.674470573679437,4.674470573720009,4.057199021190172e-11
8030,0.9998754825052925,0.9998754825052921,0.999875482505292,4.441445136121859e-16,1.1103612840304648e-16,4.675093587899242,4.675093587938954,3.9712233501632e-11
8040,0.9998756373585379,0.9998756373585376,0.9998756373585375,4.441444448264122e-16,1.1103611120660305e-16,4.675715826791594,4.675715826830946,3.935252124165345e-11
8050,0.9998757918271026,0.9998757918271023,0.9998757918271022,4.441443762115347e-16,1.1103609405288368e-16,4.67633729228385,4.676337292324114,4.026468047868548e-11
8060,0.9998759459124184,0.999875945912418,0.9998759459124178,5.551803847086469e-16,2.2207215388345873e-16,4.676957986296192,4.676957986336583,4.0390801814282895e-11
8070,0.9998760996159094,0.9998760996159091,0.9998760996159088,5.551802993649094e-16,2.2207211974596375e-16,4.6775779107416575,4.677577910782838,4.1180392429396306e-11
8080,0.9998762529389933,0.999876252938993,0.9998762529389927,5.55180214232419e-16,2.2207208569296756e-16,4.678197067526174,4.678197067566452,4.027800315498098e-11
8090,0.9998764058830802,0.9998764058830799,0.9998764058830799,3.3310807758623517e-16,0.0,4.678815458548603,4.678815458589178,4.057554292558052e-11
8100,0.9998765584495746,0.9998765584495742,0.9998765584495741,4.441440356784391e-16,1.1103600891960978e-16,4.679433085700767,4.679433085740947,4.0180303528813965e-11
8110,0.9998767106398722,0.9998767106398718,0.9998767106398718,3.331079760567686e-16,0.0,4.6800499508674855,4.68004995090805,4.056488478454412e-11
8120,0.9998768624553629,0.9998768624553626,0.9998768624553627,2.220719503197265e-16,1.1103597515986324e-16,4.680666055926612,4.680666055968595,4.198241754238552e-11
8130,0.9998770138974298,0.9998770138974294,0.9998770138974296,2.220719166845547e-16,1.1103595834227735e-16,4.6812814027490655,4.681281402791591,4.2525982735241996e-11
8140,0.9998771649674487,0.9998771649674484,0.9998771649674487,0.0,3.331078246980368e-16,4.681895993198866,4.681895993241505,4.263878139454391e-11
8150,0.9998773156667893,0.999877315666789,0.9998773156667894,1.1103592483091597e-16,4.441436993236639e-16,4.682509829133169,4.682509829175523,4.235456430023987e-11
8160,0.9998774659968142,0.9998774659968138,0.9998774659968142,0.0,3.3310772441051113e-16,4.683122912402299,4.683122912444468,4.2169823188942246e-11
8170,0.9998776159588789,0.9998776159588786,0.9998776159588789,0.0,3.331076744508747e-16,4.6837352448497835,4.683735244890976,4.119282692727211e-11
8180,0.9998777655543329,0.9998777655543326,0.9998777655543332,2.2207174974225933e-16,5.551793743556483e-16,4.68434682831238,4.684346828353136,4.0755843144779647e-11
8190,0.9998779147845193,0.9998779147845189,0.9998779147845196,3.331075748976065e-16,6.66215149795213e-16,4.684957664620118,4.68495766466267,4.25517399094133e-11
8200,0.999878063650774,0.9998780636507737,0.9998780636507743,2.2207168353538804e-16,5.551792088384701e-16,4.685567755596329,4.685567755637657,4.132783004706653e-11
8210,0.9998782121544268,0.9998782121544265,0.999878212154427,1.110358252764575e-16,4.4414330110583e-16,4.686177103057676,4.6861771030998165,4.214051330109214e-11
8220,0.9998783602968008,0.9998783602968004,0.9998783602968009,1.1103580882534565e-16,4.441432353013826e-16,4.686785708814189,4.686785708856314,4.212452608953754e-11
8230,0.9998785080792127,0.9998785080792124,0.9998785080792127,0.0,3.331073772426366e-16,4.687393574669298,4.687393574711586,4.228795091876236e-11
8240,0.9998786555029731,0.9998786555029727,0.999878655502973,1.1103577604291158e-16,2.2207155208582317e-16,4.688000702419863,4.688000702462795,4.2931880273044953e-11
8250,0.9998788025693855,0.9998788025693852,0.9998788025693855,0.0,3.3310727913389694e-16,4.688607093856203,4.68860709389437,3.816680305135378e-11
8260,0.9998789492797482,0.9998789492797479,0.9998789492797482,0.0,3.3310723025769074e-16,4.689212750762135,4.689212750799833,3.7698733024171815e-11
8270,0.9998790956353525,0.9998790956353522,0.9998790956353525,0.0,3.331071814996857e-16,4.689817674914998,4.6898176749508815,3.588329633430476e-11
8280,0.9998792416374833,0.999879241637483,0.9998792416374834,1.1103571095315123e-16,4.441428438126049e-16,4.690421868085693,4.690421868122848,3.715516783131534e-11
8290,0.9998793872874201,0.9998793872874198,0.9998793872874201,0.0,3.3310708433656836e-16,4.691025332038704,4.6910253320783335,3.962963290859989e-11
8300,0.9998795325864352,0.9998795325864349,0.9998795325864354,1.1103567864353522e-16,4.441427145741409e-16,4.691628068532137,4.691628068574482,4.234479433762317e-11
8310,0.9998796775357958,0.9998796775357954,0.999879677535796,2.2207132509409566e-16,5.551783127352392e-16,4.692230079317745,4.692230079361161,4.341593751178152e-11
8320,0.9998798221367624,0.9998798221367621,0.9998798221367624,0.0,3.331069394677618e-16,4.692831366140964,4.6928313661846,4.363620575986715e-11
8330,0.9998799663905893,0.999879966390589,0.9998799663905894,1.1103563047001415e-16,4.441425218800566e-16,4.693431930740939,4.6934319307837535,4.281464072164454e-11
8340,0.9998801102985252,0.9998801102985249,0.9998801102985253,1.110356144891898e-16,4.441424579567592e-16,4.694031774850553,4.694031774893937,4.338396308867232e-11
8350,0.9998802538618127,0.9998802538618123,0.999880253861813,3.331067956399287e-16,6.662135912798574e-16,4.694630900196466,4.694630900239553,4.3087311496492475e-11
8360,0.9998803970816884,0.9998803970816881,0.9998803970816887,3.3310674792670817e-16,6.662134958534163e-16,4.695229308499134,4.695229308543184,4.405009690344741e-11
8370,0.9998805399593832,0.9998805399593829,0.9998805399593836,4.441422671033302e-16,7.772489674308279e-16,4.695827001472845,4.695827001516499,4.3653969328261155e-11
8380,0.9998806824961218,0.9998806824961215,0.9998806824961222,3.3310665284188918e-16,6.6621330568377835e-16,4.696423980825745,4.696423980869349,4.360334315833825e-11
8390,0.9998808246931233,0.999880824693123,0.9998808246931236,2.2207107031298424e-16,5.551776757824606e-16,4.69702024825987,4.697020248306125,4.625544391956282e-11
8400,0.9998809665516007,0.9998809665516004,0.999880966551601,2.2207103880657e-16,5.55177597016425e-16,4.697615805471173,4.697615805514851,4.367795014559306e-11
8410,0.9998811080727615,0.9998811080727612,0.9998811080727619,3.3310651106262275e-16,6.662130221252455e-16,4.698210654149557,4.698210654194463,4.490541272161863e-11
8420,0.9998812492578076,0.9998812492578073,0.9998812492578079,2.2207097601825283e-16,5.55177440045632e-16,4.698804795978896,4.698804796023887,4.4990677849909844e-11
8430,0.9998813901079349,0.9998813901079345,0.999881390107935,1.110354723679086e-16,4.441418894716344e-16,4.699398232637073,4.69939823268387,4.67972327555799e-11
8440,0.9998815306243334,0.999881530624333,0.9998815306243336,2.2207091352751057e-16,5.551772838187764e-16,4.699990965795998,4.699990965844244,4.82458517581108e-11
8450,0.9998816708081882,0.9998816708081879,0.9998816708081883,1.1103544119653489e-16,4.441417647861395e-16,4.700582997121652,4.700582997171204,4.955236221348969e-11
8460,0.9998818106606782,0.9998818106606778,0.9998818106606784,2.2207085133223285e-16,5.551771283305821e-16,4.701174328274094,4.701174328321849,4.7754689092016633e-11
8470,0.999881950182977,0.9998819501829767,0.9998819501829772,2.220708203447391e-16,5.551770508618477e-16,4.701764960907507,4.701764960956916,4.9408477309498267e-11
8480,0.9998820893762526,0.9998820893762522,0.9998820893762528,2.2207078943032906e-16,5.551769735758227e-16,4.702354896670217,4.702354896718952,4.873523806736557e-11
8490,0.9998822282416676,0.9998822282416673,0.9998822282416676,0.0,3.3310613788311677e-16,4.702944137204719,4.702944137252325,4.760547511750701e-11
8500,0.9998823667803788,0.9998823667803785,0.9998823667803788,0.0,3.3310609172959254e-16,4.703532684147715,4.703532684194124,4.6408210607751244e-11
8510,0.9998825049935377,0.9998825049935374,0.9998825049935378,1.110353485615124e-16,4.441413942460496e-16,4.704120539130127,4.704120539175983,4.5855763630697766e-11
8520,0.9998826428822906,0.9998826428822902,0.9998826428822908,2.220706664983793e-16,5.551766662459483e-16,4.704707703777137,4.704707703822259,4.512212825602546e-11
8530,0.9998827804477785,0.9998827804477781,0.9998827804477787,2.2207063594553836e-16,5.551765898638459e-16,4.705294179708207,4.705294179753673,4.546585330444941e-11
8540,0.9998829176911367,0.9998829176911364,0.9998829176911369,2.220706054642497e-16,5.551765136606242e-16,4.705879968537101,4.705879968580029,4.292832755936615e-11
8550,0.9998830546134954,0.999883054613495,0.9998830546134955,1.1103528752713116e-16,4.441411501085246e-16,4.706465071871925,4.706465071914772,4.284661514475374e-11
8560,0.9998831912159792,0.9998831912159789,0.9998831912159795,2.220705447153263e-16,5.551763617883157e-16,4.707049491315145,4.707049491356792,4.164757427815857e-11
8570,0.9998833274997081,0.9998833274997078,0.9998833274997083,2.2207051444719293e-16,5.551762861179823e-16,4.707633228463611,4.707633228506801,4.319034019317769e-11
8580,0.9998834634657965,0.9998834634657962,0.9998834634657965,0.0,3.33105726374422e-16,4.70821628490859,4.708216284952777,4.418687638008123e-11
8590,0.9998835991153533,0.999883599115353,0.9998835991153533,0.0,3.3310568118351756e-16,4.708798662235789,4.70879866227724,4.1451286847404845e-11
8600,0.9998837344494828,0.9998837344494824,0.9998837344494826,1.1103521203256944e-16,2.220704240651389e-16,4.709380362025375,4.709380362062711,3.7335468050514464e-11
8610,0.9998838694692836,0.9998838694692833,0.9998838694692834,2.22070394077752e-16,1.11035197038876e-16,4.709961385852015,4.7099613858880724,3.6057379304565984e-11
8620,0.99988400417585,0.9998840041758497,0.9998840041758497,3.331055462399121e-16,0.0,4.710541735284885,4.710541735321294,3.6409097958767234e-11
8630,0.9998841385702704,0.99988413857027,0.9998841385702699,4.441406686229305e-16,1.1103516715573263e-16,4.7111214118877065,4.7111214119267055,3.89990262306128e-11
8640,0.9998842726536284,0.9998842726536281,0.999884272653628,4.441406090641657e-16,1.1103515226604142e-16,4.711700417218771,4.711700417255906,3.7134739727662236e-11
8650,0.999884406427003,0.9998844064270027,0.9998844064270026,4.441405496431089e-16,1.1103513741077723e-16,4.712278752830958,4.7122787528714065,4.04485334115634e-11
8660,0.9998845398914677,0.9998845398914674,0.9998845398914675,2.2207024517964156e-16,1.1103512258982078e-16,4.712856420271767,4.712856420310254,3.8486547282445827e-11
8670,0.9998846730480915,0.9998846730480911,0.9998846730480914,1.1103510780305343e-16,2.2207021560610687e-16,4.713433421083341,4.713433421122226,3.888533939289118e-11
8680,0.9998848058979382,0.9998848058979378,0.999884805897938,1.1103509305035697e-16,2.2207018610071393e-16,4.714009756802488,4.714009756842551,4.006306397741355e-11
8690,0.9998849384420666,0.9998849384420663,0.9998849384420665,1.1103507833161376e-16,2.2207015666322753e-16,4.714585428960709,4.71458542899918,3.8470560070891224e-11
8700,0.999885070681531,0.9998850706815307,0.9998850706815309,1.1103506364670675e-16,2.220701272934135e-16,4.715160439084224,4.715160439121882,3.765787681686561e-11
8710,0.9998852026173805,0.9998852026173801,0.9998852026173803,1.1103504899551938e-16,2.2207009799103876e-16,4.715734788693989,4.715734788731333,3.7344349834711466e-11
8720,0.9998853342506593,0.999885334250659,0.9998853342506593,0.0,3.3310510313380704e-16,4.7163084793057255,4.716308479342751,3.702549378203912e-11
8730,0.9998854655824075,0.9998854655824072,0.9998854655824075,0.0,3.3310505938152034e-16,4.7168815124299455,4.716881512464078,3.413269666907581e-11
8740,0.9998855966136599,0.9998855966136596,0.9998855966136597,2.2207001048623555e-16,1.1103500524311777e-16,4.717453889571975,4.717453889605076,3.310063334538427e-11
8750,0.9998857273454465,0.9998857273454461,0.9998857273454462,2.2206998145130846e-16,1.1103499072565423e-16,4.718025612231971,4.718025612262772,3.080113941678064e-11
8760,0.9998858577787927,0.9998858577787924,0.9998858577787924,3.331049287240067e-16,0.0,4.718596681904953,4.718596681934195,2.924238629020692e-11
8770,0.9998859879147194,0.999885987914719,0.9998859879147189,4.441398471601937e-16,1.1103496179004843e-16,4.719167100080824,4.719167100110917,3.009237303785994e-11
8780,0.9998861177542424,0.9998861177542421,0.9998861177542421,3.3310484211503987e-16,0.0,4.719736868244395,4.719736868275413,3.1017854951187473e-11
8790,0.9998862472983735,0.9998862472983732,0.9998862472983734,1.1103493298611776e-16,2.220698659722355e-16,4.7203059878754035,4.720305987908341,3.2937208516159444e-11
8800,0.9998863765481197,0.9998863765481194,0.9998863765481195,2.220698372665001e-16,1.1103491863325004e-16,4.720874460448544,4.720874460481263,3.2718716624913213e-11
8810,0.9998865055044833,0.999886505504483,0.999886505504483,3.331047129388963e-16,0.0,4.721442287433484,4.7214422874675614,3.4077629607054405e-11
8820,0.9998866341684619,0.9998866341684616,0.9998866341684616,3.331046700754594e-16,0.0,4.722009470294888,4.722009470327884,3.299582829185965e-11
8830,0.9998867625410489,0.9998867625410486,0.9998867625410486,3.331046273091084e-16,0.0,4.722576010492445,4.7225760105265175,3.4072300536536204e-11
8840,0.999886890623233,0.9998868906232327,0.9998868906232327,3.331045846395139e-16,0.0,4.723141909480888,4.723141909515015,3.412736759855761e-11
8850,0.9998870184159986,0.9998870184159983,0.9998870184159981,4.441393894217971e-16,1.1103484735544927e-16,4.723707168710013,4.723707168743112,3.309885698854487e-11
8860,0.9998871459203253,0.999887145920325,0.999887145920325,3.331044995892837e-16,0.0,4.724271789624708,4.724271789653266,2.8558488907037827e-11
8870,0.999887273137189,0.9998872731371886,0.9998872731371886,3.331044572079965e-16,0.0,4.724835773664967,4.7248357736933935,2.8426150322502508e-11
8880,0.9998874000675603,0.9998874000675599,0.9998874000675599,3.3310441492216267e-16,0.0,4.725399122265921,4.7253991222932195,2.729816372948335e-11
8890,0.9998875267124061,0.9998875267124058,0.9998875267124058,3.331043727314601e-16,0.0,4.725961836857856,4.725961836886108,2.8252067352241284e-11
8900,0.9998876530726888,0.9998876530726885,0.9998876530726885,3.33104330635568e-16,0.0,4.726523918866232,4.726523918894508,2.8276048169573187e-11
8910,0.9998877791493662,0.9998877791493659,0.999887779149366,2.2206952575611156e-16,1.1103476287805578e-16,4.727085369711705,4.727085369740871,2.916600294611271e-11
8920,0.9998879049433922,0.9998879049433919,0.999887904943392,2.220694978179601e-16,1.1103474890898006e-16,4.727646190810154,4.727646190840368,3.021405348135886e-11
8930,0.9998880304557164,0.9998880304557161,0.9998880304557161,3.331042049135702e-16,0.0,4.7282063835727,4.7282063836009,2.8199664825478976e-11
8940,0.9998881556872835,0.9998881556872832,0.9998881556872833,2.2206944212916164e-16,1.1103472106458082e-16,4.728765949405725,4.728765949434,2.8275159991153487e-11
8950,0.9998882806390351,0.9998882806390348,0.9998882806390348,3.331041215671433e-16,0.0,4.72932488971089,4.729324889736653,2.5763391420241533e-11
8960,0.9998884053119075,0.9998884053119071,0.9998884053119071,3.3310408003346075e-16,0.0,4.729883205885167,4.7298832059131195,2.795275122480234e-11
8970,0.9998885297068335,0.9998885297068332,0.9998885297068332,3.331040385923839e-16,0.0,4.730440899320851,4.730440899347649,2.679811927919218e-11
8980,0.9998886538247415,0.9998886538247411,0.9998886538247411,3.331039972436035e-16,0.0,4.730997971405586,4.730997971435408,2.9822366798271105e-11
8990,0.9998887776665558,0.9998887776665555,0.9998887776665555,3.331039559868114e-16,0.0,4.731554423522375,4.73155442355337,3.099476231227527e-11
9000,0.999888901233197,0.9998889012331966,0.9998889012331963,6.662078296434023e-16,3.3310391482170113e-16,4.732110257049619,4.73211025708033,3.071054521797123e-11
9010,0.9998890245255806,0.9998890245255803,0.9998890245255798,7.772423720785905e-16,4.441384983306231e-16,4.73266547336112,4.732665473389624,2.850431002343612e-11
9020,0.9998891475446188,0.9998891475446184,0.9998891475446181,6.662076655306123e-16,3.3310383276530613e-16,4.733220073826112,4.733220073856409,3.029754225281067e-11
9030,0.9998892702912199,0.9998892702912195,0.9998892702912191,7.772421810379682e-16,4.441383891645533e-16,4.733774059809275,4.733774059841289,3.2013502959671314e-11
9040,0.9998893927662875,0.9998893927662872,0.999889392766287,5.551729184533208e-16,2.2206916738132833e-16,4.73432743267076,4.734327432701229,3.0468960687812796e-11
9050,0.9998895149707221,0.9998895149707218,0.9998895149707214,6.66207420721478e-16,3.33103710360739e-16,4.734880193766206,4.734880193796834,3.062794462493912e-11
9060,0.9998896369054195,0.9998896369054192,0.9998896369054189,6.662073394787115e-16,3.3310366973935573e-16,4.735432344446764,4.735432344479613,3.284927885260913e-11
9070,0.9998897585712717,0.9998897585712714,0.999889758571271,6.662072584150912e-16,3.331036292075456e-16,4.73598388605911,4.735983886093799,3.468958453822779e-11
9080,0.999889879969167,0.9998898799691667,0.9998898799691663,6.662071775300252e-16,3.331035887650126e-16,4.736534819945468,4.736534819979988,3.451994246006507e-11
9090,0.9998900010999897,0.9998900010999894,0.999890001099989,6.662070968229239e-16,3.3310354841146195e-16,4.737085147443632,4.737085147476955,3.33226779503093e-11
9100,0.99989012196462,0.9998901219646197,0.9998901219646192,7.772415190087346e-16,4.441380108621341e-16,4.737634869886984,4.737634869921657,3.467359732667319e-11
9110,0.9998902425639344,0.9998902425639341,0.9998902425639337,7.77241425263651e-16,4.441379572935149e-16,4.738183988604511,4.738183988640139,3.5627500949431123e-11
9120,0.9998903628988056,0.9998903628988053,0.999890362898805,6.662068557635561e-16,3.3310342788177806e-16,4.7387325049208275,4.738732504952986,3.2158276042082434e-11
9130,0.9998904829701026,0.9998904829701023,0.9998904829701019,7.772412383895524e-16,4.441378505083156e-16,4.739280420156193,4.73928042018806,3.186695352042079e-11
9140,0.9998906027786902,0.9998906027786899,0.9998906027786895,7.772411452591892e-16,4.441377972909652e-16,4.739827735626533,4.739827735656854,3.0320634891722875e-11
9150,0.9998907223254296,0.9998907223254293,0.9998907223254289,7.772410523323897e-16,4.441377441899369e-16,4.740374452643454,4.740374452672676,2.922195818655382e-11
9160,0.9998908416111786,0.9998908416111782,0.9998908416111778,7.772409596084871e-16,4.441376912048497e-16,4.740920572514264,4.740920572541563,2.729905190790305e-11
9170,0.9998909606367905,0.9998909606367902,0.9998909606367898,6.662064575029865e-16,3.3310322875149325e-16,4.741466096541993,4.741466096569547,2.7553959114356985e-11
9180,0.9998910794031157,0.9998910794031154,0.9998910794031152,5.551719819762288e-16,2.220687927904915e-16,4.742011026025413,4.742011026055388,2.9975133486459526e-11
9190,0.9998911979110006,0.9998911979110002,0.9998911979109999,6.66206299412175e-16,3.331031497060875e-16,4.7425553622590515,4.742555362292387,3.33351124481851e-11
9200,0.9998913161612876,0.9998913161612872,0.9998913161612868,7.772405907286137e-16,4.441374804163506e-16,4.743099106533213,4.74309910656475,3.1536551148292347e-11
9210,0.9998914341548157,0.9998914341548154,0.9998914341548149,8.882748560106247e-16,5.551717850066404e-16,4.743642260133998,4.743642260162141,2.8142821406618168e-11
9220,0.9998915518924201,0.9998915518924197,0.9998915518924195,5.551717196349549e-16,2.2206868785398197e-16,4.74418482434332,4.744184824372405,2.908517870992e-11
9230,0.9998916693749331,0.9998916693749328,0.9998916693749323,7.772403161668877e-16,4.441373235239359e-16,4.744726800438922,4.7447268004651955,2.6273205833149404e-11
9240,0.9998917866031825,0.9998917866031821,0.9998917866031815,9.993088607689355e-16,6.662059071792904e-16,4.7452681896944,4.745268189721082,2.6681767906211462e-11
9250,0.9998919035779925,0.9998919035779922,0.9998919035779915,9.993087438623343e-16,6.662058292415561e-16,4.745808993379214,4.745808993402442,2.3228530210417375e-11
9260,0.9998920203001845,0.9998920203001842,0.9998920203001835,9.993086272082308e-16,6.662057514721539e-16,4.746349212758712,4.74634921278257,2.3857360531565064e-11
9270,0.999892136770576,0.9998921367705756,0.9998921367705749,1.1103427897842317e-15,7.772399528489621e-16,4.746888849094143,4.746888849116567,2.2423840562169062e-11
9280,0.9998922529899805,0.9998922529899802,0.9998922529899795,9.993083946542533e-16,6.662055964361688e-16,4.747427903642676,4.747427903666812,2.4135360376931203e-11
9290,0.9998923689592089,0.9998923689592085,0.9998923689592079,9.993082787527553e-16,6.662055191685035e-16,4.7479663776574235,4.747966377682951,2.55271359606013e-11
9300,0.9998924846790678,0.9998924846790674,0.9998924846790668,9.993081631005077e-16,6.662054420670053e-16,4.7485042723874455,4.74850427241281,2.5364599309796176e-11
9310,0.9998926001503606,0.9998926001503603,0.9998926001503597,8.882738201748515e-16,5.551711376092821e-16,4.749041589077784,4.749041589104217,2.6433077948695427e-11
9320,0.9998927153738878,0.9998927153738875,0.9998927153738869,8.88273717813827e-16,5.551710736336418e-16,4.749578328969463,4.749578328995903,2.6440183376053028e-11
9330,0.9998928303504456,0.9998928303504453,0.9998928303504447,8.88273615672226e-16,5.551710097951412e-16,4.750114493299521,4.750114493324781,2.525979425627156e-11
9340,0.9998929450808273,0.9998929450808269,0.9998929450808265,7.772393245306757e-16,4.441367568746718e-16,4.750650083301018,4.750650083327764,2.674571675242987e-11
9350,0.9998930595658228,0.9998930595658224,0.9998930595658219,8.882734120444781e-16,5.551708825277988e-16,4.751185100203056,4.751185100229031,2.5974777884130162e-11
9360,0.9998931738062183,0.999893173806218,0.9998931738062173,9.993074743765472e-16,6.662049829176981e-16,4.751719545230794,4.7517195452582195,2.7425173243500467e-11
9370,0.9998932878027968,0.9998932878027965,0.9998932878027958,9.993073604467565e-16,6.662049069645043e-16,4.752253419605471,4.7522534196322335,2.6762592142404174e-11
9380,0.9998934015563383,0.999893401556338,0.9998934015563373,9.993072467598863e-16,6.662048311732575e-16,4.752786724544416,4.752786724567977,2.3560708939385222e-11
9390,0.9998935150676187,0.9998935150676184,0.9998935150676179,7.772388814673473e-16,4.441365036956271e-16,4.7533194612610625,4.753319461282353,2.1290524898631702e-11
9400,0.9998936283374117,0.9998936283374114,0.9998936283374109,7.772387934202944e-16,4.441364533830254e-16,4.753851630964977,4.7538516309868095,2.1832313734648778e-11
9410,0.9998937413664868,0.9998937413664865,0.999893741366486,7.772387055603766e-16,4.441364031773581e-16,4.754383234861862,4.754383234883698,2.183586644832758e-11
9420,0.9998938541556105,0.9998938541556102,0.9998938541556098,6.662045296174267e-16,3.3310226480871337e-16,4.754914274153584,4.75491427417719,2.360600603878993e-11
9430,0.9998939667055461,0.9998939667055458,0.9998939667055455,5.55170378856832e-16,2.220681515427328e-16,4.755444750038179,4.7554447500623604,2.418154565475561e-11
9440,0.9998940790170538,0.9998940790170535,0.9998940790170533,5.551703164982046e-16,2.2206812659928184e-16,4.7559746637098765,4.755974663734286,2.4409807508618542e-11
9450,0.9998941910908905,0.9998941910908902,0.9998941910908898,6.662043051258638e-16,3.331021525629319e-16,4.756504016359111,4.7565040163825865,2.347544381109401e-11
9460,0.9998943029278095,0.9998943029278091,0.9998943029278089,5.551701921764591e-16,2.2206807687058364e-16,4.757032809172542,4.75703280919688,2.4337865056622832e-11
9470,0.9998944145285613,0.999894414528561,0.9998944145285609,4.441361041700045e-16,1.1103402604250113e-16,4.757561043333069,4.757561043354053,2.098410334383516e-11
9480,0.9998945258938934,0.999894525893893,0.999894525893893,3.331020410275667e-16,0.0,4.75808872001984,4.758088720040086,2.0246027077064355e-11
9490,0.9998946370245498,0.9998946370245495,0.9998946370245496,2.22068002670545e-16,1.110340013352725e-16,4.758615840408282,4.758615840428228,1.9945822771205712e-11
9500,0.9998947479212716,0.9998947479212713,0.9998947479212714,2.2206797804133923e-16,1.1103398902066961e-16,4.759142405670106,4.759142405688089,1.7982948463668436e-11
9510,0.9998948585847968,0.9998948585847964,0.9998948585847965,2.2206795346392985e-16,1.1103397673196492e-16,4.75966841697332,4.759668416992917,1.9596768652263563e-11
9520,0.99989496901586,0.9998949690158596,0.9998949690158597,2.220679289381537e-16,1.1103396446907684e-16,4.760193875482257,4.760193875503227,2.0970780667539657e-11
9530,0.9998950792151926,0.9998950792151923,0.9998950792151925,1.1103395223192412e-16,2.2206790446384823e-16,4.760718782357575,4.760718782379535,2.1960211427085596e-11
9540,0.9998951891835238,0.9998951891835235,0.9998951891835237,1.1103394002042579e-16,2.2206788004085157e-16,4.761243138756288,4.761243138778718,2.2430057811106963e-11
9550,0.9998952989215789,0.9998952989215786,0.9998952989215789,0.0,3.3310178350350375e-16,4.761766945831767,4.761766945854014,2.2247093056648737e-11
9560,0.9998954084300806,0.9998954084300803,0.9998954084300805,1.1103391567407032e-16,2.2206783134814063e-16,4.76229020473377,4.762290204756845,2.3075763522228954e-11
9570,0.9998955177097484,0.999895517709748,0.9998955177097482,2.22067807078106e-16,1.11033903539053e-16,4.76281291660844,4.762812916633174,2.4733992631809087e-11
9580,0.9998956267612986,0.9998956267612983,0.9998956267612984,2.2206778285873956e-16,1.1103389142936978e-16,4.763335082598338,4.763335082621688,2.3350210653916292e-11
9590,0.9998957355854449,0.9998957355854445,0.9998957355854446,2.220677586898827e-16,1.1103387934494136e-16,4.76385670384244,4.763856703864712,2.227196205240034e-11
9600,0.9998958441828978,0.9998958441828975,0.9998958441828976,2.220677345713777e-16,1.1103386728568885e-16,4.764377781476167,4.764377781499115,2.2947865829792136e-11
9610,0.9998959525543648,0.9998959525543645,0.9998959525543648,0.0,3.331015657546008e-16,4.764898316631394,4.764898316654489,2.3095303447462356e-11
9620,0.9998960607005509,0.9998960607005506,0.9998960607005509,0.0,3.3310152972719223e-16,4.765418310436461,4.765418310460427,2.396571829876848e-11
9630,0.9998961686221577,0.9998961686221574,0.9998961686221576,1.110338312582023e-16,2.220676625164046e-16,4.765937764016194,4.765937764041063,2.4868995751603507e-11
9640,0.999896276319884,0.9998962763198836,0.9998962763198839,1.1103381929887069e-16,2.2206763859774137e-16,4.7664566784919185,4.766456678518716,2.679723110077248e-11
9650,0.9998963837944256,0.9998963837944252,0.9998963837944255,1.1103380736432525e-16,2.220676147286505e-16,4.766975054981466,4.766975055008424,2.69579913947382e-11
9660,0.9998964910464757,0.9998964910464754,0.9998964910464755,2.22067590908978e-16,1.11033795454489e-16,4.767492894599202,4.767492894628867,2.966515921798418e-11
9670,0.9998965980767244,0.999896598076724,0.9998965980767243,1.110337835692853e-16,2.220675671385706e-16,4.768010198456029,4.768010198484171,2.8141933228198468e-11
9680,0.9998967048858591,0.9998967048858588,0.9998967048858589,2.220675434172756e-16,1.110337717086378e-16,4.768526967659406,4.768526967685738,2.6331825608849613e-11
9690,0.9998968114745642,0.9998968114745639,0.999896811474564,2.2206751974494104e-16,1.1103375987247052e-16,4.7690432033133625,4.769043203341334,2.7971402971616044e-11
9700,0.9998969178435215,0.9998969178435212,0.9998969178435213,2.220674961214153e-16,1.1103374806070766e-16,4.769558906518511,4.76955890654417,2.5659474545136618e-11
9710,0.9998970239934097,0.9998970239934094,0.9998970239934095,2.220674725465478e-16,1.110337362732739e-16,4.770074078372062,4.770074078398374,2.631228568361621e-11
9720,0.999897129924905,0.9998971299249046,0.9998971299249049,1.110337245100941e-16,2.220674490201882e-16,4.770588719967839,4.770588719995339,2.7499780230755277e-11
9730,0.9998972356386807,0.9998972356386804,0.9998972356386805,2.22067425542187e-16,1.110337127710935e-16,4.7711028323962905,4.77110283242282,2.652988939644274e-11
9740,0.9998973411354073,0.999897341135407,0.9998973411354071,2.2206740211239527e-16,1.1103370105619763e-16,4.771616416744504,4.771616416772212,2.7708502159384807e-11
9750,0.9998974464157525,0.9998974464157522,0.9998974464157522,3.3310106809599697e-16,0.0,4.7721294740962215,4.772129474125813,2.959144040914907e-11
9760,0.9998975514803814,0.9998975514803811,0.9998975514803811,3.3310103309527113e-16,0.0,4.7726420055318535,4.772642005560464,2.8610891433800134e-11
9770,0.9998976563299563,0.999897656329956,0.999897656329956,3.331009981661946e-16,0.0,4.773154012128488,4.773154012158465,2.9976909843298927e-11
9780,0.9998977609651367,0.9998977609651364,0.9998977609651365,2.2206730887236516e-16,1.1103365443618258e-16,4.7736654949599115,4.7736654949912,3.128874936919601e-11
9790,0.9998978653865798,0.9998978653865794,0.9998978653865795,2.220672856814077e-16,1.1103364284070386e-16,4.774176455096617,4.774176455130054,3.3437252966450615e-11
9800,0.9998979695949397,0.9998979695949394,0.9998979695949393,4.441345250755575e-16,1.1103363126888939e-16,4.774686893605818,4.774686893639136,3.33182370582108e-11
9810,0.9998980735908679,0.9998980735908676,0.9998980735908674,5.551680986033339e-16,2.2206723944133357e-16,4.775196811551463,4.775196811586192,3.47295525671143e-11
9820,0.9998981773750131,0.9998981773750127,0.9998981773750127,3.3310082458789194e-16,0.0,4.775706209994252,4.775706210029875,3.562306005733262e-11
9830,0.999898280948022,0.9998982809480217,0.9998982809480216,4.441343867788368e-16,1.110335966947092e-16,4.77621508999164,4.776215090025198,3.355804523152983e-11
9840,0.9998983843105378,0.9998983843105375,0.9998983843105376,2.220671704336619e-16,1.1103358521683094e-16,4.77672345259786,4.776723452632631,3.47712969528402e-11
9850,0.9998984874632019,0.9998984874632015,0.9998984874632018,1.1103357376225803e-16,2.2206714752451607e-16,4.777231298863936,4.777231298898095,3.4159342021666816e-11
9860,0.9998985904066527,0.9998985904066524,0.9998985904066525,2.220671246618391e-16,1.1103356233091955e-16,4.777738629837689,4.777738629872965,3.5275782295229874e-11
9870,0.9998986931415261,0.9998986931415258,0.9998986931415257,4.441342036909795e-16,1.1103355092274488e-16,4.778245446563753,4.778245446599521,3.5767833139743743e-11
9880,0.999898795668455,0.9998987956684546,0.9998987956684546,3.3310061861299105e-16,0.0,4.778751750083591,4.778751750116407,3.281552807266053e-11
9890,0.9998988979880704,0.9998988979880701,0.99989889798807,4.441341127024236e-16,1.110335281756059e-16,4.779257541435503,4.7792575414695415,3.40385497565876e-11
9900,0.9998990001010003,0.999899000101,0.9998990001009999,4.441340673460071e-16,1.1103351683650177e-16,4.779762821654642,4.779762821686654,3.2011726602831914e-11
9910,0.9998991020078705,0.9998991020078701,0.99989910200787,4.441340220811272e-16,1.110335055202818e-16,4.780267591773028,4.780267591804567,3.153921568355145e-11
9920,0.999899203709304,0.9998992037093036,0.9998992037093035,4.441339769075071e-16,1.1103349422687678e-16,4.780771852819556,4.780771852851012,3.1455726912099635e-11
9930,0.9998993052059213,0.999899305205921,0.9998993052059209,4.441339318248713e-16,1.1103348295621783e-16,4.781275605820013,4.781275605853716,3.370281831394095e-11
9940,0.9998994064983407,0.9998994064983404,0.9998994064983402,5.551673585411811e-16,2.2206694341647245e-16,4.781778851797085,4.781778851829494,3.240874235643787e-11
9950,0.9998995075871777,0.9998995075871774,0.9998995075871772,5.551673024143183e-16,2.220669209657273e-16,4.7822815917703805,4.782281591802438,3.205791188065632e-11
9960,0.9998996084730453,0.9998996084730449,0.9998996084730448,4.441337971201279e-16,1.1103344928003197e-16,4.782783826756425,4.782783826787544,3.111910729103329e-11
9970,0.9998997091565545,0.9998997091565541,0.999899709156554,4.441337523986935e-16,1.1103343809967337e-16,4.783285557768695,4.783285557801627,3.2932767624060943e-11
9980,0.9998998096383134,0.999899809638313,0.9998998096383128,5.551671347086015e-16,2.220668538834406e-16,4.78378678581761,4.783786785848769,3.1159075319919793e-11
9990,0.9998999099189276,0.9998999099189273,0.9998999099189271,5.551670790305275e-16,2.2206683161221096e-16,4.784287511910561,4.784287511940328,2.97672997362497e-11
10000,0.9999000099990007,0.9999000099990004,0.9999000099990001,6.662004281565715e-16,3.3310021407828574e-16,4.784787737051912,4.784787737080387,2.8475000135586015e-11
